time,ITAir,ITLiq
0,237152.3135,237152.3135
3600,270714.3628,270714.3628
7200,258502.9974,258502.9974
10800,261251.3369,261251.3369
14400,252078.7196,252078.7196
18000,249567.6201,249567.6201
21600,236424.8941,236424.8941
25200,256183.9944,256183.9944
28800,286484.8894,286484.8894
32400,292691.2236,292691.2236
36000,297012.2984,297012.2984
39600,304306.3002,304306.3002
43200,291539.7089,291539.7089
46800,343641.8223,343641.8223
50400,361644.4441,361644.4441
54000,322994.9335,322994.9335
57600,319876.7766,319876.7766
61200,337145.6714,337145.6714
64800,382704.9626,382704.9626
68400,394427.2982,394427.2982
72000,383255.2663,383255.2663
75600,359213.5886,359213.5886
79200,372979.5103,372979.5103
82800,348068.9224,348068.9224
86400,371851.8295,371851.8295
90000,386943.3196,386943.3196
93600,350040.1262,350040.1262
97200,336326.7497,336326.7497
100800,304854.2418,304854.2418
104400,356162.7113,356162.7113
108000,335854.1857,335854.1857
111600,339702.246,339702.246
115200,281577.0614,281577.0614
118800,303681.1476,303681.1476
122400,303781.2078,303781.2078
126000,288144.67,288144.67
129600,306771.3206,306771.3206
133200,344152.8456,344152.8456
136800,331763.3282,331763.3282
140400,348632.6603,348632.6603
144000,330007.2177,330007.2177
147600,331539.9227,331539.9227
151200,344936.1561,344936.1561
154800,357821.4858,357821.4858
158400,325524.5903,325524.5903
162000,312645.7912,312645.7912
165600,323579.1294,323579.1294
169200,343838.2713,343838.2713
172800,350719.0632,350719.0632
176400,367206.0287,367206.0287
180000,329709.8512,329709.8512
183600,329651.758,329651.758
187200,293798.3657,293798.3657
190800,284901.1679,284901.1679
194400,270963.5457,270963.5457
198000,291807.9084,291807.9084
201600,303767.4662,303767.4662
205200,322230.7432,322230.7432
208800,334968.2432,334968.2432
212400,345098.2565,345098.2565
216000,339952.2053,339952.2053
219600,337025.5974,337025.5974
223200,338860.0546,338860.0546
226800,354012.7288,354012.7288
230400,357791.8459,357791.8459
234000,359466.1529,359466.1529
237600,334243.5383,334243.5383
241200,352309.5165,352309.5165
244800,324676.6263,324676.6263
248400,334117.3359,334117.3359
252000,338870.8936,338870.8936
255600,326621.4742,326621.4742
259200,316780.7405,316780.7405
262800,320364.6543,320364.6543
266400,303429.3271,303429.3271
270000,332376.598,332376.598
273600,323786.6655,323786.6655
277200,323327.5471,323327.5471
280800,289864.9242,289864.9242
284400,285118.7118,285118.7118
288000,309285.8975,309285.8975
291600,280461.4536,280461.4536
295200,296151.0161,296151.0161
298800,325519.8595,325519.8595
302400,304387.9077,304387.9077
306000,367976.5246,367976.5246
309600,332412.7584,332412.7584
313200,358049.9225,358049.9225
316800,343716.8887,343716.8887
320400,393504.4493,393504.4493
324000,375987.9881,375987.9881
327600,392782.5304,392782.5304
331200,416507.6783,416507.6783
334800,419790.9728,419790.9728
338400,412957.4299,412957.4299
342000,411144.8538,411144.8538
345600,395160.4977,395160.4977
349200,362803.4661,362803.4661
352800,315359.3366,315359.3366
356400,306918.415,306918.415
360000,298842.8021,298842.8021
363600,301070.2677,301070.2677
367200,273899.8083,273899.8083
370800,255447.7174,255447.7174
374400,264174.5666,264174.5666
378000,302104.3086,302104.3086
381600,264531.4768,264531.4768
385200,310877.5018,310877.5018
388800,284634.4661,284634.4661
392400,332118.506,332118.506
396000,328749.878,328749.878
399600,336498.2643,336498.2643
403200,301190.1651,301190.1651
406800,309461.2044,309461.2044
410400,314334.7399,314334.7399
414000,288215.4502,288215.4502
417600,276103.5611,276103.5611
421200,269530.4423,269530.4423
424800,260834.7808,260834.7808
428400,269545.9952,269545.9952
432000,286925.2356,286925.2356
435600,338959.4704,338959.4704
439200,267934.5296,267934.5296
442800,284138.68,284138.68
446400,281301.6834,281301.6834
450000,276279.7261,276279.7261
453600,275146.6074,275146.6074
457200,277348.8525,277348.8525
460800,303199.3651,303199.3651
464400,277646.2869,277646.2869
468000,300989.1157,300989.1157
471600,294673.8121,294673.8121
475200,283473.2033,283473.2033
478800,331069.4153,331069.4153
482400,305412.3373,305412.3373
486000,312456.4283,312456.4283
489600,299803.6304,299803.6304
493200,306561.8157,306561.8157
496800,299636.975,299636.975
500400,285351.9697,285351.9697
504000,301014.132,301014.132
507600,284903.3515,284903.3515
511200,281826.5563,281826.5563
514800,277894.0429,277894.0429
518400,311485.9215,311485.9215
522000,297486.6356,297486.6356
525600,271635.0139,271635.0139
529200,241610.4831,241610.4831
532800,239105.4263,239105.4263
536400,239873.3091,239873.3091
540000,247256.1262,247256.1262
543600,270482.6746,270482.6746
547200,270425.1513,270425.1513
550800,260958.0583,260958.0583
554400,266827.8426,266827.8426
558000,256886.264,256886.264
561600,266600.4254,266600.4254
565200,286706.0178,286706.0178
568800,269557.3011,269557.3011
572400,287340.0158,287340.0158
576000,264790.352,264790.352
579600,267069.0695,267069.0695
583200,288654.8371,288654.8371
586800,268733.4734,268733.4734
590400,247305.4264,247305.4264
594000,275189.8401,275189.8401
597600,254406.9714,254406.9714
601200,261955.591,261955.591
604800,283994.0135,283994.0135
608400,278014.7873,278014.7873
612000,293331.7937,293331.7937
615600,327090.1256,327090.1256
619200,290481.931,290481.931
622800,285040.7993,285040.7993
626400,300237.7229,300237.7229
630000,278595.8856,278595.8856
633600,283020.5976,283020.5976
637200,263929.1255,263929.1255
640800,256506.621,256506.621
644400,294365.8622,294365.8622
648000,286531.9695,286531.9695
651600,308331.3216,308331.3216
655200,297763.1324,297763.1324
658800,319560.8584,319560.8584
662400,321227.7624,321227.7624
666000,325924.5798,325924.5798
669600,317271.8645,317271.8645
673200,337394.8277,337394.8277
676800,342494.8508,342494.8508
680400,315759.0667,315759.0667
684000,310849.8114,310849.8114
687600,352158.0572,352158.0572
691200,347051.9576,347051.9576
694800,363986.1618,363986.1618
698400,290108.1014,290108.1014
702000,339489.313,339489.313
705600,377944.9681,377944.9681
709200,375000.5099,375000.5099
712800,343115.0932,343115.0932
716400,363837.3401,363837.3401
720000,380057.9784,380057.9784
723600,376173.0292,376173.0292
727200,398813.6045,398813.6045
730800,360737.5221,360737.5221
734400,395885.9988,395885.9988
738000,406189.1922,406189.1922
741600,393437.5467,393437.5467
745200,358517.0692,358517.0692
748800,349708.834,349708.834
752400,328044.9139,328044.9139
756000,332861.0037,332861.0037
759600,334380.1814,334380.1814
763200,361725.9819,361725.9819
766800,380732.8715,380732.8715
770400,354464.3524,354464.3524
774000,337919.8666,337919.8666
777600,311893.3967,311893.3967
781200,345632.964,345632.964
784800,334669.7512,334669.7512
788400,297597.8845,297597.8845
792000,274786.4317,274786.4317
795600,292336.5162,292336.5162
799200,299718.3832,299718.3832
802800,286872.0652,286872.0652
806400,365644.2022,365644.2022
810000,341200.0268,341200.0268
813600,384427.0203,384427.0203
817200,343917.374,343917.374
820800,368873.5293,368873.5293
824400,359534.6336,359534.6336
828000,384325.8649,384325.8649
831600,373861.3456,373861.3456
835200,353702.9358,353702.9358
838800,355950.7904,355950.7904
842400,337835.8328,337835.8328
846000,320960.6633,320960.6633
849600,365148.9113,365148.9113
853200,351239.1632,351239.1632
856800,346181.7031,346181.7031
860400,357475.5269,357475.5269
864000,362206.8215,362206.8215
867600,365627.3687,365627.3687
871200,418579.4821,418579.4821
874800,358192.4146,358192.4146
878400,347221.2802,347221.2802
882000,330691.6071,330691.6071
885600,294251.1677,294251.1677
889200,313815.2737,313815.2737
892800,325399.6757,325399.6757
896400,314170.3742,314170.3742
900000,297649.4509,297649.4509
903600,310896.2268,310896.2268
907200,312146.9022,312146.9022
910800,351484.064,351484.064
914400,349464.9638,349464.9638
918000,355954.7723,355954.7723
921600,357562.9314,357562.9314
925200,381495.8131,381495.8131
928800,364399.9935,364399.9935
932400,346462.5417,346462.5417
936000,355323.8319,355323.8319
939600,336633.5313,336633.5313
943200,334924.7305,334924.7305
946800,335098.7946,335098.7946
950400,353991.0123,353991.0123
954000,380980.8909,380980.8909
957600,352346.1244,352346.1244
961200,307064.1445,307064.1445
964800,296996.7584,296996.7584
968400,324659.2706,324659.2706
972000,291872.4655,291872.4655
975600,276911.4012,276911.4012
979200,296054.8643,296054.8643
982800,306324.1097,306324.1097
986400,280403.4048,280403.4048
990000,306873.383,306873.383
993600,319113.514,319113.514
997200,329950.0397,329950.0397
1000800,343287.2435,343287.2435
1004400,348684.6419,348684.6419
1008000,333745.6952,333745.6952
1011600,346721.6097,346721.6097
1015200,341567.1404,341567.1404
1018800,339927.0668,339927.0668
1022400,347823.9497,347823.9497
1026000,333137.3931,333137.3931
1029600,318716.8134,318716.8134
1033200,313994.6622,313994.6622
1036800,339340.8279,339340.8279
1040400,303520.4941,303520.4941
1044000,284927.5022,284927.5022
1047600,281100.0098,281100.0098
1051200,265277.8601,265277.8601
1054800,254847.1281,254847.1281
1058400,251969.7087,251969.7087
1062000,266823.901,266823.901
1065600,257489.1001,257489.1001
1069200,272579.3791,272579.3791
1072800,246720.2494,246720.2494
1076400,261720.7389,261720.7389
1080000,274603.2422,274603.2422
1083600,289747.987,289747.987
1087200,259590.7919,259590.7919
1090800,262645.4162,262645.4162
1094400,260589.6783,260589.6783
1098000,275126.5221,275126.5221
1101600,281237.8684,281237.8684
1105200,285608.3082,285608.3082
1108800,263496.9659,263496.9659
1112400,258234.4578,258234.4578
1116000,258809.5433,258809.5433
1119600,257622.6973,257622.6973
1123200,300540.1633,300540.1633
1126800,274477.0067,274477.0067
1130400,236769.644,236769.644
1134000,229103.6395,229103.6395
1137600,232141.6168,232141.6168
1141200,220986.336,220986.336
1144800,230434.3569,230434.3569
1148400,228954.2092,228954.2092
1152000,258575.1592,258575.1592
1155600,229087.7497,229087.7497
1159200,253280.9753,253280.9753
1162800,258373.7156,258373.7156
1166400,259173.5739,259173.5739
1170000,273343.4128,273343.4128
1173600,272143.7401,272143.7401
1177200,271870.9598,271870.9598
1180800,279517.2065,279517.2065
1184400,283423.6059,283423.6059
1188000,280807.5444,280807.5444
1191600,289660.1248,289660.1248
1195200,281797.8353,281797.8353
1198800,299635.612,299635.612
1202400,295251.1142,295251.1142
1206000,304590.1897,304590.1897
1209600,292607.8055,292607.8055
1213200,339102.1067,339102.1067
1216800,307941.394,307941.394
1220400,300759.0666,300759.0666
1224000,289916.4619,289916.4619
1227600,286023.475,286023.475
1231200,261187.149,261187.149
1234800,281786.9443,281786.9443
1238400,297345.2145,297345.2145
1242000,281713.985,281713.985
1245600,321493.8777,321493.8777
1249200,288441.5796,288441.5796
1252800,297339.7956,297339.7956
1256400,367576.7463,367576.7463
1260000,318283.6855,318283.6855
1263600,322730.8973,322730.8973
1267200,326652.2286,326652.2286
1270800,357315.044,357315.044
1274400,347546.4362,347546.4362
1278000,355765.2263,355765.2263
1281600,328979.3064,328979.3064
1285200,348577.2002,348577.2002
1288800,357390.104,357390.104
1292400,365809.7964,365809.7964
1296000,392452.6843,392452.6843
1299600,346176.8519,346176.8519
1303200,331162.61,331162.61
1306800,311031.2407,311031.2407
1310400,306358.6035,306358.6035
1314000,309418.7019,309418.7019
1317600,305620.2354,305620.2354
1321200,301590.9115,301590.9115
1324800,298006.0718,298006.0718
1328400,278101.9224,278101.9224
1332000,291242.1186,291242.1186
1335600,297660.4433,297660.4433
1339200,308807.4789,308807.4789
1342800,346291.1974,346291.1974
1346400,367489.3587,367489.3587
1350000,334850.6842,334850.6842
1353600,380343.5427,380343.5427
1357200,340327.9282,340327.9282
1360800,318388.4021,318388.4021
1364400,326874.8319,326874.8319
1368000,332495.6986,332495.6986
1371600,332087.983,332087.983
1375200,353195.1486,353195.1486
1378800,376986.3767,376986.3767
1382400,369297.4682,369297.4682
1386000,336738.8956,336738.8956
1389600,335538.6646,335538.6646
1393200,357068.9945,357068.9945
1396800,339586.6885,339586.6885
1400400,330396.3626,330396.3626
1404000,322354.4275,322354.4275
1407600,302051.325,302051.325
1411200,312371.9943,312371.9943
1414800,309586.5289,309586.5289
1418400,251870.799,251870.799
1422000,271970.3939,271970.3939
1425600,280074.0481,280074.0481
1429200,284853.8411,284853.8411
1432800,297268.6972,297268.6972
1436400,305726.8446,305726.8446
1440000,322299.1344,322299.1344
1443600,318241.0618,318241.0618
1447200,346823.0497,346823.0497
1450800,322006.1636,322006.1636
1454400,387866.3393,387866.3393
1458000,365362.314,365362.314
1461600,355165.0745,355165.0745
1465200,327753.2511,327753.2511
1468800,376890.1896,376890.1896
1472400,366345.3488,366345.3488
1476000,314470.6036,314470.6036
1479600,286086.9801,286086.9801
1483200,284105.706,284105.706
1486800,313764.2785,313764.2785
1490400,312662.2437,312662.2437
1494000,298770.6595,298770.6595
1497600,291652.8011,291652.8011
1501200,314806.9405,314806.9405
1504800,279740.1901,279740.1901
1508400,387089.7839,387089.7839
1512000,374858.0629,374858.0629
1515600,405174.6716,405174.6716
1519200,405281.7168,405281.7168
1522800,404301.8386,404301.8386
1526400,371610.6693,371610.6693
1530000,355764.0298,355764.0298
1533600,326767.0599,326767.0599
1537200,338547.4126,338547.4126
1540800,331982.7976,331982.7976
1544400,322369.2543,322369.2543
1548000,314966.4545,314966.4545
1551600,345431.6495,345431.6495
1555200,376656.2301,376656.2301
1558800,370311.1358,370311.1358
1562400,330373.7429,330373.7429
1566000,334387.901,334387.901
1569600,334325.7513,334325.7513
1573200,335680.3889,335680.3889
1576800,293608.0295,293608.0295
1580400,300981.0857,300981.0857
1584000,369542.8827,369542.8827
1587600,388326.1775,388326.1775
1591200,430583.2531,430583.2531
1594800,411939.9999,411939.9999
1598400,407280.3455,407280.3455
1602000,327157.4731,327157.4731
1605600,343685.3914,343685.3914
1609200,325811.5143,325811.5143
1612800,302754.7755,302754.7755
1616400,324669.1336,324669.1336
1620000,341133.774,341133.774
1623600,340671.1018,340671.1018
1627200,345601.1399,345601.1399
1630800,322251.05,322251.05
1634400,369326.6896,369326.6896
1638000,336654.7025,336654.7025
1641600,360032.2058,360032.2058
1645200,329451.9977,329451.9977
1648800,295207.8506,295207.8506
1652400,265740.4939,265740.4939
1656000,252938.663,252938.663
1659600,245157.7786,245157.7786
1663200,272162.8702,272162.8702
1666800,234244.1873,234244.1873
1670400,253861.1364,253861.1364
1674000,282746.8523,282746.8523
1677600,316613.8404,316613.8404
1681200,335668.3194,335668.3194
1684800,318861.5936,318861.5936
1688400,315008.5234,315008.5234
1692000,330274.5426,330274.5426
1695600,354907.2704,354907.2704
1699200,356685.8276,356685.8276
1702800,337283.3108,337283.3108
1706400,354016.2336,354016.2336
1710000,338820.61,338820.61
1713600,332059.5213,332059.5213
1717200,352972.6317,352972.6317
1720800,371016.0172,371016.0172
1724400,367046.769,367046.769
1728000,403624.8114,403624.8114
1731600,362259.5294,362259.5294
1735200,358218.6778,358218.6778
1738800,328958.4944,328958.4944
1742400,320099.6311,320099.6311
1746000,317084.765,317084.765
1749600,332947.6832,332947.6832
1753200,317328.9007,317328.9007
1756800,260259.964,260259.964
1760400,249618.9893,249618.9893
1764000,267639.4967,267639.4967
1767600,247586.1416,247586.1416
1771200,246309.6259,246309.6259
1774800,245171.8215,245171.8215
1778400,263922.4179,263922.4179
1782000,255770.6936,255770.6936
1785600,265441.4437,265441.4437
1789200,260516.1731,260516.1731
1792800,272732.6669,272732.6669
1796400,334787.1879,334787.1879
1800000,344064.4892,344064.4892
1803600,317598.5427,317598.5427
1807200,319937.1719,319937.1719
1810800,316488.0972,316488.0972
1814400,345389.4139,345389.4139
1818000,343166.9502,343166.9502
1821600,337626.7625,337626.7625
1825200,313794.6816,313794.6816
1828800,318757.004,318757.004
1832400,326198.3812,326198.3812
1836000,319852.208,319852.208
1839600,301616.3523,301616.3523
1843200,332247.1955,332247.1955
1846800,370852.3275,370852.3275
1850400,355937.2951,355937.2951
1854000,325134.8078,325134.8078
1857600,335674.6213,335674.6213
1861200,350648.3879,350648.3879
1864800,345203.2884,345203.2884
1868400,352112.8715,352112.8715
1872000,342052.6343,342052.6343
1875600,343893.4609,343893.4609
1879200,361879.5536,361879.5536
1882800,358447.2889,358447.2889
1886400,381989.0381,381989.0381
1890000,384272.5434,384272.5434
1893600,378741.9142,378741.9142
1897200,368424.8207,368424.8207
1900800,399567.4072,399567.4072
1904400,374058.3728,374058.3728
1908000,391528.1043,391528.1043
1911600,389577.6967,389577.6967
1915200,440059.8368,440059.8368
1918800,436042.5344,436042.5344
1922400,430432.7731,430432.7731
1926000,411212.4367,411212.4367
1929600,438890.2807,438890.2807
1933200,436621.2606,436621.2606
1936800,422977.9382,422977.9382
1940400,342538.0482,342538.0482
1944000,390466.8552,390466.8552
1947600,383386.7907,383386.7907
1951200,421195.3404,421195.3404
1954800,369001.8297,369001.8297
1958400,343584.858,343584.858
1962000,431164.9662,431164.9662
1965600,405772.7768,405772.7768
1969200,334547.4497,334547.4497
1972800,413556.663,413556.663
1976400,410320.0733,410320.0733
1980000,435764.7862,435764.7862
1983600,403065.0249,403065.0249
1987200,445990.8078,445990.8078
1990800,427675.4514,427675.4514
1994400,398896.359,398896.359
1998000,367002.7403,367002.7403
2001600,301516.0464,301516.0464
2005200,406991.9752,406991.9752
2008800,400786.0828,400786.0828
2012400,390794.8337,390794.8337
2016000,409754.7134,409754.7134
2019600,410264.2163,410264.2163
2023200,411327.8902,411327.8902
2026800,411789.0913,411789.0913
2030400,411453.0923,411453.0923
2034000,416042.0132,416042.0132
2037600,383232.1812,383232.1812
2041200,384901.7672,384901.7672
2044800,392322.0801,392322.0801
2048400,396591.7409,396591.7409
2052000,384155.906,384155.906
2055600,357140.0463,357140.0463
2059200,393513.839,393513.839
2062800,377053.5264,377053.5264
2066400,388487.7705,388487.7705
2070000,405108.2103,405108.2103
2073600,405068.2214,405068.2214
2077200,351778.3769,351778.3769
2080800,361920.5657,361920.5657
2084400,282046.2128,282046.2128
2088000,242151.7197,242151.7197
2091600,335921.2221,335921.2221
2095200,376776.5998,376776.5998
2098800,369120.4278,369120.4278
2102400,381655.8784,381655.8784
2106000,385556.6128,385556.6128
2109600,417165.7643,417165.7643
2113200,364726.5763,364726.5763
2116800,411104.5229,411104.5229
2120400,368952.0531,368952.0531
2124000,391459.4144,391459.4144
2127600,397795.0967,397795.0967
2131200,406672.1186,406672.1186
2134800,394063.8403,394063.8403
2138400,392940.7087,392940.7087
2142000,358695.2785,358695.2785
2145600,395774.0581,395774.0581
2149200,398752.6285,398752.6285
2152800,397924.6297,397924.6297
2156400,378727.0809,378727.0809
2160000,382436.3895,382436.3895
2163600,386722.9073,386722.9073
2167200,376172.1221,376172.1221
2170800,387784.7392,387784.7392
2174400,387970.3046,387970.3046
2178000,383080.3115,383080.3115
2181600,384523.344,384523.344
2185200,377614.1125,377614.1125
2188800,342877.2092,342877.2092
2192400,326886.1545,326886.1545
2196000,345137.5448,345137.5448
2199600,347225.5792,347225.5792
2203200,305696.2929,305696.2929
2206800,344074.9379,344074.9379
2210400,310062.3315,310062.3315
2214000,342369.3433,342369.3433
2217600,346969.6911,346969.6911
2221200,344786.8929,344786.8929
2224800,351507.9461,351507.9461
2228400,387415.6576,387415.6576
2232000,411978.4949,411978.4949
2235600,354977.2528,354977.2528
2239200,336908.4139,336908.4139
2242800,385394.5304,385394.5304
2246400,391273.3209,391273.3209
2250000,380713.8765,380713.8765
2253600,353851.3792,353851.3792
2257200,332222.8767,332222.8767
2260800,311574.1094,311574.1094
2264400,326374.505,326374.505
2268000,301478.6401,301478.6401
2271600,296086.4917,296086.4917
2275200,254219.8631,254219.8631
2278800,281251.6988,281251.6988
2282400,280989.1842,280989.1842
2286000,293498.5713,293498.5713
2289600,340616.8565,340616.8565
2293200,345970.0895,345970.0895
2296800,338341.9396,338341.9396
2300400,348537.6098,348537.6098
2304000,346720.7229,346720.7229
2307600,356347.8138,356347.8138
2311200,355215.832,355215.832
2314800,350226.6054,350226.6054
2318400,335569.8402,335569.8402
2322000,345821.1373,345821.1373
2325600,338266.1621,338266.1621
2329200,353791.1958,353791.1958
2332800,378909.8608,378909.8608
2336400,346216.031,346216.031
2340000,334371.3662,334371.3662
2343600,303774.742,303774.742
2347200,267598.229,267598.229
2350800,284167.8311,284167.8311
2354400,280159.8628,280159.8628
2358000,291103.3949,291103.3949
2361600,312901.6776,312901.6776
2365200,292076.2336,292076.2336
2368800,267695.0955,267695.0955
2372400,329183.4675,329183.4675
2376000,273014.6529,273014.6529
2379600,321110.4721,321110.4721
2383200,320134.8906,320134.8906
2386800,366765.705,366765.705
2390400,332802.9272,332802.9272
2394000,327216.8874,327216.8874
2397600,307289.2703,307289.2703
2401200,312520.7462,312520.7462
2404800,302676.8918,302676.8918
2408400,340893.8437,340893.8437
2412000,324358.4976,324358.4976
2415600,319675.6551,319675.6551
2419200,238576.4307,238576.4307
2422800,272142.6358,272142.6358
2426400,259935.4253,259935.4253
2430000,262687.9191,262687.9191
2433600,253519.4552,253519.4552
2437200,251012.5085,251012.5085
2440800,237873.9345,237873.9345
2444400,257637.1861,257637.1861
2448000,287942.2316,287942.2316
2451600,294152.7155,294152.7155
2455200,298477.9393,298477.9393
2458800,305776.0894,305776.0894
2462400,293013.6456,293013.6456
2466000,345119.9057,345119.9057
2469600,363126.6735,363126.6735
2473200,324481.3081,324481.3081
2476800,321367.2957,321367.2957
2480400,338640.3341,338640.3341
2484000,384203.7683,384203.7683
2487600,395930.2461,395930.2461
2491200,384762.3555,384762.3555
2494800,360724.8184,360724.8184
2498400,374494.88,374494.88
2502000,349588.4311,349588.4311
2505600,373375.4764,373375.4764
2509200,388471.104,388471.104
2512800,351572.0473,351572.0473
2516400,337862.8067,337862.8067
2520000,306394.4339,306394.4339
2523600,357707.0377,357707.0377
2527200,337402.6457,337402.6457
2530800,341254.8387,341254.8387
2534400,283133.786,283133.786
2538000,305242.0034,305242.0034
2541600,305346.1939,305346.1939
2545200,289713.7856,289713.7856
2548800,308344.565,308344.565
2552400,345730.2178,345730.2178
2556000,333344.8275,333344.8275
2559600,350218.2859,350218.2859
2563200,331596.9688,331596.9688
2566800,333133.7984,333133.7984
2570400,346534.1556,346534.1556
2574000,359423.6083,359423.6083
2577600,327130.835,327130.835
2581200,314256.1573,314256.1573
2584800,325193.616,325193.616
2588400,345456.8776,345456.8776
2592000,352341.7884,352341.7884
2595600,368832.8719,368832.8719
2599200,331340.8116,331340.8116
2602800,331286.8347,331286.8347
2606400,295437.558,295437.558
2610000,286544.4748,286544.4748
2613600,272610.9664,272610.9664
2617200,293459.4421,293459.4421
2620800,305423.112,305423.112
2624400,323890.5002,323890.5002
2628000,336632.1107,336632.1107
2631600,346766.2336,346766.2336
2635200,341624.2911,341624.2911
2638800,338701.791,338701.791
2642400,340540.3552,340540.3552
2646000,355697.1355,355697.1355
2649600,359480.3578,359480.3578
2653200,361158.7692,361158.7692
2656800,335940.2581,335940.2581
2660400,354010.339,354010.339
2664000,326381.5506,326381.5506
2667600,335826.361,335826.361
2671200,340584.0188,340584.0188
2674800,328338.6985,328338.6985
2678400,318502.0631,318502.0631
2682000,322090.0742,322090.0742
2685600,305158.8435,305158.8435
2689200,334110.2099,334110.2099
2692800,325524.3721,325524.3721
2696400,325069.3475,325069.3475
2700000,291610.8175,291610.8175
2703600,286868.6971,286868.6971
2707200,311039.9739,311039.9739
2710800,282219.6202,282219.6202
2714400,297913.2719,297913.2719
2718000,327286.2038,327286.2038
2721600,306158.3394,306158.3394
2725200,369751.0429,369751.0429
2728800,334191.3623,334191.3623
2732400,359832.6112,359832.6112
2736000,345503.6612,345503.6612
2739600,395295.3047,395295.3047
2743200,377782.9255,377782.9255
2746800,394581.5489,394581.5489
2750400,418310.7769,418310.7769
2754000,421598.1506,421598.1506
2757600,414768.686,414768.686
2761200,412960.1872,412960.1872
2764800,396979.9075,396979.9075
2768400,364626.9514,364626.9514
2772000,317186.8964,317186.8964
2775600,308750.0484,308750.0484
2779200,300678.5081,300678.5081
2782800,302910.0455,302910.0455
2786400,275743.6569,275743.6569
2790000,257295.6357,257295.6357
2793600,266026.5538,266026.5538
2797200,303960.3637,303960.3637
2800800,266391.5989,266391.5989
2804400,312741.6898,312741.6898
2808000,286502.7192,286502.7192
2811600,333990.8232,333990.8232
2815200,330626.2583,330626.2583
2818800,338378.7068,338378.7068
2822400,303074.6687,303074.6687
2826000,311349.7682,311349.7682
2829600,316227.3629,316227.3629
2833200,290112.1315,290112.1315
2836800,278004.2997,278004.2997
2840400,271435.2372,271435.2372
2844000,262743.631,262743.631
2847600,271458.8998,271458.8998
2851200,288842.1935,288842.1935
2854800,340880.4807,340880.4807
2858400,269859.5913,269859.5913
2862000,286067.7921,286067.7921
2865600,283234.8449,283234.8449
2869200,278216.936,278216.936
2872800,277087.8648,277087.8648
2876400,279294.1563,279294.1563
2880000,305148.7143,305148.7143
2883600,279599.6805,279599.6805
2887200,302946.5528,302946.5528
2890800,296635.2915,296635.2915
2894400,285438.7242,285438.7242
2898000,333038.9765,333038.9765
2901600,307385.9379,307385.9379
2905200,314434.0672,314434.0672
2908800,301785.3067,301785.3067
2912400,308547.5283,308547.5283
2916000,301626.7229,301626.7229
2919600,287345.7518,287345.7518
2923200,303011.9474,303011.9474
2926800,286905.1991,286905.1991
2930400,283832.4351,283832.4351
2934000,279903.9519,279903.9519
2937600,313499.8596,313499.8596
2941200,299504.6018,299504.6018
2944800,273657.0072,273657.0072
2948400,243636.5023,243636.5023
2952000,241135.4705,241135.4705
2955600,241907.3772,241907.3772
2959200,249294.2172,249294.2172
2962800,272524.7874,272524.7874
2966400,272471.2849,272471.2849
2970000,263008.2116,263008.2116
2973600,268882.0146,268882.0146
2977200,258944.4536,258944.4536
2980800,268662.6315,268662.6315
2984400,288772.2395,288772.2395
2988000,271627.5372,271627.5372
2991600,289414.2653,289414.2653
2995200,266868.6138,266868.6138
2998800,269151.3425,269151.3425
3002400,290741.1203,290741.1203
3006000,270823.7656,270823.7656
3009600,249399.7266,249399.7266
3013200,277288.1472,277288.1472
3016800,256509.2844,256509.2844
3020400,264061.9088,264061.9088
3024000,286104.3349,286104.3349
3027600,280129.1113,280129.1113
3031200,295450.1193,295450.1193
3034800,329212.4516,329212.4516
3038400,292608.2564,292608.2564
3042000,287171.1228,287171.1228
3045600,302372.0436,302372.0436
3049200,280734.2024,280734.2024
3052800,285162.9093,285162.9093
3056400,266075.431,266075.431
3060000,258656.9193,258656.9193
3063600,296520.1521,296520.1521
3067200,288690.2499,288690.2499
3070800,310493.5915,310493.5915
3074400,299929.3905,299929.3905
3078000,321731.1037,321731.1037
3081600,323401.9938,323401.9938
3085200,328102.7961,328102.7961
3088800,319454.0646,319454.0646
3092400,339581.0106,339581.0106
3096000,344685.0153,344685.0153
3099600,317953.2116,317953.2116
3103200,313047.9356,313047.9356
3106800,354360.1596,354360.1596
3110400,349258.0371,349258.0371
3114000,366196.2172,366196.2172
3117600,292322.1316,292322.1316
3121200,341707.3169,341707.3169
3124800,380166.9445,380166.9445
3128400,377226.4576,377226.4576
3132000,345345.0111,345345.0111
3135600,366071.2272,366071.2272
3139200,382295.8334,382295.8334
3142800,378414.851,378414.851
3146400,401059.3919,401059.3919
3150000,362987.2739,362987.2739
3153600,398139.7139,398139.7139
3157200,408446.8695,408446.8695
3160800,395699.1849,395699.1849
3164400,360782.6672,360782.6672
3168000,351978.3907,351978.3907
3171600,330318.4282,330318.4282
3175200,335138.4743,335138.4743
3178800,336661.6071,336661.6071
3182400,364011.3616,364011.3616
3186000,383022.204,383022.204
3189600,356757.6365,356757.6365
3193200,340217.1012,340217.1012
3196800,314194.5805,314194.5805
3200400,347938.0958,347938.0958
3204000,336978.83,336978.83
3207600,299910.909,299910.909
3211200,277103.4007,277103.4007
3214800,294657.4285,294657.4285
3218400,302043.2376,302043.2376
3222000,289200.8606,289200.8606
3225600,367976.9373,367976.9373
3229200,343536.7005,343536.7005
3232800,386767.6312,386767.6312
3236400,346261.921,346261.921
3240000,371222.0113,371222.0113
3243600,361887.0493,361887.0493
3247200,386682.2131,386682.2131
3250800,376221.6251,376221.6251
3254400,356067.1454,356067.1454
3258000,358318.9289,358318.9289
3261600,340207.8988,340207.8988
3265200,323336.6558,323336.6558
3268800,367528.829,367528.829
3272400,353623.0049,353623.0049
3276000,348569.4675,348569.4675
3279600,359867.2129,359867.2129
3283200,364602.4278,364602.4278
3286800,368026.894,368026.894
3290400,420982.9252,420982.9252
3294000,360599.7743,360599.7743
3297600,349632.5552,349632.5552
3301200,333106.7962,333106.7962
3304800,296670.2697,296670.2697
3308400,316238.2873,316238.2873
3312000,327826.5997,327826.5997
3315600,316601.2073,316601.2073
3319200,300084.1919,300084.1919
3322800,313334.8744,313334.8744
3326400,314589.4552,314589.4552
3330000,353930.5211,353930.5211
3333600,351915.3238,351915.3238
3337200,358409.0338,358409.0338
3340800,360021.0932,360021.0932
3344400,383957.874,383957.874
3348000,366865.9522,366865.9522
3351600,348932.3969,348932.3969
3355200,357797.5823,357797.5823
3358800,339111.1758,339111.1758
3362400,337406.2677,337406.2677
3366000,337584.2232,337584.2232
3369600,356480.3311,356480.3311
3373200,383474.0986,383474.0986
3376800,354843.2196,354843.2196
3380400,309565.126,309565.126
3384000,299501.625,299501.625
3387600,327168.0209,327168.0209
3391200,294385.0982,294385.0982
3394800,279427.9151,279427.9151
3398400,298575.258,298575.258
3402000,308848.382,308848.382
3405600,282931.5544,282931.5544
3409200,309405.4085,309405.4085
3412800,321649.4142,321649.4142
3416400,332489.8132,332489.8132
3420000,345830.889,345830.889
3423600,351232.1582,351232.1582
3427200,336297.0809,336297.0809
3430800,349276.8636,349276.8636
3434400,344126.261,344126.261
3438000,342490.0529,342490.0529
3441600,350390.8,350390.8
3445200,335708.1062,335708.1062
3448800,321291.388,321291.388
3452400,316573.0971,316573.0971
3456000,341923.1216,341923.1216
3459600,306106.6453,306106.6453
3463200,287517.5096,287517.5096
3466800,283693.8721,283693.8721
3470400,267875.576,267875.576
3474000,257448.6962,257448.6962
3477600,254575.1277,254575.1277
3481200,269433.1695,269433.1695
3484800,260102.2168,260102.2168
3488400,275196.3426,275196.3426
3492000,249341.0584,249341.0584
3495600,264345.392,264345.392
3499200,277231.7381,277231.7381
3502800,292380.3243,292380.3243
3506400,262226.9693,262226.9693
3510000,265285.4324,265285.4324
3513600,263233.5319,263233.5319
3517200,277774.2117,277774.2117
3520800,283889.3926,283889.3926
3524400,288263.6657,288263.6657
3528000,266156.1553,266156.1553
3531600,260897.4777,260897.4777
3535200,261476.3924,261476.3924
3538800,260293.3743,260293.3743
3542400,303214.6668,303214.6668
3546000,277155.3352,277155.3352
3549600,239451.7962,239451.7962
3553200,231789.614,231789.614
3556800,234831.4121,234831.4121
3560400,223679.951,223679.951
3564000,233131.79,233131.79
3567600,231655.4591,231655.4591
3571200,261280.2244,261280.2244
3574800,231796.629,231796.629
3578400,255993.6671,255993.6671
3582000,261090.2185,261090.2185
3585600,261893.8867,261893.8867
3589200,276067.534,276067.534
3592800,274871.6683,274871.6683
3596400,274602.6935,274602.6935
3600000,282252.7445,282252.7445
3603600,286162.9466,286162.9466
3607200,283550.6865,283550.6865
3610800,292407.0669,292407.0669
3614400,284548.5759,284548.5759
3618000,302390.1497,302390.1497
3621600,298009.4477,298009.4477
3625200,307352.3175,307352.3175
3628800,295373.7261,295373.7261
3632400,341871.8188,341871.8188
3636000,310714.8961,310714.8961
3639600,303536.3573,303536.3573
3643200,292697.5398,292697.5398
3646800,288808.3386,288808.3386
3650400,263975.7969,263975.7969
3654000,284579.3751,284579.3751
3657600,300141.4267,300141.4267
3661200,284513.9773,284513.9773
3664800,324297.6485,324297.6485
3668400,291249.1275,291249.1275
3672000,300151.1191,300151.1191
3675600,370391.8441,370391.8441
3679200,321102.5561,321102.5561
3682800,325553.5392,325553.5392
3686400,329478.6404,329478.6404
3690000,360145.2242,360145.2242
3693600,350380.3834,350380.3834
3697200,358602.939,358602.939
3700800,331820.7831,331820.7831
3704400,351422.4394,351422.4394
3708000,360239.1044,360239.1044
3711600,368662.5564,368662.5564
3715200,395309.2026,395309.2026
3718800,349037.1268,349037.1268
3722400,334026.6402,334026.6402
3726000,313899.0247,313899.0247
3729600,309230.1398,309230.1398
3733200,312293.989,312293.989
3736800,308499.2718,308499.2718
3740400,304473.6958,304473.6958
3744000,300892.6024,300892.6024
3747600,280992.1979,280992.1979
3751200,294136.1375,294136.1375
3754800,300558.2042,300558.2042
3758400,311708.9802,311708.9802
3762000,349196.4376,349196.4376
3765600,370398.3364,370398.3364
3769200,337763.3978,337763.3978
3772800,383259.9908,383259.9908
3776400,343248.1092,343248.1092
3780000,321312.3146,321312.3146
3783600,329802.4743,329802.4743
3787200,335427.0694,335427.0694
3790800,335023.0807,335023.0807
3794400,356133.9717,356133.9717
3798000,379928.9237,379928.9237
3801600,372243.7376,372243.7376
3805200,339688.8858,339688.8858
3808800,338492.3743,338492.3743
3812400,360026.422,360026.422
3816000,342547.8323,342547.8323
3819600,333361.2212,333361.2212
3823200,325322.9993,325322.9993
3826800,305023.6085,305023.6085
3830400,315347.988,315347.988
3834000,312566.2313,312566.2313
3837600,254854.2086,254854.2086
3841200,274957.509,274957.509
3844800,283064.8674,283064.8674
3848400,287848.3628,287848.3628
3852000,300266.9199,300266.9199
3855600,308728.7668,308728.7668
3859200,325304.7545,325304.7545
3862800,321250.3782,321250.3782
3866400,349836.061,349836.061
3870000,325022.8682,325022.8682
3873600,390886.7356,390886.7356
3877200,368386.4004,368386.4004
3880800,358192.8496,358192.8496
3884400,330784.7132,330784.7132
3888000,379925.3372,379925.3372
3891600,369384.1803,369384.1803
3895200,317513.1174,317513.1174
3898800,289133.1747,289133.1747
3902400,287155.5798,287155.5798
3906000,316817.83,316817.83
3909600,315719.4712,315719.4712
3913200,301831.5616,301831.5616
3916800,294717.3761,294717.3761
3920400,317875.1868,317875.1868
3924000,282812.1062,282812.1062
3927600,390165.3682,390165.3682
3931200,377937.3139,377937.3139
3934800,408257.5876,408257.5876
3938400,408368.2963,408368.2963
3942000,407392.0799,407392.0799
3945600,374704.5709,374704.5709
3949200,358861.59,358861.59
3952800,329868.2772,329868.2772
3956400,341652.2854,341652.2854
3960000,335091.3243,335091.3243
3963600,325481.4333,325481.4333
3967200,318082.2842,318082.2842
3970800,348551.1283,348551.1283
3974400,379779.3563,379779.3563
3978000,373437.908,373437.908
3981600,333504.1593,333504.1593
3985200,337521.9601,337521.9601
3988800,337463.4514,337463.4514
3992400,338821.7285,338821.7285
3996000,296753.0069,296753.0069
3999600,304129.6992,304129.6992
4003200,372695.1308,372695.1308
4006800,391482.0586,391482.0586
4010400,433742.7655,433742.7655
4014000,415103.142,415103.142
4017600,410447.1157,410447.1157
4021200,330327.8698,330327.8698
4024800,346859.4129,346859.4129
4028400,328989.1589,328989.1589
4032000,305936.0417,305936.0417
4035600,327854.0197,327854.0197
4039200,344322.2784,344322.2784
4042800,343863.2228,343863.2228
4046400,348796.8759,348796.8759
4050000,325450.3994,325450.3994
4053600,372529.6507,372529.6507
4057200,339861.2736,339861.2736
4060800,363242.3854,363242.3854
4064400,332665.784,332665.784
4068000,298425.242,298425.242
4071600,268961.4887,268961.4887
4075200,256163.2596,256163.2596
4078800,248385.9754,248385.9754
4082400,275394.6654,275394.6654
4086000,237479.5793,237479.5793
4089600,257100.1236,257100.1236
4093200,285989.433,285989.433
4096800,319860.0129,319860.0129
4100400,338918.082,338918.082
4104000,322114.9447,322114.9447
4107600,318265.4613,318265.4613
4111200,333535.0656,333535.0656
4114800,358171.3768,358171.3768
4118400,359953.5158,359953.5158
4122000,340554.5791,340554.5791
4125600,357291.0803,357291.0803
4129200,342099.0334,342099.0334
4132800,335341.5197,335341.5197
4136400,356258.2035,356258.2035
4140000,374305.1606,374305.1606
4143600,370339.4824,370339.4824
4147200,406921.093,406921.093
4150800,365559.3776,365559.3776
4154400,361522.0908,361522.0908
4158000,332265.4706,332265.4706
4161600,323410.1688,323410.1688
4165200,320398.8624,320398.8624
4168800,336265.3386,336265.3386
4172400,320650.1126,320650.1126
4176000,263584.7305,263584.7305
4179600,252947.3087,252947.3087
4183200,270971.3673,270971.3673
4186800,250921.5617,250921.5617
4190400,249648.5938,249648.5938
4194000,248514.3355,248514.3355
4197600,267268.4762,267268.4762
4201200,259120.2946,259120.2946
4204800,268794.5855,268794.5855
4208400,263872.8542,263872.8542
4212000,276092.8854,276092.8854
4215600,338150.9422,338150.9422
4219200,347431.7774,347431.7774
4222800,320969.3632,320969.3632
4226400,323311.5229,323311.5229
4230000,319865.977,319865.977
4233600,348770.8208,348770.8208
4237200,346551.8824,346551.8824
4240800,341015.2183,341015.2183
4244400,317186.6592,317186.6592
4248000,322152.5017,322152.5017
4251600,329597.3973,329597.3973
4255200,323254.7406,323254.7406
4258800,305022.3998,305022.3998
4262400,335656.756,335656.756
4266000,374265.3994,374265.3994
4269600,359353.8766,359353.8766
4273200,328554.8971,328554.8971
4276800,339098.2167,339098.2167
4280400,354075.4875,354075.4875
4284000,348633.8906,348633.8906
4287600,355546.9745,355546.9745
4291200,345490.2362,345490.2362
4294800,347334.5601,347334.5601
4298400,365324.1483,365324.1483
4302000,361895.3773,361895.3773
4305600,385440.6184,385440.6184
4309200,387727.6139,387727.6139
4312800,382200.473,382200.473
4316400,371886.8661,371886.8661
4320000,403032.9374,403032.9374
4323600,377527.386,377527.386
4327200,395000.5987,395000.5987
4330800,393053.6706,393053.6706
4334400,443539.2884,443539.2884
4338000,439525.4618,439525.4618
4341600,433919.1746,433919.1746
4345200,414702.3106,414702.3106
4348800,442383.625,442383.625
4352400,440118.0736,440118.0736
4356000,426478.2181,426478.2181
4359600,346041.7932,346041.7932
4363200,393974.0635,393974.0635
4366800,386897.4605,386897.4605
4370400,424709.4699,424709.4699
4374000,372519.4171,372519.4171
4377600,347105.9014,347105.9014
4381200,434689.4639,434689.4639
4384800,409300.727,409300.727
4388400,338078.8504,338078.8504
4392000,417091.5125,417091.5125
4395600,413858.3699,413858.3699
4399200,439306.528,439306.528
4402800,406610.2099,406610.2099
4406400,449539.4343,449539.4343
4410000,431227.5176,431227.5176
4413600,402451.8632,402451.8632
4417200,370561.6805,370561.6805
4420800,305078.4208,305078.4208
4424400,410557.782,410557.782
4428000,404355.3201,404355.3201
4431600,394367.4997,394367.4997
4435200,413330.8063,413330.8063
4438800,413843.7342,413843.7342
4442400,414910.8313,414910.8313
4446000,415375.4537,415375.4537
4449600,415042.8742,415042.8742
4453200,419635.2128,419635.2128
4456800,386828.7967,386828.7967
4460400,388501.7966,388501.7966
4464000,395925.5216,395925.5216
4467600,400198.5926,400198.5926
4471200,387766.1662,387766.1662
4474800,360753.7129,360753.7129
4478400,397130.9104,397130.9104
4482000,380674.0006,380674.0006
4485600,392111.6457,392111.6457
4489200,408735.4846,408735.4846
4492800,408698.8928,408698.8928
4496400,355412.4436,355412.4436
4500000,365558.026,365558.026
4503600,285687.0647,285687.0647
4507200,245795.9613,245795.9613
4510800,339568.8517,339568.8517
4514400,380427.6153,380427.6153
4518000,372774.8274,372774.8274
4521600,385313.6602,385313.6602
4525200,389217.775,389217.775
4528800,420830.3049,420830.3049
4532400,368394.4935,368394.4935
4536000,414775.8148,414775.8148
4539600,372626.7179,372626.7179
4543200,395137.45,395137.45
4546800,401476.5014,401476.5014
4550400,410356.8905,410356.8905
4554000,397751.9774,397751.9774
4557600,396632.2091,396632.2091
4561200,362390.1403,362390.1403
4564800,399472.2795,399472.2795
4568400,402454.2075,402454.2075
4572000,401629.5644,401629.5644
4575600,382435.3694,382435.3694
4579200,386148.03,386148.03
4582800,390437.8977,390437.8977
4586400,379890.4607,379890.4607
4590000,391506.4239,391506.4239
4593600,391695.3336,391695.3336
4597200,386808.6829,386808.6829
4600800,388255.0557,388255.0557
4604400,381349.1628,381349.1628
4608000,346615.5961,346615.5961
4611600,330627.8761,330627.8761
4615200,348882.5991,348882.5991
4618800,350973.9643,350973.9643
4622400,309448.0069,309448.0069
4626000,347829.9788,347829.9788
4629600,313820.6975,313820.6975
4633200,346131.0323,346131.0323
4636800,350734.7013,350734.7013
4640400,348555.2224,348555.2224
4644000,355279.5928,355279.5928
4647600,391190.6197,391190.6197
4651200,415756.7704,415756.7704
4654800,358758.8398,358758.8398
4658400,340693.3103,340693.3103
4662000,389182.7345,389182.7345
4665600,395064.8306,395064.8306
4669200,384508.6898,384508.6898
4672800,357649.4942,357649.4942
4676400,336024.2915,336024.2915
4680000,315378.822,315378.822
4683600,330182.5134,330182.5134
4687200,305289.9424,305289.9424
4690800,299901.0859,299901.0859
4694400,258037.7473,258037.7473
4698000,285072.871,285072.871
4701600,284813.6424,284813.6424
4705200,297326.3135,297326.3135
4708800,344447.8808,344447.8808
4712400,349804.394,349804.394
4716000,342179.5223,342179.5223
4719600,352378.4686,352378.4686
4723200,350564.8559,350564.8559
4726800,360195.2191,360195.2191
4730400,359066.5075,359066.5075
4734000,354080.5492,354080.5492
4737600,339427.0503,339427.0503
4741200,349681.6116,349681.6116
4744800,342129.8988,342129.8988
4748400,357658.1928,357658.1928
4752000,382780.1161,382780.1161
4755600,350089.5426,350089.5426
4759200,338248.1322,338248.1322
4762800,307654.7603,307654.7603
4766400,271481.4976,271481.4976
4770000,288054.3482,288054.3482
4773600,284049.6262,284049.6262
4777200,294996.4027,294996.4027
4780800,316797.9277,316797.9277
4784400,295975.7241,295975.7241
4788000,271597.8244,271597.8244
4791600,333089.4327,333089.4327
4795200,276923.8524,276923.8524
4798800,325022.9039,325022.9039
4802400,324050.5527,324050.5527
4806000,370684.5954,370684.5954
4809600,336725.0439,336725.0439
4813200,331142.2283,331142.2283
4816800,311217.8335,311217.8335
4820400,316452.5296,316452.5296
4824000,306611.8934,306611.8934
4827600,344832.0614,344832.0614
4831200,328299.9295,328299.9295
4834800,323620.2992,323620.2992
4838400,242524.2848,242524.2848
4842000,276093.6979,276093.6979
4845600,263889.6934,263889.6934
4849200,266645.3912,266645.3912
4852800,257480.1293,257480.1293
4856400,254976.3825,254976.3825
4860000,241841.0064,241841.0064
4863600,261607.4538,261607.4538
4867200,291915.6931,291915.6931
4870800,298129.3688,298129.3688
4874400,302457.7823,302457.7823
4878000,309759.12,309759.12
4881600,296999.8618,296999.8618
4885200,349109.3055,349109.3055
4888800,367119.2548,367119.2548
4892400,328477.0688,328477.0688
4896000,325366.2339,325366.2339
4899600,342642.4476,342642.4476
4903200,388209.0551,388209.0551
4906800,399938.704,399938.704
4910400,388773.9826,388773.9826
4914000,364739.6126,364739.6126
4917600,378512.8392,378512.8392
4921200,353609.5533,353609.5533
4924800,377399.7595,377399.7595
4928400,392498.5459,392498.5459
4932000,355602.6459,355602.6459
4935600,341896.56,341896.56
4939200,310431.3398,310431.3398
4942800,361747.0942,361747.0942
4946400,341445.8506,341445.8506
4950000,345301.1899,345301.1899
4953600,287183.2816,287183.2816
4957200,309294.6411,309294.6411
4960800,309401.9717,309401.9717
4964400,293772.7015,293772.7015
4968000,312406.6168,312406.6168
4971600,349795.4035,349795.4035
4975200,337413.1449,337413.1449
4978800,354289.7329,354289.7329
4982400,335671.5435,335671.5435
4986000,337211.4985,337211.4985
4989600,350614.9791,350614.9791
4993200,363507.5531,363507.5531
4996800,331217.899,331217.899
5000400,318346.3383,318346.3383
5004000,329286.9119,329286.9119
5007600,349553.2865,349553.2865
5011200,356441.308,356441.308
5014800,372935.5001,372935.5001
5018400,335446.5463,335446.5463
5022000,335395.6739,335395.6739
5025600,299549.4995,299549.4995
5029200,290659.5165,290659.5165
5032800,276729.1062,276729.1062
5036400,297580.6778,297580.6778
5040000,309547.4416,309547.4416
5043600,328017.9215,328017.9215
5047200,340762.6216,340762.6216
5050800,350899.832,350899.832
5054400,345760.9748,345760.9748
5058000,342841.5579,342841.5579
5061600,344683.2032,344683.2032
5065200,359843.0624,359843.0624
5068800,363629.3616,363629.3616
5072400,365310.8477,365310.8477
5076000,340095.4091,340095.4091
5079600,358168.5604,358168.5604
5083200,330542.8402,330542.8402
5086800,339990.7168,339990.7168
5090400,344751.4386,344751.4386
5094000,332509.1801,332509.1801
5097600,322675.6044,322675.6044
5101200,326266.6731,326266.6731
5104800,309338.4978,309338.4978
5108400,338292.9175,338292.9175
5112000,329710.1308,329710.1308
5115600,329258.1551,329258.1551
5119200,295802.6719,295802.6719
5122800,291063.5961,291063.5961
5126400,315237.9154,315237.9154
5130000,286420.602,286420.602
5133600,302117.2919,302117.2919
5137200,331493.2598,331493.2598
5140800,310368.4292,310368.4292
5144400,373964.1644,373964.1644
5148000,338407.5133,338407.5133
5151600,364051.7895,364051.7895
5155200,349725.8647,349725.8647
5158800,399520.5312,399520.5312
5162400,382011.1727,382011.1727
5166000,398812.8148,398812.8148
5169600,422545.0592,422545.0592
5173200,425835.4472,425835.4472
5176800,419008.9947,419008.9947
5180400,417203.5058,417203.5058
5184000,401226.2338,401226.2338
5187600,368876.2833,368876.2833
5191200,321439.2317,321439.2317
5194800,313005.3849,313005.3849
5198400,304936.8436,304936.8436
5202000,307171.3777,307171.3777
5205600,280007.9837,280007.9837
5209200,261562.955,261562.955
5212800,270296.8633,270296.8633
5216400,308233.6612,308233.6612
5220000,270667.8822,270667.8822
5223600,317020.9567,317020.9567
5227200,290784.9676,290784.9676
5230800,338276.0508,338276.0508
5234400,334914.4628,334914.4628
5238000,342669.8861,342669.8861
5241600,307368.8207,307368.8207
5245200,315646.8906,315646.8906
5248800,320527.4535,320527.4535
5252400,294415.1881,294415.1881
5256000,282310.32,282310.32
5259600,275744.219,275744.219
5263200,267055.5722,267055.5722
5266800,275773.798,275773.798
5270400,293160.0466,293160.0466
5274000,345201.2865,345201.2865
5277600,274183.3475,274183.3475
5281200,290394.4965,290394.4965
5284800,287564.4953,287564.4953
5288400,282549.5302,282549.5302
5292000,281423.4005,281423.4005
5295600,283632.6313,283632.6313
5299200,309490.1264,309490.1264
5302800,283944.0274,283944.0274
5306400,307293.8323,307293.8323
5310000,300985.5014,300985.5014
5313600,289791.8622,289791.8622
5317200,337395.0404,337395.0404
5320800,311744.9254,311744.9254
5324400,318795.9762,318795.9762
5328000,306150.1348,306150.1348
5331600,312915.2733,312915.2733
5335200,305997.3825,305997.3825
5338800,291719.3239,291719.3239
5342400,307388.4297,307388.4297
5346000,291284.5893,291284.5893
5349600,288214.7309,288214.7309
5353200,284289.1511,284289.1511
5356800,317887.96,317887.96
5360400,303895.601,303895.601
5364000,278050.9031,278050.9031
5367600,248033.2926,248033.2926
5371200,245535.1529,245535.1529
5374800,246309.9495,246309.9495
5378400,253699.677,253699.677
5382000,276933.1326,276933.1326
5385600,276882.5131,276882.5131
5389200,267422.3206,267422.3206
5392800,273299.0021,273299.0021
5396400,263364.3173,263364.3173
5400000,273085.3692,273085.3692
5403600,293197.8488,293197.8488
5407200,276056.016,276056.016
5410800,293845.6112,293845.6112
5414400,271302.8246,271302.8246
5418000,273588.4158,273588.4158
5421600,295181.0539,295181.0539
5425200,275266.5572,275266.5572
5428800,253845.374,253845.374
5432400,281736.648,281736.648
5436000,260960.6363,260960.6363
5439600,268516.1096,268516.1096
5443200,290561.3823,290561.3823
5446800,284589.003,284589.003
5450400,299912.8529,299912.8529
5454000,333678.0249,333678.0249
5457600,297076.667,297076.667
5461200,291642.3686,291642.3686
5464800,306846.1221,306846.1221
5468400,285211.1114,285211.1114
5472000,289642.6465,289642.6465
5475600,270557.9941,270557.9941
5479200,263142.3059,263142.3059
5482800,301008.36,301008.36
5486400,293181.2768,293181.2768
5490000,314987.4349,314987.4349
5493600,304426.0483,304426.0483
5497200,326230.5735,326230.5735
5500800,327904.2733,327904.2733
5504400,332607.883,332607.883
5508000,323961.9566,323961.9566
5511600,344091.7053,344091.7053
5515200,349198.5104,349198.5104
5518800,322469.5049,322469.5049
5522400,317567.0246,317567.0246
5526000,358882.0421,358882.0421
5529600,353782.7107,353782.7107
5533200,370723.6797,370723.6797
5536800,296852.3805,296852.3805
5540400,346240.3499,346240.3499
5544000,384702.7594,384702.7594
5547600,381765.0519,381765.0519
5551200,349886.3826,349886.3826
5554800,370615.3734,370615.3734
5558400,386842.7521,386842.7521
5562000,382964.5398,382964.5398
5565600,405611.8485,405611.8485
5569200,367542.496,367542.496
5572800,402697.6991,402697.6991
5576400,413007.6154,413007.6154
5580000,400262.6893,400262.6893
5583600,365348.9277,365348.9277
5587200,356547.4049,356547.4049
5590800,334890.1937,334890.1937
5594400,339712.9888,339712.9888
5598000,341238.8683,341238.8683
5601600,368591.3671,368591.3671
5605200,387604.9515,387604.9515
5608800,361343.1235,361343.1235
5612400,344805.3254,344805.3254
5616000,318785.5396,318785.5396
5619600,352531.7875,352531.7875
5623200,341575.2518,341575.2518
5626800,304510.0585,304510.0585
5630400,281705.2757,281705.2757
5634000,299262.0265,299262.0265
5637600,306650.5563,306650.5563
5641200,293810.8976,293810.8976
5644800,372589.6903,372589.6903
5648400,348152.167,348152.167
5652000,391385.8089,391385.8089
5655600,350882.8075,350882.8075
5659200,375845.6043,375845.6043
5662800,366513.3463,366513.3463
5666400,391311.2118,391311.2118
5670000,380853.323,380853.323
5673600,360701.5403,360701.5403
5677200,362956.0183,362956.0183
5680800,344847.6804,344847.6804
5684400,327979.1271,327979.1271
5688000,372173.9877,372173.9877
5691600,358270.8486,358270.8486
5695200,353219.9937,353219.9937
5698800,364520.4193,364520.4193
5702400,369258.312,369258.312
5706000,372685.4536,372685.4536
5709600,425644.1579,425644.1579
5713200,365263.6775,365263.6775
5716800,354299.1267,354299.1267
5720400,337776.0335,337776.0335
5724000,301342.1703,301342.1703
5727600,320912.849,320912.849
5731200,332503.82,332503.82
5734800,321281.0838,321281.0838
5738400,304766.7221,304766.7221
5742000,318020.056,318020.056
5745600,319277.2858,319277.2858
5749200,358620.9982,358620.9982
5752800,356608.4451,356608.4451
5756400,363104.7968,363104.7968
5760000,364719.4956,364719.4956
5763600,388658.9132,388658.9132
5767200,371569.6259,371569.6259
5770800,353638.7027,353638.7027
5774400,362506.5177,362506.5177
5778000,343822.7384,343822.7384
5781600,342120.4551,342120.4551
5785200,342301.033,342301.033
5788800,361199.7608,361199.7608
5792400,388196.1458,388196.1458
5796000,359567.8819,359567.8819
5799600,314292.401,314292.401
5803200,304231.5101,304231.5101
5806800,331900.5138,331900.5138
5810400,299120.1965,299120.1965
5814000,284165.6163,284165.6163
5817600,303315.5597,303315.5597
5821200,313591.2817,313591.2817
5824800,287677.0497,287677.0497
5828400,314153.4969,314153.4969
5832000,326400.0933,326400.0933
5835600,337243.0807,337243.0807
5839200,350586.7423,350586.7423
5842800,355990.5949,355990.5949
5846400,341058.0985,341058.0985
5850000,354040.4596,354040.4596
5853600,348892.433,348892.433
5857200,347258.7985,347258.7985
5860800,355162.1167,355162.1167
5864400,340481.9916,340481.9916
5868000,326067.8397,326067.8397
5871600,321352.1125,321352.1125
5875200,346704.6983,346704.6983
5878800,310890.7808,310890.7808
5882400,292304.2015,292304.2015
5886000,288483.1179,288483.1179
5889600,272667.3732,272667.3732
5893200,262243.0424,262243.0424
5896800,259372.0204,259372.0204
5900400,274232.6063,274232.6063
5904000,264904.1952,264904.1952
5907600,280000.8601,280000.8601
5911200,254148.1125,254148.1125
5914800,269154.9803,269154.9803
5918400,282043.8581,282043.8581
5922000,297194.9735,297194.9735
5925600,267044.1453,267044.1453
5929200,270105.1326,270105.1326
5932800,268055.7539,268055.7539
5936400,282598.9529,282598.9529
5940000,288716.6507,288716.6507
5943600,293093.4381,293093.4381
5947200,270988.4396,270988.4396
5950800,265732.2714,265732.2714
5954400,266313.6929,266313.6929
5958000,265133.1792,265133.1792
5961600,308056.9736,308056.9736
5965200,282000.1414,282000.1414
5968800,244299.0993,244299.0993
5972400,236639.4115,236639.4115
5976000,239683.7016,239683.7016
5979600,228534.7298,228534.7298
5983200,237989.0558,237989.0558
5986800,236515.2093,236515.2093
5990400,266142.4566,266142.4566
5994000,236661.3406,236661.3406
5997600,260860.8557,260860.8557
6001200,265959.8815,265959.8815
6004800,266766.0216,266766.0216
6008400,280942.1383,280942.1383
6012000,279748.7395,279748.7395
6015600,279482.2291,279482.2291
6019200,287134.742,287134.742
6022800,291047.4035,291047.4035
6026400,288437.6002,288437.6002
6030000,297296.4349,297296.4349
6033600,289440.3958,289440.3958
6037200,307284.4189,307284.4189
6040800,302906.1637,302906.1637
6044400,312251.4778,312251.4778
6048000,300275.3281,300275.3281
6051600,346775.8601,346775.8601
6055200,315621.3741,315621.3741
6058800,308445.2695,308445.2695
6062400,297608.8836,297608.8836
6066000,293722.1116,293722.1116
6069600,268891.9965,268891.9965
6073200,289497.9987,289497.9987
6076800,305062.4719,305062.4719
6080400,289437.4415,289437.4415
6084000,329223.5292,329223.5292
6087600,296177.4221,296177.4221
6091200,305081.8252,305081.8252
6094800,375324.959,375324.959
6098400,326038.0773,326038.0773
6102000,330491.4643,330491.4643
6105600,334418.9667,334418.9667
6109200,365087.9492,365087.9492
6112800,355325.5046,355325.5046
6116400,363550.4538,363550.4538
6120000,336770.689,336770.689
6123600,356374.7339,356374.7339
6127200,365193.7849,365193.7849
6130800,373619.6204,373619.6204
6134400,400268.6474,400268.6474
6138000,353998.95,353998.95
6141600,338990.8391,338990.8391
6145200,318865.5969,318865.5969
6148800,314199.0827,314199.0827
6152400,317265.3,317265.3
6156000,313472.9484,313472.9484
6159600,309449.7353,309449.7353
6163200,305871.0024,305871.0024
6166800,285972.9558,285972.9558
6170400,299119.2507,299119.2507
6174000,305543.6702,305543.6702
6177600,316696.7964,316696.7964
6181200,354186.6014,354186.6014
6184800,375390.8453,375390.8453
6188400,342758.2492,342758.2492
6192000,388257.182,388257.182
6195600,348247.6378,348247.6378
6199200,326314.178,326314.178
6202800,334806.6699,334806.6699
6206400,340433.5946,340433.5946
6210000,340031.933,340031.933
6213600,361145.1485,361145.1485
6217200,384942.4224,384942.4224
6220800,377259.5556,377259.5556
6224400,344707.0206,344707.0206
6228000,343512.8232,343512.8232
6231600,365049.1825,365049.1825
6235200,347572.9017,347572.9017
6238800,338388.5971,338388.5971
6242400,330352.679,330352.679
6246000,310055.5894,310055.5894
6249600,320382.2676,320382.2676
6253200,317602.8069,317602.8069
6256800,259893.0777,259893.0777
6260400,279998.669,279998.669
6264000,288108.3156,288108.3156
6267600,292894.0968,292894.0968
6271200,305314.937,305314.937
6274800,313779.0643,313779.0643
6278400,330357.3299,330357.3299
6282000,326305.229,326305.229
6285600,354893.1844,354893.1844
6289200,330082.2617,330082.2617
6292800,395948.3966,395948.3966
6296400,373450.3263,373450.3263
6300000,363259.0377,363259.0377
6303600,335853.161,335853.161
6307200,384996.0421,384996.0421
6310800,374457.1396,374457.1396
6314400,322588.3286,322588.3286
6318000,294210.6351,294210.6351
6321600,292235.2868,292235.2868
6325200,321899.781,321899.781
6328800,320803.6637,320803.6637
6332400,306917.9928,306917.9928
6336000,299806.0435,299806.0435
6339600,322966.0878,322966.0878
6343200,287905.2381,287905.2381
6346800,395260.7284,395260.7284
6350400,383034.8998,383034.8998
6354000,413357.3966,413357.3966
6357600,413470.3257,413470.3257
6361200,412496.3271,412496.3271
6364800,379811.0333,379811.0333
6368400,363970.265,363970.265
6372000,334979.1621,334979.1621
6375600,346765.3776,346765.3776
6379200,340206.6211,340206.6211
6382800,330598.9323,330598.9323
6386400,323201.9825,323201.9825
6390000,353673.0234,353673.0234
6393600,384903.4456,384903.4456
6397200,378564.1887,378564.1887
6400800,338632.6289,338632.6289
6404400,342652.6159,342652.6159
6408000,342596.2908,342596.2908
6411600,343956.7488,343956.7488
6415200,301890.2056,301890.2056
6418800,309269.0736,309269.0736
6422400,377836.6782,377836.6782
6426000,396625.7763,396625.7763
6429600,438888.651,438888.651
6433200,420251.1926,420251.1926
6436800,415597.3287,415597.3287
6440400,335480.2426,335480.2426
6444000,352013.9428,352013.9428
6447600,334145.8433,334145.8433
6451200,311094.8779,311094.8779
6454800,333015.0051,333015.0051
6458400,349485.4103,349485.4103
6462000,349028.4986,349028.4986
6465600,353964.2929,353964.2929
6469200,330619.9549,330619.9549
6472800,377701.3421,377701.3421
6476400,345035.0982,345035.0982
6480000,368418.3406,368418.3406
6483600,337843.8671,337843.8671
6487200,303605.4503,303605.4503
6490800,274143.8196,274143.8196
6494400,261347.7104,261347.7104
6498000,253572.5435,253572.5435
6501600,280583.348,280583.348
6505200,242670.3738,242670.3738
6508800,262293.0274,262293.0274
6512400,291184.4433,291184.4433
6516000,325057.1271,325057.1271
6519600,344117.2975,344117.2975
6523200,327316.2587,327316.2587
6526800,323468.8711,323468.8711
6530400,338740.5686,338740.5686
6534000,363378.9703,363378.9703
6537600,365163.1972,365163.1972
6541200,345766.3456,345766.3456
6544800,362504.9292,362504.9292
6548400,347314.9622,347314.9622
6552000,340559.5255,340559.5255
6555600,361478.2837,361478.2837
6559200,379527.3126,379527.3126
6562800,375563.7034,375563.7034
6566400,412147.3804,412147.3804
6570000,370787.7287,370787.7287
6573600,366752.5029,366752.5029
6577200,337497.941,337497.941
6580800,328644.6947,328644.6947
6584400,325635.4413,325635.4413
6588000,341503.9677,341503.9677
6591600,325890.7891,325890.7891
6595200,268827.4518,268827.4518
6598800,258192.0722,258192.0722
6602400,276218.1703,276218.1703
6606000,256170.4014,256170.4014
6609600,254899.4675,254899.4675
6613200,253767.2405,253767.2405
6616800,272523.4098,272523.4098
6620400,264377.2541,264377.2541
6624000,274053.5683,274053.5683
6627600,269133.8574,269133.8574
6631200,281355.9065,281355.9065
6634800,343415.9783,343415.9783
6638400,352698.8259,352698.8259
6642000,326238.4214,326238.4214
6645600,328582.5881,328582.5881
6649200,325139.0464,325139.0464
6652800,354045.8917,354045.8917
6656400,351828.9522,351828.9522
6660000,346294.2841,346294.2841
6663600,322467.7185,322467.7185
6667200,327435.5516,327435.5516
6670800,334882.4352,334882.4352
6674400,328541.7638,328541.7638
6678000,310311.4054,310311.4054
6681600,340947.7415,340947.7415
6685200,379558.3619,379558.3619
6688800,364648.8135,364648.8135
6692400,333851.8056,333851.8056
6696000,344397.0941,344397.0941
6699600,359376.3311,359376.3311
6703200,353936.6976,353936.6976
6706800,360851.7423,360851.7423
6710400,350796.962,350796.962
6714000,352643.2411,352643.2411
6717600,370634.7819,370634.7819
6721200,367207.9607,367207.9607
6724800,390755.1489,390755.1489
6728400,393044.0887,393044.0887
6732000,387518.8894,387518.8894
6735600,377207.2214,377207.2214
6739200,408355.2288,408355.2288
6742800,382851.6108,382851.6108
6746400,400326.7541,400326.7541
6750000,398381.7539,398381.7539
6753600,448869.2969,448869.2969
6757200,444857.3928,444857.3928
6760800,439253.0252,439253.0252
6764400,420038.0781,420038.0781
6768000,447721.3068,447721.3068
6771600,445457.6667,445457.6667
6775200,431819.72,431819.72
6778800,351385.201,351385.201
6782400,399319.3745,399319.3745
6786000,392244.672,392244.672
6789600,430058.5791,430058.5791
6793200,377870.4212,377870.4212
6796800,352458.7977,352458.7977
6800400,440044.2497,440044.2497
6804000,414657.3994,414657.3994
6807600,343437.4068,343437.4068
6811200,422451.9501,422451.9501
6814800,419220.6859,419220.6859
6818400,444670.7196,444670.7196
6822000,411976.2745,411976.2745
6825600,454907.3691,454907.3691
6829200,436597.3197,436597.3197
6832800,407823.5299,407823.5299
6836400,375935.2091,375935.2091
6840000,310453.8084,310453.8084
6843600,415935.0259,415935.0259
6847200,409734.4176,409734.4176
6850800,399748.448,399748.448
6854400,418713.6026,418713.6026
6858000,419228.3758,419228.3758
6861600,420297.3154,420297.3154
6865200,420763.7775,420763.7775
6868800,420433.0349,420433.0349
6872400,425027.2077,425027.2077
6876000,392222.6229,392222.6229
6879600,393897.4515,393897.4515
6883200,401323.0023,401323.0023
6886800,405597.8964,405597.8964
6890400,393167.2903,393167.2903
6894000,366156.6545,366156.6545
6897600,402535.6666,402535.6666
6901200,386080.5688,386080.5688
6904800,397520.0231,397520.0231
6908400,414145.6683,414145.6683
6912000,414110.8802,414110.8802
6915600,360826.2318,360826.2318
6919200,370973.6122,370973.6122
6922800,291104.4462,291104.4462
6926400,251215.1352,251215.1352
6930000,344989.8153,344989.8153
6933600,385850.3658,385850.3658
6937200,378199.362,378199.362
6940800,390739.9761,390739.9761
6944400,394645.8694,394645.8694
6948000,426260.175,426260.175
6951600,373826.1365,373826.1365
6955200,420209.228,420209.228
6958800,378061.8984,378061.8984
6962400,400574.395,400574.395
6966000,406915.2081,406915.2081
6969600,415797.3561,415797.3561
6973200,403194.1992,403194.1992
6976800,402076.1843,402076.1843
6980400,367835.8661,367835.8661
6984000,404919.753,404919.753
6987600,407903.4259,407903.4259
6991200,407080.525,407080.525
6994800,387888.0693,387888.0693
6998400,391602.4664,391602.4664
7002000,395894.0678,395894.0678
7005600,385348.3617,385348.3617
7009200,396966.053,396966.053
7012800,397156.688,397156.688
7016400,392271.7598,392271.7598
7020000,393719.8523,393719.8523
7023600,386815.6762,386815.6762
7027200,352083.8236,352083.8236
7030800,336097.8148,336097.8148
7034400,354354.2462,354354.2462
7038000,356447.3171,356447.3171
7041600,314923.0624,314923.0624
7045200,353306.7343,353306.7343
7048800,319299.1502,319299.1502
7052400,351611.1794,351611.1794
7056000,356216.5398,356216.5398
7059600,354038.7496,354038.7496
7063200,360764.806,360764.806
7066800,396677.5158,396677.5158
7070400,421245.3468,421245.3468
7074000,364249.0936,364249.0936
7077600,346185.2387,346185.2387
7081200,394676.3346,394676.3346
7084800,400560.0997,400560.0997
7088400,390005.625,390005.625
7092000,363148.0927,363148.0927
7095600,341524.5504,341524.5504
7099200,320880.7385,320880.7385
7102800,335686.0848,335686.0848
7106400,310795.1657,310795.1657
7110000,305407.9583,305407.9583
7113600,263546.266,263546.266
7117200,290583.0332,290583.0332
7120800,290325.4453,290325.4453
7124400,302839.7542,302839.7542
7128000,349962.9564,349962.9564
7131600,355321.1017,355321.1017
7135200,347697.8593,347697.8593
7138800,357898.432,357898.432
7142400,356086.4429,356086.4429
7146000,365718.4268,365718.4268
7149600,364591.3332,364591.3332
7153200,359606.9899,359606.9899
7156800,344955.1033,344955.1033
7160400,355211.274,355211.274
7164000,347661.1677,347661.1677
7167600,363191.0654,363191.0654
7171200,388314.5896,388314.5896
7174800,355625.6141,355625.6141
7178400,343785.7988,343785.7988
7182000,313194.0193,313194.0193
7185600,277022.346,277022.346
7189200,293596.7832,293596.7832
7192800,289593.645,289593.645
7196400,300542.0024,300542.0024
7200000,322345.1054,322345.1054
7203600,301524.477,301524.477
7207200,277148.1496,277148.1496
7210800,338641.3274,338641.3274
7214400,282477.3138,282477.3138
7218000,330577.929,330577.929
7221600,329607.1388,329607.1388
7225200,376242.7396,376242.7396
7228800,342284.7432,342284.7432
7232400,336703.48,336703.48
7236000,316780.6347,316780.6347
7239600,322016.8773,322016.8773
7243200,312177.7849,312177.7849
7246800,350399.4938,350399.4938
7250400,333868.8999,333868.8999
7254000,329190.8047,329190.8047
7257600,248096.3227,248096.3227
7261200,281667.2652,281667.2652
7264800,269464.7873,269464.7873
7268400,272222.0088,272222.0088
7272000,263058.2677,263058.2677
7275600,260556.0389,260556.0389
7279200,247422.1778,247422.1778
7282800,267190.1374,267190.1374
7286400,297499.886,297499.886
7290000,303715.0682,303715.0682
7293600,308044.9853,308044.9853
7297200,315347.8237,315347.8237
7300800,302590.0634,302590.0634
7304400,354701.002,354701.002
7308000,372712.4434,372712.4434
7311600,334071.7467,334071.7467
7315200,330962.398,330962.398
7318800,348240.0952,348240.0952
7322400,393808.1833,393808.1833
7326000,405539.3099,405539.3099
7329600,394376.0633,394376.0633
7333200,370343.1652,370343.1652
7336800,384117.8609,384117.8609
7340400,359216.0411,359216.0411
7344000,383007.7107,383007.7107
7347600,398107.9574,398107.9574
7351200,361213.515,361213.515
7354800,347508.8837,347508.8837
7358400,316045.1152,316045.1152
7362000,367362.3184,367362.3184
7365600,347062.5208,347062.5208
7369200,350919.3032,350919.3032
7372800,292802.835,292802.835
7376400,314915.6319,314915.6319
7380000,315024.3968,315024.3968
7383600,299396.5581,299396.5581
7387200,318031.902,318031.902
7390800,355422.1144,355422.1144
7394400,343041.2787,343041.2787
7398000,359919.2866,359919.2866
7401600,341302.5142,341302.5142
7405200,342843.8834,342843.8834
7408800,356248.7753,356248.7753
7412400,369142.7575,369142.7575
7416000,336854.5089,336854.5089
7419600,323984.3507,323984.3507
7423200,334926.324,334926.324
7426800,355194.0953,355194.0953
7430400,362083.5106,362083.5106
7434000,378579.0937,378579.0937
7437600,341091.5279,341091.5279
7441200,341042.0406,341042.0406
7444800,305197.2484,305197.2484
7448400,296308.6448,296308.6448
7452000,282379.6109,282379.6109
7455600,303232.556,303232.556
7459200,315200.6903,315200.6903
7462800,333672.538,333672.538
7466400,346418.6028,346418.6028
7470000,356557.175,356557.175
7473600,351419.6768,351419.6768
7477200,348501.616,348501.616
7480800,350344.6144,350344.6144
7484400,365505.8239,365505.8239
7488000,369293.4703,369293.4703
7491600,370976.3008,370976.3008
7495200,345762.2038,345762.2038
7498800,363836.6936,363836.6936
7502400,336212.3091,336212.3091
7506000,345661.5184,345661.5184
7509600,350423.5699,350423.5699
7513200,338182.6384,338182.6384
7516800,328350.3866,328350.3866
7520400,331942.7764,331942.7764
7524000,315015.9192,315015.9192
7527600,343971.6541,343971.6541
7531200,335390.1797,335390.1797
7534800,334939.5134,334939.5134
7538400,301485.3367,301485.3367
7542000,296747.5644,296747.5644
7545600,320923.1843,320923.1843
7549200,292107.1686,292107.1686
7552800,307805.1532,307805.1532
7556400,337182.4129,337182.4129
7560000,316058.8713,316058.8713
7563600,379655.8924,379655.8924
7567200,344100.5243,344100.5243
7570800,369746.0807,369746.0807
7574400,355421.433,355421.433
7578000,405217.3738,405217.3738
7581600,387709.2867,387709.2867
7585200,404512.1971,404512.1971
7588800,428245.707,428245.707
7592400,431537.3575,431537.3575
7596000,424712.1646,424712.1646
7599600,422907.9323,422907.9323
7603200,406931.9141,406931.9141
7606800,374583.2144,374583.2144
7610400,327147.4106,327147.4106
7614000,318714.8087,318714.8087
7617600,310647.5094,310647.5094
7621200,312883.2825,312883.2825
7624800,285721.1247,285721.1247
7628400,267277.3291,267277.3291
7632000,276012.4676,276012.4676
7635600,313950.4928,313950.4928
7639200,276385.9381,276385.9381
7642800,322740.2341,322740.2341
7646400,296505.4634,296505.4634
7650000,343997.7621,343997.7621
7653600,340637.3868,340637.3868
7657200,348394.0197,348394.0197
7660800,313094.1609,313094.1609
7664400,321373.4345,321373.4345
7668000,326255.1982,326255.1982
7671600,300144.1307,300144.1307
7675200,288040.4575,288040.4575
7678800,281475.5485,281475.5485
7682400,272788.0906,272788.0906
7686000,281507.5025,281507.5025
7689600,298894.9342,298894.9342
7693200,350937.3542,350937.3542
7696800,279920.5925,279920.5925
7700400,296132.9157,296132.9157
7704000,293304.0858,293304.0858
7707600,288290.289,288290.289
7711200,287165.3247,287165.3247
7714800,289375.718,289375.718
7718400,315234.3725,315234.3725
7722000,289689.4301,289689.4301
7725600,313040.3885,313040.3885
7729200,306733.2082,306733.2082
7732800,295540.7167,295540.7167
7736400,343145.0396,343145.0396
7740000,317496.0664,317496.0664
7743600,324548.2559,324548.2559
7747200,311903.5503,311903.5503
7750800,318669.8217,318669.8217
7754400,311753.0609,311753.0609
7758000,297476.1292,297476.1292
7761600,313146.3589,313146.3589
7765200,297043.6396,297043.6396
7768800,293974.8993,293974.8993
7772400,290050.4346,290050.4346
7776000,323650.3555,323650.3555
7779600,309659.1058,309659.1058
7783200,283815.514,283815.514
7786800,253799.0067,253799.0067
7790400,251301.9673,251301.9673
7794000,252077.8612,252077.8612
7797600,259468.683,259468.683
7801200,282703.23,282703.23
7804800,282653.6989,282653.6989
7808400,273194.5919,273194.5919
7812000,279072.3558,279072.3558
7815600,269138.7505,269138.7505
7819200,278860.8789,278860.8789
7822800,298974.4321,298974.4321
7826400,281833.6698,281833.6698
7830000,299624.3326,299624.3326
7833600,277082.6106,277082.6106
7837200,279369.2635,279369.2635
7840800,300962.9603,300962.9603
7844400,281049.5193,281049.5193
7848000,259629.3888,259629.3888
7851600,287521.7126,287521.7126
7855200,266746.7477,266746.7477
7858800,274303.2648,274303.2648
7862400,296349.5783,296349.5783
7866000,290378.2368,290378.2368
7869600,305703.1216,305703.1216
7873200,339469.3254,339469.3254
7876800,302868.9965,302868.9965
7880400,297435.724,297435.724
7884000,312640.5005,312640.5005
7887600,291006.5097,291006.5097
7891200,295439.0618,295439.0618
7894800,276355.4234,276355.4234
7898400,268940.7463,268940.7463
7902000,306807.8084,306807.8084
7905600,298981.7302,298981.7302
7909200,320788.8905,320788.8905
7912800,310228.503,310228.503
7916400,332034.0243,332034.0243
7920000,333708.7172,333708.7172
7923600,338413.317,338413.317
7927200,329768.3777,329768.3777
7930800,349899.1106,349899.1106
7934400,355006.8969,355006.8969
7938000,328278.8695,328278.8695
7941600,323377.3644,323377.3644
7945200,364693.3542,364693.3542
7948800,359594.992,359594.992
7952400,376536.9271,376536.9271
7956000,302666.5912,302666.5912
7959600,352055.5209,352055.5209
7963200,390518.8876,390518.8876
7966800,387582.1344,387582.1344
7970400,355704.4163,355704.4163
7974000,376434.3554,376434.3554
7977600,392662.6794,392662.6794
7981200,388785.4094,388785.4094
7984800,411433.6574,411433.6574
7988400,373365.2411,373365.2411
7992000,408521.3776,408521.3776
7995600,418832.2242,418832.2242
7999200,406088.2254,406088.2254
8002800,371175.388,371175.388
8006400,362374.7866,362374.7866
8010000,340718.4937,340718.4937
8013600,345542.2041,345542.2041
8017200,347068.9959,347068.9959
8020800,374422.404,374422.404
8024400,393436.8947,393436.8947
8028000,367175.9701,367175.9701
8031600,350639.0723,350639.0723
8035200,324620.1838,324620.1838
8038800,358367.326,358367.326
8042400,347411.6816,347411.6816
8046000,310347.3767,310347.3767
8049600,287543.4791,287543.4791
8053200,305101.1122,305101.1122
8056800,312490.5214,312490.5214
8060400,299651.739,299651.739
8064000,378431.4049,378431.4049
8067600,353994.7519,353994.7519
8071200,397229.2611,397229.2611
8074800,356727.124,356727.124
8078400,381690.782,381690.782
8082000,372359.3823,372359.3823
8085600,397158.103,397158.103
8089200,386701.0665,386701.0665
8092800,366550.133,366550.133
8096400,368805.4572,368805.4572
8100000,350697.9625,350697.9625
8103600,333830.2495,333830.2495
8107200,378025.9472,378025.9472
8110800,364123.6423,364123.6423
8114400,359073.6186,359073.6186
8118000,370374.8724,370374.8724
8121600,375113.5902,375113.5902
8125200,378541.554,378541.554
8128800,431501.0774,431501.0774
8132400,371121.4132,371121.4132
8136000,360157.6754,360157.6754
8139600,343635.3923,343635.3923
8143200,307202.3362,307202.3362
8146800,326773.819,326773.819
8150400,338365.591,338365.591
8154000,327143.6528,327143.6528
8157600,310630.0861,310630.0861
8161200,323884.212,323884.212
8164800,325142.2308,325142.2308
8168400,364486.7292,364486.7292
8172000,362474.9589,362474.9589
8175600,368972.0906,368972.0906
8179200,370587.5663,370587.5663
8182800,394527.7578,394527.7578
8186400,377439.2413,377439.2413
8190000,359509.086,359509.086
8193600,368377.6659,368377.6659
8197200,349694.6483,349694.6483
8200800,347993.1238,347993.1238
8204400,348174.4575,348174.4575
8208000,367073.938,367073.938
8211600,394071.0727,394071.0727
8215200,365443.5555,365443.5555
8218800,320168.8183,320168.8183
8222400,310108.6681,310108.6681
8226000,337778.4094,337778.4094
8229600,304998.8267,304998.8267
8233200,290044.9781,290044.9781
8236800,309195.65,309195.65
8240400,319472.0975,319472.0975
8244000,293558.5881,293558.5881
8247600,320035.7548,320035.7548
8251200,332283.0676,332283.0676
8254800,343126.7684,343126.7684
8258400,356471.1404,356471.1404
8262000,361875.7004,361875.7004
8265600,346943.9083,346943.9083
8269200,359926.9708,359926.9708
8272800,354779.6425,354779.6425
8276400,353146.7032,353146.7032
8280000,361050.7137,361050.7137
8283600,346371.2778,346371.2778
8287200,331957.812,331957.812
8290800,327242.7679,327242.7679
8294400,352596.0338,352596.0338
8298000,316782.7935,316782.7935
8301600,298196.8882,298196.8882
8305200,294376.4756,294376.4756
8308800,278561.3989,278561.3989
8312400,268137.733,268137.733
8316000,265267.373,265267.373
8319600,280128.6177,280128.6177
8323200,270800.8625,270800.8625
8326800,285898.1802,285898.1802
8330400,260046.0824,260046.0824
8334000,275053.5969,275053.5969
8337600,287943.1185,287943.1185
8341200,303094.8746,303094.8746
8344800,272944.684,272944.684
8348400,276006.3059,276006.3059
8352000,273957.5588,273957.5588
8355600,288501.3864,288501.3864
8359200,294619.7096,294619.7096
8362800,298997.1195,298997.1195
8366400,276892.7404,276892.7404
8370000,271637.1886,271637.1886
8373600,272219.2235,272219.2235
8377200,271039.3201,271039.3201
8380800,313963.7217,313963.7217
8384400,287907.4938,287907.4938
8388000,250207.0529,250207.0529
8391600,242547.9633,242547.9633
8395200,245592.8485,245592.8485
8398800,234444.4688,234444.4688
8402400,243899.3838,243899.3838
8406000,242426.1233,242426.1233
8409600,272053.9535,272053.9535
8413200,242573.4174,242573.4174
8416800,266773.5094,266773.5094
8420400,271873.1091,271873.1091
8424000,272679.82,272679.82
8427600,286856.5044,286856.5044
8431200,285663.6704,285663.6704
8434800,285397.7216,285397.7216
8438400,293050.7931,293050.7931
8442000,296964.0102,296964.0102
8445600,294354.7595,294354.7595
8449200,303214.1436,303214.1436
8452800,295358.651,295358.651
8456400,313203.2175,313203.2175
8460000,308825.5026,308825.5026
8463600,318171.354,318171.354
8467200,306195.7386,306195.7386
8470800,352696.8018,352696.8018
8474400,321542.8439,321542.8439
8478000,314367.2644,314367.2644
8481600,303531.4007,303531.4007
8485200,299645.1477,299645.1477
8488800,274815.5486,274815.5486
8492400,295422.0638,295422.0638
8496000,310987.0468,310987.0468
8499600,295362.5232,295362.5232
8503200,335149.1147,335149.1147
8506800,302103.5084,302103.5084
8510400,311008.4092,311008.4092
8514000,381252.0376,381252.0376
8517600,331965.6476,331965.6476
8521200,336419.523,336419.523
8524800,340347.511,340347.511
8528400,371016.9759,371016.9759
8532000,361255.0107,361255.0107
8535600,369480.4363,369480.4363
8539200,342701.1448,342701.1448
8542800,362305.6599,362305.6599
8546400,371125.1781,371125.1781
8550000,379551.4777,379551.4777
8553600,406200.9658,406200.9658
8557200,359931.7265,359931.7265
8560800,344924.0706,344924.0706
8564400,324799.2803,324799.2803
8568000,320133.2149,320133.2149
8571600,323199.8781,323199.8781
8575200,319407.9693,319407.9693
8578800,315385.1959,315385.1959
8582400,311806.8997,311806.8997
8586000,291909.2867,291909.2867
8589600,305056.0122,305056.0122
8593200,311480.8591,311480.8591
8596800,322634.4098,322634.4098
8600400,360124.6362,360124.6362
8604000,381329.2984,381329.2984
8607600,348697.1176,348697.1176
8611200,394196.4627,394196.4627
8614800,354187.3277,354187.3277
8618400,332254.274,332254.274
8622000,340747.1689,340747.1689
8625600,346374.4937,346374.4937
8629200,345973.229,345973.229
8632800,367086.8384,367086.8384
8636400,390884.5032,390884.5032
8640000,383202.0241,383202.0241
8643600,350649.8738,350649.8738
8647200,349456.0581,349456.0581
8650800,370992.796,370992.796
8654400,353516.8908,353516.8908
8658000,344332.9587,344332.9587
8661600,336297.41,336297.41
8665200,316000.6869,316000.6869
8668800,326327.7283,326327.7283
8672400,323548.6279,323548.6279
8676000,265839.2559,265839.2559
8679600,285945.2014,285945.2014
8683200,294055.1991,294055.1991
8686800,298841.3282,298841.3282
8690400,311262.5134,311262.5134
8694000,319726.9826,319726.9826
8697600,336305.5871,336305.5871
8701200,332253.8219,332253.8219
8704800,360842.11,360842.11
8708400,336031.517,336031.517
8712000,401897.9785,401897.9785
8715600,379400.2318,379400.2318
8719200,369209.2637,369209.2637
8722800,341803.7044,341803.7044
8726400,390946.8998,390946.8998
8730000,380408.3087,380408.3087
8733600,328539.8059,328539.8059
8737200,300162.4176,300162.4176
8740800,298187.3714,298187.3714
8744400,327852.1647,327852.1647
8748000,326756.3433,326756.3433
8751600,312870.9653,312870.9653
8755200,305759.3059,305759.3059
8758800,328919.637,328919.637
8762400,293859.0711,293859.0711
8766000,401214.842,401214.842
8769600,388989.291,388989.291
8773200,419312.0623,419312.0623
8776800,419425.2629,419425.2629
8780400,418451.5327,418451.5327
8784000,385766.5043,385766.5043
8787600,369925.9983,369925.9983
8791200,340935.1547,340935.1547
8794800,352721.6263,352721.6263
8798400,346163.123,346163.123
8802000,336555.6841,336555.6841
8805600,329158.9813,329158.9813
8809200,359630.2661,359630.2661
8812800,390860.9291,390860.9291
8816400,384521.9101,384521.9101
8820000,344590.585,344590.585
8823600,348610.8036,348610.8036
8827200,348554.7071,348554.7071
8830800,349915.3907,349915.3907
8834400,307849.0699,307849.0699
8838000,315228.1572,315228.1572
8841600,383795.9781,383795.9781
8845200,402585.2896,402585.2896
8848800,444848.3744,444848.3744
8852400,426211.1232,426211.1232
8856000,421557.4633,421557.4633
8859600,341440.5782,341440.5782
8863200,357974.4763,357974.4763
8866800,340106.5717,340106.5717
8870400,317055.7981,317055.7981
8874000,338976.114,338976.114
8877600,355446.7049,355446.7049
8881200,354989.9757,354989.9757
8884800,359925.9496,359925.9496
8888400,336581.788,336581.788
8892000,383663.3486,383663.3486
8895600,350997.2751,350997.2751
8899200,374380.6847,374380.6847
8902800,343806.3754,343806.3754
8906400,309568.1198,309568.1198
8910000,280106.6471,280106.6471
8913600,267310.6929,267310.6929
8917200,259535.6778,259535.6778
8920800,286546.6312,286546.6312
8924400,248633.8028,248633.8028
8928000,268256.5991,268256.5991
8931600,297148.1547,297148.1547
8935200,331020.975,331020.975
8938800,350081.2789,350081.2789
8942400,333280.3706,333280.3706
8946000,329433.1104,329433.1104
8949600,344704.9321,344704.9321
8953200,369343.4551,369343.4551
8956800,371127.8001,371127.8001
8960400,351731.0637,351731.0637
8964000,368469.7593,368469.7593
8967600,353279.9012,353279.9012
8971200,346524.5705,346524.5705
8974800,367443.4315,367443.4315
8978400,385492.5602,385492.5602
8982000,381529.0477,381529.0477
8985600,418112.8183,418112.8183
8989200,376753.2571,376753.2571
8992800,372718.1187,372718.1187
8996400,343463.6413,343463.6413
9000000,334610.4764,334610.4764
9003600,331601.3012,331601.3012
9007200,347469.9028,347469.9028
9010800,331856.7964,331856.7964
9014400,274793.5281,274793.5281
9018000,264158.2145,264158.2145
9021600,282184.3755,282184.3755
9025200,262136.6664,262136.6664
9028800,260865.7893,260865.7893
9032400,259733.6161,259733.6161
9036000,278489.8361,278489.8361
9039600,270343.728,270343.728
9043200,280020.0866,280020.0866
9046800,275100.4172,275100.4172
9050400,287322.5046,287322.5046
9054000,349382.6117,349382.6117
9057600,358665.4916,358665.4916
9061200,332205.1162,332205.1162
9064800,334549.309,334549.309
9068400,331105.7904,331105.7904
9072000,360012.6556,360012.6556
9075600,357795.733,357795.733
9079200,352261.0787,352261.0787
9082800,328434.5238,328434.5238
9086400,333402.3646,333402.3646
9090000,340849.2528,340849.2528
9093600,334508.583,334508.583
9097200,316278.2231,316278.2231
9100800,346914.5545,346914.5545
9104400,385525.1673,385525.1673
9108000,370615.6081,370615.6081
9111600,339818.5864,339818.5864
9115200,350363.858,350363.858
9118800,365343.0751,365343.0751
9122400,359903.4186,359903.4186
9126000,366818.4371,366818.4371
9129600,356763.6277,356763.6277
9133200,358609.8746,358609.8746
9136800,376601.38,376601.38
9140400,373174.5205,373174.5205
9144000,396721.6672,396721.6672
9147600,399010.5625,399010.5625
9151200,393485.3157,393485.3157
9154800,383173.597,383173.597
9158400,414321.5507,414321.5507
9162000,388817.8759,388817.8759
9165600,406292.9594,406292.9594
9169200,404347.8962,404347.8962
9172800,454835.3732,454835.3732
9176400,450823.4,450823.4
9180000,445218.9603,445218.9603
9183600,426003.938,426003.938
9187200,453687.0884,453687.0884
9190800,451423.367,451423.367
9194400,437785.3359,437785.3359
9198000,357350.7294,357350.7294
9201600,405284.8123,405284.8123
9205200,398210.0162,398210.0162
9208800,436023.8266,436023.8266
9212400,383835.569,383835.569
9216000,358423.8427,358423.8427
9219600,446009.1887,446009.1887
9223200,420622.2295,420622.2295
9226800,349402.1249,349402.1249
9230400,428416.5531,428416.5531
9234000,425185.1707,425185.1707
9237600,450635.0832,450635.0832
9241200,417940.5137,417940.5137
9244800,460871.4809,460871.4809
9248400,442561.3012,442561.3012
9252000,413787.3778,413787.3778
9255600,381898.9205,381898.9205
9259200,316417.3801,316417.3801
9262800,421898.4549,421898.4549
9266400,415697.7008,415697.7008
9270000,405711.5824,405711.5824
9273600,424676.5851,424676.5851
9277200,425191.2032,425191.2032
9280800,426259.9848,426259.9848
9284400,426726.2858,426726.2858
9288000,426395.379,426395.379
9291600,430989.3845,430989.3845
9295200,398184.6294,398184.6294
9298800,399859.2846,399859.2846
9302400,407284.659,407284.659
9306000,411559.3735,411559.3735
9309600,399128.5848,399128.5848
9313200,372117.7634,372117.7634
9316800,408496.5868,408496.5868
9320400,392041.2972,392041.2972
9324000,403480.5566,403480.5566
9327600,420106.0039,420106.0039
9331200,420071.0148,420071.0148
9334800,366786.1624,366786.1624
9338400,376933.3356,376933.3356
9342000,297063.9594,297063.9594
9345600,257174.4352,257174.4352
9349200,350948.8989,350948.8989
9352800,391809.23,391809.23
9356400,384158.0038,384158.0038
9360000,396698.3924,396698.3924
9363600,400604.0571,400604.0571
9367200,432218.1311,432218.1311
9370800,379783.8579,379783.8579
9374400,426166.7116,426166.7116
9378000,384019.1411,384019.1411
9381600,406531.3939,406531.3939
9385200,412871.96,412871.96
9388800,421753.858,421753.858
9392400,409150.4479,409150.4479
9396000,408032.1769,408032.1769
9399600,373791.5994,373791.5994
9403200,410875.224,410875.224
9406800,413858.6316,413858.6316
9410400,413035.4622,413035.4622
9414000,393842.7351,393842.7351
9417600,397556.8576,397556.8576
9421200,401848.1815,401848.1815
9424800,391302.1946,391302.1946
9428400,402919.6022,402919.6022
9432000,403109.9504,403109.9504
9435600,398224.7323,398224.7323
9439200,399672.5319,399672.5319
9442800,392768.0598,392768.0598
9446400,358035.9082,358035.9082
9450000,342049.5973,342049.5973
9453600,360305.7235,360305.7235
9457200,362398.4861,362398.4861
9460800,320873.9202,320873.9202
9464400,359257.2777,359257.2777
9468000,325249.3762,325249.3762
9471600,357561.0848,357561.0848
9475200,362166.1218,362166.1218
9478800,359988.005,359988.005
9482400,366713.7316,366713.7316
9486000,402626.1088,402626.1088
9489600,427193.6039,427193.6039
9493200,370197.0119,370197.0119
9496800,352132.8151,352132.8151
9500400,400623.5661,400623.5661
9504000,406506.9831,406506.9831
9507600,395952.1573,395952.1573
9511200,369094.2709,369094.2709
9514800,347470.3714,347470.3714
9518400,326826.1993,326826.1993
9522000,341631.1822,341631.1822
9525600,316739.8968,316739.8968
9529200,311352.3199,311352.3199
9532800,269490.2551,269490.2551
9536400,296526.6468,296526.6468
9540000,296268.6802,296268.6802
9543600,308782.6074,308782.6074
9547200,355905.4249,355905.4249
9550800,361263.1825,361263.1825
9554400,353639.5492,353639.5492
9558000,363839.728,363839.728
9561600,362027.342,362027.342
9565200,371658.9259,371658.9259
9568800,370531.4292,370531.4292
9572400,365546.6798,365546.6798
9576000,350894.384,350894.384
9579600,361150.1425,361150.1425
9583200,353599.6209,353599.6209
9586800,369129.1002,369129.1002
9590400,394252.203,394252.203
9594000,361562.8031,361562.8031
9597600,349722.5603,349722.5603
9601200,319130.3502,319130.3502
9604800,282958.2433,282958.2433
9608400,299532.2438,299532.2438
9612000,295528.6659,295528.6659
9615600,306476.5805,306476.5805
9619200,328279.2377,328279.2377
9622800,307458.1604,307458.1604
9626400,283081.3811,283081.3811
9630000,344574.1039,344574.1039
9633600,288409.6322,288409.6322
9637200,336509.7864,336509.7864
9640800,335538.532,335538.532
9644400,382173.6656,382173.6656
9648000,348215.199,348215.199
9651600,342633.4624,342633.4624
9655200,322710.1408,322710.1408
9658800,327945.904,327945.904
9662400,318106.3292,318106.3292
9666000,356327.5526,356327.5526
9669600,339796.4702,339796.4702
9673200,335117.8834,335117.8834
9676800,254022.9067,254022.9067
9680400,287593.3515,287593.3515
9684000,275390.3728,275390.3728
9687600,278147.0905,278147.0905
9691200,268982.8426,268982.8426
9694800,266480.1039,266480.1039
9698400,253345.7299,253345.7299
9702000,273113.1735,273113.1735
9705600,303422.4031,303422.4031
9709200,309637.0632,309637.0632
9712800,313966.4552,313966.4552
9716400,321268.7654,321268.7654
9720000,308510.4739,308510.4739
9723600,360620.8782,360620.8782
9727200,378631.7823,378631.7823
9730800,339990.5452,339990.5452
9734400,336880.6532,336880.6532
9738000,354157.8039,354157.8039
9741600,399725.3425,399725.3425
9745200,411455.9166,411455.9166
9748800,400292.1144,400292.1144
9752400,376258.6577,376258.6577
9756000,390032.7917,390032.7917
9759600,365130.4072,365130.4072
9763200,388921.509,388921.509
9766800,404021.185,404021.185
9770400,367126.1687,367126.1687
9774000,353420.9606,353420.9606
9777600,321956.6122,321956.6122
9781200,373273.2324,373273.2324
9784800,352972.8488,352972.8488
9788400,356829.0422,356829.0422
9792000,298711.9819,298711.9819
9795600,320824.1836,320824.1836
9799200,320932.3505,320932.3505
9802800,305303.9105,305303.9105
9806400,323938.6502,323938.6502
9810000,361328.2553,361328.2553
9813600,348946.8093,348946.8093
9817200,365824.2039,365824.2039
9820800,347206.815,347206.815
9824400,348747.5648,348747.5648
9828000,362151.8342,362151.8342
9831600,375045.1909,375045.1909
9835200,342756.3138,342756.3138
9838800,329885.524,329885.524
9842400,340826.8627,340826.8627
9846000,361093.9963,361093.9963
9849600,367982.771,367982.771
9853200,384477.7103,384477.7103
9856800,346989.4979,346989.4979
9860400,346939.3608,346939.3608
9864000,311093.9157,311093.9157
9867600,302204.6562,302204.6562
9871200,288274.9635,288274.9635
9874800,309127.2466,309127.2466
9878400,321094.716,321094.716
9882000,339565.8957,339565.8957
9885600,352311.2895,352311.2895
9889200,362449.1877,362449.1877
9892800,357311.0124,357311.0124
9896400,354392.2714,354392.2714
9900000,356234.5867,356234.5867
9903600,371395.11,371395.11
9907200,375182.0673,375182.0673
9910800,376864.2055,376864.2055
9914400,351649.4132,351649.4132
9918000,369723.2048,369723.2048
9921600,342098.1189,342098.1189
9925200,351546.6239,351546.6239
9928800,356307.9681,356307.9681
9932400,344066.3261,344066.3261
9936000,334233.3609,334233.3609
9939600,337825.0342,337825.0342
9943200,320897.4576,320897.4576
9946800,349852.47,349852.47
9950400,341270.27,341270.27
9954000,340818.8752,340818.8752
9957600,307363.9669,307363.9669
9961200,302625.46,302625.46
9964800,326800.3422,326800.3422
9968400,297983.5859,297983.5859
9972000,313680.8269,313680.8269
9975600,343057.3398,343057.3398
9979200,321933.0485,321933.0485
9982800,385529.3169,385529.3169
9986400,349973.193,349973.193
9990000,375617.9906,375617.9906
9993600,361292.5811,361292.5811
9997200,411087.7571,411087.7571
10000800,393578.9021,393578.9021
10004400,410381.0417,410381.0417
10008000,434113.7777,434113.7777
10011600,437404.6513,437404.6513
10015200,430578.6784,430578.6784
10018800,428773.6633,428773.6633
10022400,412796.8591,412796.8591
10026000,380447.3704,380447.3704
10029600,333010.7746,333010.7746
10033200,324577.3777,324577.3777
10036800,316509.2804,316509.2804
10040400,318744.2525,318744.2525
10044000,291581.2905,291581.2905
10047600,273136.6879,273136.6879
10051200,281871.0163,281871.0163
10054800,319808.2285,319808.2285
10058400,282242.8576,282242.8576
10062000,328596.3345,328596.3345
10065600,302360.7416,302360.7416
10069200,349852.2152,349852.2152
10072800,346491.0117,346491.0117
10076400,354246.8134,354246.8134
10080000,318946.1205,318946.1205
10083600,327224.5569,327224.5569
10087200,332105.4804,332105.4804
10090800,305993.5696,305993.5696
10094400,293889.0502,293889.0502
10098000,287323.292,287323.292
10101600,278634.9818,278634.9818
10105200,287353.5385,287353.5385
10108800,304740.112,304740.112
10112400,356781.6707,356781.6707
10116000,285764.0447,285764.0447
10119600,301975.5007,301975.5007
10123200,299145.8005,299145.8005
10126800,294131.1304,294131.1304
10130400,293005.2898,293005.2898
10134000,295214.8038,295214.8038
10137600,321072.576,321072.576
10141200,295526.7482,295526.7482
10144800,318876.8183,318876.8183
10148400,312568.7468,312568.7468
10152000,301375.3609,301375.3609
10155600,348978.7865,348978.7865
10159200,323328.913,323328.913
10162800,330380.1992,330380.1992
10166400,317734.5873,317734.5873
10170000,324499.9493,324499.9493
10173600,317582.2762,317582.2762
10177200,303304.4292,303304.4292
10180800,318973.7406,318973.7406
10184400,302870.0999,302870.0999
10188000,299800.4353,299800.4353
10191600,295875.0433,295875.0433
10195200,329474.034,329474.034
10198800,315481.8509,315481.8509
10202400,289637.3228,289637.3228
10206000,259619.8763,259619.8763
10209600,257121.8946,257121.8946
10213200,257896.8432,257896.8432
10216800,265286.7168,265286.7168
10220400,288520.3125,288520.3125
10224000,288469.8271,288469.8271
10227600,279009.7628,279009.7628
10231200,284886.5665,284886.5665
10234800,274951.998,274951.998
10238400,284673.1602,284673.1602
10242000,304785.7441,304785.7441
10245600,287644.0096,287644.0096
10249200,305433.6972,305433.6972
10252800,282890.9971,282890.9971
10256400,285176.6688,285176.6688
10260000,306769.3814,306769.3814
10263600,286854.9533,286854.9533
10267200,265433.8327,265433.8327
10270800,293325.1633,293325.1633
10274400,272549.2023,272549.2023
10278000,280104.7203,280104.7203
10281600,302150.0317,302150.0317
10285200,296177.6852,296177.6852
10288800,311501.562,311501.562
10292400,345266.7548,345266.7548
10296000,308665.4119,308665.4119
10299600,303231.1224,303231.1224
10303200,318434.8789,318434.8789
10306800,296799.8652,296799.8652
10310400,301231.3913,301231.3913
10314000,282146.724,282146.724
10317600,274731.015,274731.015
10321200,312597.0423,312597.0423
10324800,304769.9262,304769.9262
10328400,326576.0456,326576.0456
10332000,316014.6143,316014.6143
10335600,337819.0889,337819.0889
10339200,339492.732,339492.732
10342800,344196.2791,344196.2791
10346400,335550.2841,335550.2841
10350000,355679.9583,355679.9583
10353600,360786.6829,360786.6829
10357200,334057.5909,334057.5909
10360800,329155.0183,329155.0183
10364400,370469.9374,370469.9374
10368000,365370.5017,365370.5017
10371600,382311.3603,382311.3603
10375200,308439.9449,308439.9449
10378800,357827.7921,357827.7921
10382400,396290.0734,396290.0734
10386000,393352.2318,393352.2318
10389600,361473.4224,361473.4224
10393200,382202.2671,382202.2671
10396800,398429.4938,398429.4938
10400400,394551.1235,394551.1235
10404000,417198.2683,417198.2683
10407600,379128.7458,379128.7458
10411200,414283.7731,414283.7731
10414800,424593.5076,424593.5076
10418400,411848.3937,411848.3937
10422000,376934.4383,376934.4383
10425600,368132.7158,368132.7158
10429200,346475.299,346475.299
10432800,351297.8825,351297.8825
10436400,352823.5443,352823.5443
10440000,380175.8196,380175.8196
10443600,399189.1745,399189.1745
10447200,372927.1111,372927.1111
10450800,356389.0715,356389.0715
10454400,330369.0383,330369.0383
10458000,364115.0329,364115.0329
10461600,353158.2379,353158.2379
10465200,316092.7793,316092.7793
10468800,293287.7253,293287.7253
10472400,310844.1989,310844.1989
10476000,318232.4456,318232.4456
10479600,305392.4978,305392.4978
10483200,384170.9954,384170.9954
10486800,359733.1711,359733.1711
10490400,402966.5061,402966.5061
10494000,362463.1918,362463.1918
10497600,387425.6696,387425.6696
10501200,378093.0868,378093.0868
10504800,402890.6215,402890.6215
10508400,392432.396,392432.396
10512000,372280.2705,372280.2705
10515600,374534.3998,374534.3998
10519200,356425.7073,356425.7073
10522800,339556.7934,339556.7934
10526400,383751.2874,383751.2874
10530000,369847.7759,369847.7759
10533600,364796.5425,364796.5425
10537200,376096.5837,376096.5837
10540800,380834.0861,380834.0861
10544400,384260.8314,384260.8314
10548000,437219.1333,437219.1333
10551600,376838.2448,376838.2448
10555200,365873.2797,365873.2797
10558800,349349.7664,349349.7664
10562400,312915.4772,312915.4772
10566000,332485.7238,332485.7238
10569600,344076.2568,344076.2568
10573200,332853.0766,332853.0766
10576800,316338.265,316338.265
10580400,329591.1431,329591.1431
10584000,330847.911,330847.911
10587600,370191.1557,370191.1557
10591200,368178.1288,368178.1288
10594800,374674.0009,374674.0009
10598400,376288.214,376288.214
10602000,400227.1401,400227.1401
10605600,383137.3553,383137.3553
10609200,365205.9286,365205.9286
10612800,374073.2342,374073.2342
10616400,355388.9395,355388.9395
10620000,353686.1348,353686.1348
10623600,353866.1855,353866.1855
10627200,372764.38,372764.38
10630800,399760.2259,399760.2259
10634400,371131.4168,371131.4168
10638000,325855.3848,325855.3848
10641600,315793.937,315793.937
10645200,343462.3777,343462.3777
10648800,310681.4915,310681.4915
10652400,295726.3364,295726.3364
10656000,314875.699,314875.699
10659600,325150.8342,325150.8342
10663200,299236.0095,299236.0095
10666800,325711.8581,325711.8581
10670400,337957.8499,337957.8499
10674000,348800.2266,348800.2266
10677600,362143.2718,362143.2718
10681200,367546.5019,367546.5019
10684800,352613.3771,352613.3771
10688400,365595.1039,365595.1039
10692000,360446.4371,360446.4371
10695600,358812.1563,358812.1563
10699200,366714.8224,366714.8224
10702800,352034.0392,352034.0392
10706400,337619.2232,337619.2232
10710000,332902.826,332902.826
10713600,358254.7359,358254.7359
10717200,322440.1365,322440.1365
10720800,303852.8694,303852.8694
10724400,300031.0921,300031.0921
10728000,284214.6477,284214.6477
10731600,273789.6112,273789.6112
10735200,270917.8776,270917.8776
10738800,285777.746,285777.746
10742400,276448.6114,276448.6114
10746000,291544.5469,291544.5469
10749600,265691.064,265691.064
10753200,280697.1905,280697.1905
10756800,293585.3211,293585.3211
10760400,308735.6834,308735.6834
10764000,278584.0961,278584.0961
10767600,281644.3183,281644.3183
10771200,279594.1686,279594.1686
10774800,294136.5908,294136.5908
10778400,300253.5057,300253.5057
10782000,304629.5044,304629.5044
10785600,282523.7112,282523.7112
10789200,277266.7423,277266.7423
10792800,277847.3573,277847.3573
10796400,276666.031,276666.031
10800000,319589.007,319589.007
10803600,293531.3504,293531.3504
10807200,255829.478,255829.478
10810800,248168.954,248168.954
10814400,251212.4019,251212.4019
10818000,240062.5821,240062.5821
10821600,249516.054,249516.054
10825200,248041.3476,248041.3476
10828800,277667.7289,277667.7289
10832400,248185.7411,248185.7411
10836000,272384.3785,272384.3785
10839600,277482.5206,277482.5206
10843200,278287.7711,278287.7711
10846800,292462.9922,292462.9922
10850400,291268.692,291268.692
10854000,291001.2743,291001.2743
10857600,298652.8738,298652.8738
10861200,302564.6161,302564.6161
10864800,299953.8877,299953.8877
10868400,308811.7913,308811.7913
10872000,300954.8151,300954.8151
10875600,318797.8953,318797.8953
10879200,314418.6912,314418.6912
10882800,323763.0505,323763.0505
10886400,311785.9402,311785.9402
10890000,358285.5055,358285.5055
10893600,327130.0469,327130.0469
10897200,319952.9639,319952.9639
10900800,309115.5936,309115.5936
10904400,305227.8313,305227.8313
10908000,280396.72,280396.72
10911600,301001.7201,301001.7201
10915200,316565.1852,316565.1852
10918800,300939.1408,300939.1408
10922400,340724.2086,340724.2086
10926000,307677.0757,307677.0757
10929600,316580.447,316580.447
10933200,386822.5432,386822.5432
10936800,337534.618,337534.618
10940400,341986.9554,341986.9554
10944000,345913.4025,345913.4025
10947600,376581.3237,376581.3237
10951200,366817.8118,366817.8118
10954800,375041.6879,375041.6879
10958400,348260.8441,348260.8441
10962000,367863.8041,367863.8041
10965600,376681.7642,376681.7642
10969200,385106.5029,385106.5029
10972800,411754.4272,411754.4272
10976400,365483.6212,365483.6212
10980000,350474.3959,350474.3959
10983600,330348.0332,330348.0332
10987200,325680.3927,325680.3927
10990800,328745.4778,328745.4778
10994400,324951.988,324951.988
10998000,320927.6309,320927.6309
11001600,317347.7481,317347.7481
11005200,297448.5457,297448.5457
11008800,310593.6788,310593.6788
11012400,317016.9306,317016.9306
11016000,328168.8833,328168.8833
11019600,365657.5088,365657.5088
11023200,386860.5674,386860.5674
11026800,354226.78,354226.78
11030400,399724.5157,399724.5157
11034000,359713.7685,359713.7685
11037600,337779.0997,337779.0997
11041200,346270.3767,346270.3767
11044800,351896.0807,351896.0807
11048400,351493.1924,351493.1924
11052000,372605.1753,372605.1753
11055600,396401.2109,396401.2109
11059200,388717.0997,388717.0997
11062800,356163.3145,356163.3145
11066400,354967.8609,354967.8609
11070000,376502.9582,376502.9582
11073600,359025.4096,359025.4096
11077200,349839.8311,349839.8311
11080800,341802.6333,341802.6333
11084400,321504.2582,321504.2582
11088000,331829.6449,331829.6449
11091600,329048.8869,329048.8869
11095200,271337.8544,271337.8544
11098800,291442.1366,291442.1366
11102400,299550.4682,299550.4682
11106000,304334.9284,304334.9284
11109600,316754.4418,316754.4418
11113200,325217.2365,325217.2365
11116800,341794.1635,341794.1635
11120400,337740.7181,337740.7181
11124000,366327.3232,366327.3232
11127600,341515.0442,341515.0442
11131200,407379.8171,407379.8171
11134800,384880.3788,384880.3788
11138400,374687.7164,374687.7164
11142000,347280.4599,347280.4599
11145600,396421.9554,396421.9554
11149200,385881.6614,385881.6614
11152800,334011.4531,334011.4531
11156400,305632.3563,305632.3563
11160000,303655.5989,303655.5989
11163600,333318.6781,333318.6781
11167200,332221.1399,332221.1399
11170800,318334.0422,318334.0422
11174400,311220.6603,311220.6603
11178000,334379.2661,334379.2661
11181600,299316.9721,299316.9721
11185200,406671.0121,406671.0121
11188800,394443.7274,394443.7274
11192400,424764.7622,424764.7622
11196000,424876.2235,424876.2235
11199600,423900.7511,423900.7511
11203200,391213.9778,391213.9778
11206800,375371.724,375371.724
11210400,346379.1299,346379.1299
11214000,358163.8481,358163.8481
11217600,351603.5887,351603.5887
11221200,341994.3909,341994.3909
11224800,334595.9264,334595.9264
11228400,365065.4466,365065.4466
11232000,396294.3423,396294.3423
11235600,389953.5531,389953.5531
11239200,350020.4551,350020.4551
11242800,354038.898,354038.898
11246400,353981.023,353981.023
11250000,355339.9252,355339.9252
11253600,313271.8204,313271.8204
11257200,320649.1208,320649.1208
11260800,389215.1521,389215.1521
11264400,408002.6711,408002.6711
11268000,450263.9607,450263.9607
11271600,431624.9114,431624.9114
11275200,426969.4507,426969.4507
11278800,346850.7619,346850.7619
11282400,363382.8537,363382.8537
11286000,345513.1399,345513.1399
11289600,322460.5544,322460.5544
11293200,344379.0556,344379.0556
11296800,360847.8289,360847.8289
11300400,360389.2795,360389.2795
11304000,365323.4303,365323.4303
11307600,341977.4429,341977.4429
11311200,389057.1748,389057.1748
11314800,356389.27,356389.27
11318400,379770.8454,379770.8454
11322000,349194.6991,349194.6991
11325600,314954.6038,314954.6038
11329200,285491.2887,285491.2887
11332800,272693.4892,272693.4892
11336400,264916.6261,264916.6261
11340000,291925.7288,291925.7288
11343600,254011.0468,254011.0468
11347200,273631.9867,273631.9867
11350800,302521.6832,302521.6832
11354400,336392.6417,336392.6417
11358000,355451.081,355451.081
11361600,338648.3053,338648.3053
11365200,334799.175,334799.175
11368800,350069.1238,350069.1238
11372400,374705.7711,374705.7711
11376000,376488.2377,376488.2377
11379600,357089.6201,357089.6201
11383200,373826.4318,373826.4318
11386800,358634.687,358634.687
11390400,351877.4668,351877.4668
11394000,372794.4357,372794.4357
11397600,390841.6694,390841.6694
11401200,386876.2591,386876.2591
11404800,423458.1293,423458.1293
11408400,382096.6649,382096.6649
11412000,378059.6206,378059.6206
11415600,348803.2344,348803.2344
11419200,339948.1581,339948.1581
11422800,336937.0687,336937.0687
11426400,352803.7534,352803.7534
11430000,337188.7273,337188.7273
11433600,280123.5366,280123.5366
11437200,269486.2978,269486.2978
11440800,287510.5309,287510.5309
11444400,267460.8912,267460.8912
11448000,266188.0807,266188.0807
11451600,265053.9714,265053.9714
11455200,283808.2525,283808.2525
11458800,275660.2027,275660.2027
11462400,285334.6171,285334.6171
11466000,280413.0006,280413.0006
11469600,292633.1382,292633.1382
11473200,354691.2928,354691.2928
11476800,363972.2174,363972.2174
11480400,337509.884,337509.884
11484000,339852.1161,339852.1161
11487600,336406.634,336406.634
11491200,365311.5331,365311.5331
11494800,363092.6415,363092.6415
11498400,357556.0156,357556.0156
11502000,333727.4864,333727.4864
11505600,338693.3501,338693.3501
11509200,346138.2585,346138.2585
11512800,339795.6061,339795.6061
11516400,321563.261,321563.261
11520000,352197.6044,352197.6044
11523600,390806.2265,390806.2265
11527200,375894.674,375894.674
11530800,345095.6562,345095.6562
11534400,355638.929,355638.929
11538000,370616.1445,370616.1445
11541600,365174.4837,365174.4837
11545200,372087.4953,372087.4953
11548800,362030.6762,362030.6762
11552400,363874.9107,363874.9107
11556000,381864.4011,381864.4011
11559600,378435.5237,378435.5237
11563200,401980.65,401980.65
11566800,404267.522,404267.522
11570400,398740.2493,398740.2493
11574000,388426.502,388426.502
11577600,419572.4243,419572.4243
11581200,394066.7155,394066.7155
11584800,411539.7623,411539.7623
11588400,409592.6597,409592.6597
11592000,460078.0945,460078.0945
11595600,456064.0766,456064.0766
11599200,450457.5894,450457.5894
11602800,431240.5168,431240.5168
11606400,458921.6143,458921.6143
11610000,456655.8374,456655.8374
11613600,443015.7479,443015.7479
11617200,362579.0805,362579.0805
11620800,410511.0997,410511.0997
11624400,403434.2372,403434.2372
11628000,441245.9786,441245.9786
11631600,389055.6493,389055.6493
11635200,363641.8486,363641.8486
11638800,451225.1175,451225.1175
11642400,425836.0785,425836.0785
11646000,354613.8914,354613.8914
11649600,433626.2344,433626.2344
11653200,430392.7642,430392.7642
11656800,455840.5862,455840.5862
11660400,423143.9236,423143.9236
11664000,466072.7949,466072.7949
11667600,447760.5166,447760.5166
11671200,418984.492,418984.492
11674800,387093.9308,387093.9308
11678400,321610.2839,321610.2839
11682000,427089.2494,427089.2494
11685600,420886.3835,420886.3835
11689200,410898.1504,410898.1504
11692800,429861.0359,429861.0359
11696400,430373.5341,430373.5341
11700000,431440.1931,431440.1931
11703600,431904.3689,431904.3689
11707200,431571.3342,431571.3342
11710800,436163.2091,436163.2091
11714400,403356.3208,403356.3208
11718000,405028.8401,405028.8401
11721600,412452.0759,412452.0759
11725200,416724.6493,416724.6493
11728800,404291.7167,404291.7167
11732400,377278.7488,377278.7488
11736000,413655.423,413655.423
11739600,397197.9816,397197.9816
11743200,408635.0865,408635.0865
11746800,425258.3767,425258.3767
11750400,425221.2278,425221.2278
11754000,371934.213,371934.213
11757600,382079.2211,382079.2211
11761200,302207.6772,302207.6772
11764800,262315.9826,262315.9826
11768400,356088.2733,356088.2733
11772000,396946.4287,396946.4287
11775600,389293.0242,389293.0242
11779200,401831.2319,401831.2319
11782800,405734.7129,405734.7129
11786400,437346.6007,437346.6007
11790000,384910.1386,384910.1386
11793600,431290.8008,431290.8008
11797200,389141.0362,389141.0362
11800800,411651.0922,411651.0922
11804400,417989.4589,417989.4589
11808000,426869.1548,426869.1548
11811600,414263.5401,414263.5401
11815200,413143.0618,413143.0618
11818800,378900.2743,378900.2743
11822400,415981.6864,415981.6864
11826000,418962.8788,418962.8788
11829600,418137.4916,418137.4916
11833200,398942.544,398942.544
11836800,402654.4435,402654.4435
11840400,406943.5416,406943.5416
11844000,396395.3265,396395.3265
11847600,408010.5032,408010.5032
11851200,408198.6178,408198.6178
11854800,403311.1636,403311.1636
11858400,404756.7244,404756.7244
11862000,397850.0109,397850.0109
11865600,363115.6152,363115.6152
11869200,347127.0577,347127.0577
11872800,365380.9347,365380.9347
11876400,367471.4455,367471.4455
11880000,325944.6251,325944.6251
11883600,364325.7256,364325.7256
11887200,330315.5643,330315.5643
11890800,362625.0107,362625.0107
11894400,367227.7828,367227.7828
11898000,365047.3985,365047.3985
11901600,371770.855,371770.855
11905200,407680.9595,407680.9595
11908800,432246.1794,432246.1794
11912400,375247.3095,375247.3095
11916000,357180.8322,357180.8322
11919600,405669.3,405669.3
11923200,411550.4314,411550.4314
11926800,400993.3173,400993.3173
11930400,374133.14,374133.14
11934000,352506.9471,352506.9471
11937600,331860.4789,331860.4789
11941200,346663.1631,346663.1631
11944800,321769.5765,321769.5765
11948400,316379.6958,316379.6958
11952000,274515.3246,274515.3246
11955600,301549.4073,301549.4073
11959200,301289.1291,301289.1291
11962800,313800.7422,313800.7422
11966400,360921.2429,360921.2429
11970000,366276.6812,366276.6812
11973600,358650.7259,358650.7259
11977200,368848.5803,368848.5803
11980800,367033.8672,367033.8672
11984400,376663.1215,376663.1215
11988000,375533.2926,375533.2926
11991600,370546.2084,370546.2084
11995200,355891.5752,355891.5752
11998800,366144.9938,366144.9938
12002400,358592.1297,358592.1297
12006000,374119.264,374119.264
12009600,399240.0191,399240.0191
12013200,366548.269,366548.269
12016800,354705.6735,354705.6735
12020400,324111.1081,324111.1081
12024000,287936.6433,287936.6433
12027600,304508.2834,304508.2834
12031200,300502.3424,300502.3424
12034800,311447.8915,311447.8915
12038400,333248.1806,333248.1806
12042000,312424.7326,312424.7326
12045600,288045.58,288045.58
12049200,349535.927,349535.927
12052800,293369.0771,293369.0771
12056400,341466.8503,341466.8503
12060000,340493.2124,340493.2124
12063600,387125.9601,387125.9601
12067200,353165.1049,353165.1049
12070800,347580.9773,347580.9773
12074400,327655.262,327655.262
12078000,332888.6291,332888.6291
12081600,323046.6555,323046.6555
12085200,361265.4777,361265.4777
12088800,344731.9914,344731.9914
12092400,340050.9983,340050.9983
12096000,258953.6127,258953.6127
12099600,292521.6462,292521.6462
12103200,280316.2535,280316.2535
12106800,283070.5547,283070.5547
12110400,273903.8878,273903.8878
12114000,271398.7275,271398.7275
12117600,258261.9295,258261.9295
12121200,278026.9465,278026.9465
12124800,308333.7469,308333.7469
12128400,314545.9753,314545.9753
12132000,318872.9332,318872.9332
12135600,326172.8067,326172.8067
12139200,313412.0759,313412.0759
12142800,365520.0385,365520.0385
12146400,383528.4983,383528.4983
12150000,344884.8144,344884.8144
12153600,341772.4731,341772.4731
12157200,359047.172,359047.172
12160800,404612.2562,404612.2562
12164400,416340.3735,416340.3735
12168000,405174.1119,405174.1119
12171600,381138.1933,381138.1933
12175200,394909.8629,394909.8629
12178800,370005.0115,370005.0115
12182400,393793.6439,393793.6439
12186000,408890.848,408890.848
12189600,371993.3572,371993.3572
12193200,358285.6722,358285.6722
12196800,326818.8444,326818.8444
12200400,378132.9827,378132.9827
12204000,357830.1146,357830.1146
12207600,361683.821,361683.821
12211200,303564.2714,303564.2714
12214800,325673.9812,325673.9812
12218400,325779.6536,325779.6536
12222000,310148.7167,310148.7167
12225600,328780.957,328780.957
12229200,366168.0602,366168.0602
12232800,353784.1098,353784.1098
12236400,370658.9975,370658.9975
12240000,352039.0993,352039.0993
12243600,353577.3372,353577.3372
12247200,366979.0923,366979.0923
12250800,379869.9322,379869.9322
12254400,347578.5357,347578.5357
12258000,334705.2242,334705.2242
12261600,345644.0387,345644.0387
12265200,365908.6455,365908.6455
12268800,372794.891,372794.891
12272400,389287.2986,389287.2986
12276000,351796.552,351796.552
12279600,351743.8783,351743.8783
12283200,315895.8941,315895.8941
12286800,307004.093,307004.093
12290400,293071.8562,293071.8562
12294000,313921.5928,313921.5928
12297600,325886.5133,325886.5133
12301200,344355.1415,344355.1415
12304800,357097.9814,357097.9814
12308400,367233.3232,367233.3232
12312000,362092.5891,362092.5891
12315600,359171.2868,359171.2868
12319200,361011.0384,361011.0384
12322800,376168.9954,376168.9954
12326400,379953.384,379953.384
12330000,381632.9511,381632.9511
12333600,356415.5853,356415.5853
12337200,374486.8008,374486.8008
12340800,346859.1365,346859.1365
12344400,356305.0605,356305.0605
12348000,361063.8213,361063.8213
12351600,348819.5935,348819.5935
12355200,338984.0401,338984.0401
12358800,342573.1227,342573.1227
12362400,325642.9528,325642.9528
12366000,354595.3697,354595.3697
12369600,346010.5717,346010.5717
12373200,345556.5764,345556.5764
12376800,312099.0651,312099.0651
12380400,307357.9529,307357.9529
12384000,331530.2274,331530.2274
12387600,302710.8608,302710.8608
12391200,318405.4891,318405.4891
12394800,347779.387,347779.387
12398400,326652.4782,326652.4782
12402000,390246.1266,390246.1266
12405600,354687.3804,354687.3804
12409200,380329.5532,380329.5532
12412800,366001.5165,366001.5165
12416400,415794.0628,415794.0628
12420000,398282.5758,398282.5758
12423600,415082.0809,415082.0809
12427200,438812.18,438812.18
12430800,442100.4143,442100.4143
12434400,435271.7997,435271.7997
12438000,433464.1404,433464.1404
12441600,417484.6897,417484.6897
12445200,385132.552,385132.552
12448800,337693.3049,337693.3049
12452400,329257.2542,329257.2542
12456000,321186.5006,321186.5006
12459600,323418.8142,323418.8142
12463200,296253.1912,296253.1912
12466800,277805.9252,277805.9252
12470400,286537.5878,286537.5878
12474000,324472.1317,324472.1317
12477600,286904.0903,286904.0903
12481200,333254.8941,333254.8941
12484800,307016.6259,307016.6259
12488400,354505.4216,354505.4216
12492000,351141.5379,351141.5379
12495600,358894.6571,358894.6571
12499200,323591.2791,323591.2791
12502800,331867.0282,331867.0282
12506400,336745.2619,336745.2619
12510000,310630.659,310630.659
12513600,298523.4451,298523.4451
12517200,291954.9899,291954.9899
12520800,283263.9805,283263.9805
12524400,291979.8355,291979.8355
12528000,309363.7049,309363.7049
12531600,361402.5572,361402.5572
12535200,290382.2224,290382.2224
12538800,306590.9672,306590.9672
12542400,303758.5534,303758.5534
12546000,298741.1674,298741.1674
12549600,297612.6085,297612.6085
12553200,299819.4018,299819.4018
12556800,325674.4509,325674.4509
12560400,300125.8978,300125.8978
12564000,323473.2401,323473.2401
12567600,317162.4384,317162.4384
12571200,305966.32,305966.32
12574800,353567.0107,353567.0107
12578400,327914.4,327914.4
12582000,334962.9466,334962.9466
12585600,322314.5928,322314.5928
12589200,329077.2105,329077.2105
12592800,322156.7907,322156.7907
12596400,307876.1947,307876.1947
12600000,323542.7548,323542.7548
12603600,307436.3604,307436.3604
12607200,304363.9397,304363.9397
12610800,300435.7893,300435.7893
12614400,334032.0192,334032.0192
12618000,320037.073,320037.073
12621600,294189.7795,294189.7795
12625200,264169.5652,264169.5652
12628800,261668.8134,261668.8134
12632400,262440.9895,262440.9895
12636000,269828.0882,269828.0882
12639600,293058.9068,293058.9068
12643200,293005.642,293005.642
12646800,283542.7958,283542.7958
12650400,289416.8154,289416.8154
12654000,279479.4604,279479.4604
12657600,289197.8338,289197.8338
12661200,309307.6266,309307.6266
12664800,292163.0987,292163.0987
12668400,309949.9905,309949.9905
12672000,287404.4922,287404.4922
12675600,289687.3636,289687.3636
12679200,311277.2734,311277.2734
12682800,291360.0402,291360.0402
12686400,269936.1122,269936.1122
12690000,297824.6332,297824.6332
12693600,277045.8601,277045.8601
12697200,284598.5638,284598.5638
12700800,306641.0586,306641.0586
12704400,300665.8931,300665.8931
12708000,315986.9486,315986.9486
12711600,349749.3179,349749.3179
12715200,313145.1491,313145.1491
12718800,307708.0314,307708.0314
12722400,322908.9574,322908.9574
12726000,301271.1109,301271.1109
12729600,305699.802,305699.802
12733200,286612.2973,286612.2973
12736800,279193.7486,279193.7486
12740400,317056.9339,317056.9339
12744000,309226.9736,309226.9736
12747600,331030.2464,331030.2464
12751200,320465.9663,320465.9663
12754800,342267.5897,342267.5897
12758400,343938.3794,343938.3794
12762000,348639.0708,348639.0708
12765600,339990.2177,339990.2177
12769200,360117.0316,360117.0316
12772800,365220.8937,365220.8937
12776400,338488.9369,338488.9369
12780000,333583.4971,333583.4971
12783600,374895.5468,374895.5468
12787200,369793.2393,369793.2393
12790800,386731.2241,386731.2241
12794400,312856.9324,312856.9324
12798000,362241.9011,362241.9011
12801600,400701.3016,400701.3016
12805200,397760.5769,397760.5769
12808800,365878.8822,365878.8822
12812400,386604.8394,386604.8394
12816000,402829.1762,402829.1762
12819600,398947.9138,398947.9138
12823200,421592.1642,421592.1642
12826800,383519.7451,383519.7451
12830400,418671.8735,418671.8735
12834000,428978.7068,428978.7068
12837600,416230.6895,416230.6895
12841200,381313.8285,381313.8285
12844800,372509.1981,372509.1981
12848400,350848.871,350848.871
12852000,355668.5421,355668.5421
12855600,357191.2893,357191.2893
12859200,384540.6477,384540.6477
12862800,403551.0834,403551.0834
12866400,377286.0986,377286.0986
12870000,360745.1354,360745.1354
12873600,334722.1763,334722.1763
12877200,368465.2427,368465.2427
12880800,357505.5174,357505.5174
12884400,320437.1262,320437.1262
12888000,297629.1373,297629.1373
12891600,315182.6739,315182.6739
12895200,322567.9813,322567.9813
12898800,309725.092,309725.092
12902400,388500.6458,388500.6458
12906000,364059.8755,364059.8755
12909600,407290.2623,407290.2623
12913200,366783.9975,366783.9975
12916800,391743.5227,391743.5227
12920400,382407.985,382407.985
12924000,407202.5626,407202.5626
12927600,396741.3778,396741.3778
12931200,376586.2908,376586.2908
12934800,378837.4563,378837.4563
12938400,360725.7978,360725.7978
12942000,343853.9158,343853.9158
12945600,388045.4394,388045.4394
12949200,374138.9552,374138.9552
12952800,369084.7471,369084.7471
12956400,380381.8113,380381.8113
12960000,385116.3344,385116.3344
12963600,388540.0983,388540.0983
12967200,441495.4166,441495.4166
12970800,381111.5423,381111.5423
12974400,370143.5892,370143.5892
12978000,353617.0856,353617.0856
12981600,317179.804,317179.804
12985200,336747.056,336747.056
12988800,348334.5922,348334.5922
12992400,337108.4131,337108.4131
12996000,320590.6003,320590.6003
12999600,333840.475,333840.475
13003200,335094.2374,335094.2374
13006800,374434.4743,374434.4743
13010400,372418.4375,372418.4375
13014000,378911.2975,378911.2975
13017600,380522.4964,380522.4964
13021200,404458.406,404458.406
13024800,387365.6025,387365.6025
13028400,369431.155,369431.155
13032000,378295.4376,378295.4376
13035600,359608.1178,359608.1178
13039200,357902.2858,357902.2858
13042800,358079.3069,358079.3069
13046400,376974.4698,376974.4698
13050000,403967.2818,403967.2818
13053600,375335.4368,375335.4368
13057200,330056.3667,330056.3667
13060800,319991.8785,319991.8785
13064400,347657.2767,347657.2767
13068000,314873.3459,314873.3459
13071600,299915.144,299915.144
13075200,319061.4576,319061.4576
13078800,329333.5417,329333.5417
13082400,303415.6638,303415.6638
13086000,329888.4569,329888.4569
13089600,342131.3912,342131.3912
13093200,352970.7083,352970.7083
13096800,366310.6916,366310.6916
13100400,371710.8577,371710.8577
13104000,356774.6668,356774.6668
13107600,369753.3254,369753.3254
13111200,364601.5881,364601.5881
13114800,362964.2348,362964.2348
13118400,370863.8262,370863.8262
13122000,356179.9661,356179.9661
13125600,341762.0712,341762.0712
13129200,337042.5929,337042.5929
13132800,362391.4196,362391.4196
13136400,326573.7349,326573.7349
13140000,307983.3803,307983.3803
13143600,304158.5134,304158.5134
13147200,288338.9773,288338.9773
13150800,277910.8469,277910.8469
13154400,275036.0174,275036.0174
13158000,289892.7877,289892.7877
13161600,280560.5529,280560.5529
13165200,295653.3862,295653.3862
13168800,269796.7988,269796.7988
13172400,284799.8188,284799.8188
13176000,297684.8407,297684.8407
13179600,312832.0923,312832.0923
13183200,282677.392,282677.392
13186800,285734.4994,285734.4994
13190400,283681.2326,283681.2326
13194000,298220.5356,298220.5356
13197600,304334.3292,304334.3292
13201200,308707.2045,308707.2045
13204800,286598.2858,286598.2858
13208400,281338.1894,281338.1894
13212000,281915.6747,281915.6747
13215600,280731.2167,280731.2167
13219200,323651.0588,323651.0588
13222800,297590.2663,297590.2663
13226400,259885.2559,259885.2559
13230000,252221.5917,252221.5917
13233600,255261.8975,255261.8975
13237200,244108.9333,244108.9333
13240800,253559.2589,253559.2589
13244400,252081.404,252081.404
13248000,281704.6349,281704.6349
13251600,252219.4944,252219.4944
13255200,276414.9771,276414.9771
13258800,281509.9625,281509.9625
13262400,282312.0542,282312.0542
13266000,296484.1144,296484.1144
13269600,295286.6513,295286.6513
13273200,295016.0685,295016.0685
13276800,302664.5009,302664.5009
13280400,306573.0741,306573.0741
13284000,303959.1744,303959.1744
13287600,312813.9048,312813.9048
13291200,304953.7533,304953.7533
13294800,322793.6561,322793.6561
13298400,318411.2725,318411.2725
13302000,327752.4503,327752.4503
13305600,315772.1564,315772.1564
13309200,362268.5361,362268.5361
13312800,331109.8899,331109.8899
13316400,323929.6171,323929.6171
13320000,313089.0552,313089.0552
13323600,309198.0991,309198.0991
13327200,284363.7919,284363.7919
13330800,304965.5941,304965.5941
13334400,320525.8593,320525.8593
13338000,304896.6129,304896.6129
13341600,344678.4767,344678.4767
13345200,311628.1379,311628.1379
13348800,320528.3011,320528.3011
13352400,390767.1872,390767.1872
13356000,341476.0499,341476.0499
13359600,345925.1732,345925.1732
13363200,349848.4041,349848.4041
13366800,380513.1071,380513.1071
13370400,370746.375,370746.375
13374000,378967.0289,378967.0289
13377600,352182.9608,352182.9608
13381200,371782.6945,371782.6945
13384800,380597.4263,380597.4263
13388400,389018.9347,389018.9347
13392000,415663.6267,415663.6267
13395600,369389.5864,369389.5864
13399200,354377.1247,354377.1247
13402800,334247.5237,334247.5237
13406400,329576.6428,329576.6428
13410000,332638.4856,332638.4856
13413600,328841.7515,328841.7515
13417200,324814.148,324814.148
13420800,321231.0168,321231.0168
13424400,301328.564,301328.564
13428000,314470.4448,314470.4448
13431600,320890.4423,320890.4423
13435200,332039.1386,332039.1386
13438800,369524.5058,369524.5058
13442400,390724.304,390724.304
13446000,358087.2543,358087.2543
13449600,403581.7258,403581.7258
13453200,363567.7122,363567.7122
13456800,341629.7751,341629.7751
13460400,350117.7819,350117.7819
13464000,355740.2137,355740.2137
13467600,355334.0512,355334.0512
13471200,376442.758,376442.758
13474800,400235.5153,400235.5153
13478400,392548.124,392548.124
13482000,359991.0567,359991.0567
13485600,358792.3191,358792.3191
13489200,380324.1304,380324.1304
13492800,362843.2938,362843.2938
13496400,353654.4253,353654.4253
13500000,345613.9356,345613.9356
13503600,325312.2666,325312.2666
13507200,335634.3575,335634.3575
13510800,332850.3016,332850.3016
13514400,275135.9694,275135.9694
13518000,295236.9499,295236.9499
13521600,303341.9778,303341.9778
13525200,308123.1324,308123.1324
13528800,320539.3383,320539.3383
13532400,328998.8234,328998.8234
13536000,345572.439,345572.439
13539600,341515.6802,341515.6802
13543200,370098.9699,370098.9699
13546800,345283.3737,345283.3737
13550400,411144.8273,411144.8273
13554000,388642.0679,388642.0679
13557600,378446.0824,378446.0824
13561200,351035.5009,351035.5009
13564800,400173.6694,400173.6694
13568400,389630.0465,389630.0465
13572000,337756.5074,337756.5074
13575600,309374.0779,309374.0779
13579200,307393.9858,307393.9858
13582800,337053.7284,337053.7284
13586400,335952.8517,335952.8517
13590000,322062.4136,322062.4136
13593600,314945.6893,314945.6893
13597200,338100.9508,338100.9508
13600800,303035.3106,303035.3106
13604400,410386.0026,410386.0026
13608000,398155.3678,398155.3678
13611600,428473.0507,428473.0507
13615200,428581.1582,428581.1582
13618800,427602.3301,427602.3301
13622400,394912.1991,394912.1991
13626000,379066.5859,379066.5859
13629600,350070.6303,350070.6303
13633200,361851.9852,361851.9852
13636800,355288.3605,355288.3605
13640400,345675.7956,345675.7956
13644000,338273.962,338273.962
13647600,368740.1114,368740.1114
13651200,399965.6342,399965.6342
13654800,393621.4703,393621.4703
13658400,353684.9957,353684.9957
13662000,357700.0602,357700.0602
13665600,357638.8048,357638.8048
13669200,358994.3248,358994.3248
13672800,316922.8359,316922.8359
13676400,324296.7504,324296.7504
13680000,392859.3937,392859.3937
13683600,411643.523,411643.523
13687200,453901.4209,453901.4209
13690800,435258.9781,435258.9781
13694400,430600.1221,430600.1221
13698000,350478.0362,350478.0362
13701600,367006.7288,367006.7288
13705200,349133.6141,349133.6141
13708800,326077.6258,326077.6258
13712400,347992.7222,347992.7222
13716000,364458.0891,364458.0891
13719600,363996.1313,363996.1313
13723200,368926.8718,368926.8718
13726800,345577.4723,345577.4723
13730400,392653.7903,392653.7903
13734000,359982.4696,359982.4696
13737600,383360.6274,383360.6274
13741200,352781.0616,352781.0616
13744800,318537.5449,318537.5449
13748400,289070.8066,289070.8066
13752000,276269.5821,276269.5821
13755600,268489.2922,268489.2922
13759200,295494.9661,295494.9661
13762800,257576.8536,257576.8536
13766400,277194.3611,277194.3611
13770000,306080.6234,306080.6234
13773600,339948.1459,339948.1459
13777200,359003.1473,359003.1473
13780800,342196.9319,342196.9319
13784400,338344.36,338344.36
13788000,353610.8655,353610.8655
13791600,378244.0677,378244.0677
13795200,380023.0873,380023.0873
13798800,360621.0208,360621.0208
13802400,377354.3819,377354.3819
13806000,362159.1847,362159.1847
13809600,355398.5103,355398.5103
13813200,376312.023,376312.023
13816800,394355.7988,394355.7988
13820400,390386.9289,390386.9289
13824000,426965.3376,426965.3376
13827600,385600.4099,385600.4099
13831200,381559.9005,381559.9005
13834800,352300.0474,352300.0474
13838400,343441.5024,343441.5024
13842000,340426.9425,340426.9425
13845600,356290.1549,356290.1549
13849200,340671.6547,340671.6547
13852800,283602.9882,283602.9882
13856400,272962.2717,272962.2717
13860000,290983.0254,290983.0254
13863600,270929.9044,270929.9044
13867200,269653.6109,269653.6109
13870800,268516.0168,268516.0168
13874400,287266.8113,287266.8113
13878000,279115.2732,279115.2732
13881600,288786.1974,288786.1974
13885200,283861.0889,283861.0889
13888800,296077.7329,296077.7329
13892400,358132.392,358132.392
13896000,367409.8194,367409.8194
13899600,340943.987,340943.987
13903200,343282.7182,343282.7182
13906800,339833.7336,339833.7336
13910400,368735.1284,368735.1284
13914000,366512.7308,366512.7308
13917600,360972.5971,360972.5971
13921200,337140.5583,337140.5583
13924800,342102.9107,342102.9107
13928400,349544.306,349544.306
13932000,343198.1387,343198.1387
13935600,324962.277,324962.277
13939200,355593.1022,355593.1022
13942800,394198.2042,394198.2042
13946400,379283.1298,379283.1298
13950000,348480.5884,348480.5884
13953600,359020.3359,359020.3359
13957200,373994.0243,373994.0243
13960800,368548.8348,368548.8348
13964400,375458.3158,375458.3158
13968000,365397.9645,365397.9645
13971600,367238.665,367238.665
13975200,385224.6196,385224.6196
13978800,381792.2048,381792.2048
13982400,405333.7918,405333.7918
13986000,407617.123,407617.123
13989600,402086.3076,402086.3076
13993200,391769.016,391769.016
13996800,422911.3923,422911.3923
14000400,397402.1357,397402.1357
14004000,414871.6329,414871.6329
14007600,412920.9791,412920.9791
14011200,463402.861,463402.861
14014800,459385.2884,459385.2884
14018400,453775.2448,453775.2448
14022000,434554.6143,434554.6143
14025600,462232.152,462232.152
14029200,459962.8136,459962.8136
14032800,446319.161,446319.161
14036400,365878.9287,365878.9287
14040000,413807.3813,413807.3813
14043600,406726.9506,406726.9506
14047200,444535.122,444535.122
14050800,392341.221,392341.221
14054400,366923.847,366923.847
14058000,454503.5408,454503.5408
14061600,429110.9252,429110.9252
14065200,357885.1597,357885.1597
14068800,436893.9226,436893.9226
14072400,433656.8706,433656.8706
14076000,459101.1092,459101.1092
14079600,426400.8614,426400.8614
14083200,469326.146,469326.146
14086800,451010.2792,451010.2792
14090400,422230.6645,422230.6645
14094000,390336.5114,390336.5114
14097600,324849.2711,324849.2711
14101200,430324.6415,430324.6415
14104800,424118.1787,424118.1787
14108400,414126.3472,414126.3472
14112000,433085.6325,433085.6325
14115600,433594.529,433594.529
14119200,434657.5845,434657.5845
14122800,435118.1552,435118.1552
14126400,434781.5138,434781.5138
14130000,439369.7803,439369.7803
14133600,406559.2819,406559.2819
14137200,408228.1895,408228.1895
14140800,415647.812,415647.812
14144400,419916.7703,419916.7703
14148000,407480.2211,407480.2211
14151600,380463.6349,380463.6349
14155200,416836.6893,416836.6893
14158800,400375.6262,400375.6262
14162400,411809.108,411809.108
14166000,428428.7734,428428.7734
14169600,428387.998,428387.998
14173200,375097.3551,375097.3551
14176800,385238.7335,385238.7335
14180400,305363.5582,305363.5582
14184000,265468.2307,265468.2307
14187600,359236.8868,359236.8868
14191200,400091.4061,400091.4061
14194800,392434.3637,392434.3637
14198400,404968.932,404968.932
14202000,408868.772,408868.772
14205600,440477.0171,440477.0171
14209200,388036.9108,388036.9108
14212800,434413.9271,434413.9271
14216400,392260.515,392260.515
14220000,414766.9219,414766.9219
14223600,421101.6379,421101.6379
14227200,429977.6816,429977.6816
14230800,417368.4129,417368.4129
14234400,416244.2791,416244.2791
14238000,381997.8346,381997.8346
14241600,419075.588,419075.588
14245200,422053.1201,422053.1201
14248800,421224.071,421224.071
14252400,402025.46,402025.46
14256000,405733.6944,405733.6944
14259600,410019.126,410019.126
14263200,399467.2426,399467.2426
14266800,411078.7495,411078.7495
14270400,411263.1928,411263.1928
14274000,406372.0656,406372.0656
14277600,407813.952,407813.952
14281200,400903.5624,400903.5624
14284800,366165.489,366165.489
14288400,350173.2523,350173.2523
14292000,368423.4485,368423.4485
14295600,370510.2769,370510.2769
14299200,328979.7726,328979.7726
14302800,367357.1876,367357.1876
14306400,333343.3393,333343.3393
14310000,365649.0971,365649.0971
14313600,370248.179,370248.179
14317200,368064.103,368064.103
14320800,374783.8663,374783.8663
14324400,410690.276,410690.276
14328000,435251.7995,435251.7995
14331600,378249.2317,378249.2317
14335200,360179.055,360179.055
14338800,408663.8218,408663.8218
14342400,414541.2506,414541.2506
14346000,403980.4325,403980.4325
14349600,377116.5496,377116.5496
14353200,355486.6495,355486.6495
14356800,334836.4726,334836.4726
14360400,349635.4467,349635.4467
14364000,324738.1483,324738.1483
14367600,319344.5544,319344.5544
14371200,277476.4684,277476.4684
14374800,304506.8347,304506.8347
14378400,304242.8387,304242.8387
14382000,316750.7324,316750.7324
14385600,363867.5123,363867.5123
14389200,369219.2282,369219.2282
14392800,361589.5491,361589.5491
14396400,371783.678,371783.678
14400000,369965.238,369965.238
14403600,379590.7639,379590.7639
14407200,378457.205,378457.205
14410800,373466.3894,373466.3894
14414400,358808.0233,358808.0233
14418000,369057.7074,369057.7074
14421600,361501.1074,361501.1074
14425200,377024.5043,377024.5043
14428800,402141.5204,402141.5204
14432400,369446.0299,369446.0299
14436000,357599.6924,357599.6924
14439600,327001.3836,327001.3836
14443200,290823.174,290823.174
14446800,307391.0677,307391.0677
14450400,303381.3788,303381.3788
14454000,314323.1786,314323.1786
14457600,336119.7168,336119.7168
14461200,315292.5165,315292.5165
14464800,290909.6103,290909.6103
14468400,352396.202,352396.202
14472000,296225.5953,296225.5953
14475600,344319.6104,344319.6104
14479200,343342.2128,343342.2128
14482800,389971.1993,389971.1993
14486400,356006.5816,356006.5816
14490000,350418.6899,350418.6899
14493600,330489.2092,330489.2092
14497200,335718.8093,335718.8093
14500800,325873.0673,325873.0673
14504400,364088.1196,364088.1196
14508000,347550.862,347550.862
14511600,342866.0961,342866.0961
14515200,261764.9363,261764.9363
14518800,295329.1941,295329.1941
14522400,283120.0243,283120.0243
14526000,285870.547,285870.547
14529600,276700.1,276700.1
14533200,274191.1583,274191.1583
14536800,261050.5774,261050.5774
14540400,280811.8101,280811.8101
14544000,311114.8248,311114.8248
14547600,317323.266,317323.266
14551200,321646.4353,321646.4353
14554800,328942.5188,328942.5188
14558400,316177.9965,316177.9965
14562000,368282.1663,368282.1663
14565600,386286.8318,386286.8318
14569200,347639.3522,347639.3522
14572800,344523.2137,344523.2137
14576400,361794.1141,361794.1141
14580000,407355.3983,407355.3983
14583600,419079.7142,419079.7142
14587200,407909.6499,407909.6499
14590800,383869.9271,383869.9271
14594400,397637.7911,397637.7911
14598000,372729.1327,372729.1327
14601600,396513.9567,396513.9567
14605200,411607.3509,411607.3509
14608800,374706.049,374706.049
14612400,360994.5514,360994.5514
14616000,329523.9096,329523.9096
14619600,380834.2325,380834.2325
14623200,360527.5477,360527.5477
14626800,364377.436,364377.436
14630400,306254.0667,306254.0667
14634000,328359.9556,328359.9556
14637600,328461.8057,328461.8057
14641200,312827.0452,312827.0452
14644800,331455.4604,331455.4604
14648400,368838.7372,368838.7372
14652000,356450.959,356450.959
14655600,373322.0175,373322.0175
14659200,354698.2887,354698.2887
14662800,356232.6947,356232.6947
14666400,369630.6165,369630.6165
14670000,382517.6218,382517.6218
14673600,350222.3893,350222.3893
14677200,337345.2404,337345.2404
14680800,348280.2161,348280.2161
14684400,368540.9829,368540.9829
14688000,375423.3869,375423.3869
14691600,391911.9518,391911.9518
14695200,354417.361,354417.361
14698800,354360.8417,354360.8417
14702400,318509.0108,318509.0108
14706000,309613.3615,309613.3615
14709600,295677.2751,295677.2751
14713200,316523.1609,316523.1609
14716800,328484.2291,328484.2291
14720400,346949.0038,346949.0038
14724000,359687.9888,359687.9888
14727600,369819.4744,369819.4744
14731200,364674.8827,364674.8827
14734800,361749.7216,361749.7216
14738400,363585.613,363585.613
14742000,378739.7085,378739.7085
14745600,382520.2343,382520.2343
14749200,384195.9372,384195.9372
14752800,358974.7059,358974.7059
14756400,377042.0546,377042.0546
14760000,349410.5222,349410.5222
14763600,358852.5768,358852.5768
14767200,363607.4669,363607.4669
14770800,351359.367,351359.367
14774400,341519.9403,341519.9403
14778000,345105.1482,345105.1482
14781600,328171.1024,328171.1024
14785200,357119.642,357119.642
14788800,348530.9654,348530.9654
14792400,348073.0903,348073.0903
14796000,314611.6979,314611.6979
14799600,309866.7032,309866.7032
14803200,334035.0939,334035.0939
14806800,305211.8424,305211.8424
14810400,320902.5844,320902.5844
14814000,350272.5947,350272.5947
14817600,329141.7969,329141.7969
14821200,392731.5553,392731.5553
14824800,357168.9176,357168.9176
14828400,382807.1977,382807.1977
14832000,368475.267,368475.267
14835600,418263.9181,418263.9181
14839200,400748.5345,400748.5345
14842800,417544.1418,417544.1418
14846400,441270.3419,441270.3419
14850000,444554.6759,444554.6759
14853600,437722.1597,437722.1597
14857200,435910.5975,435910.5975
14860800,419927.2427,419927.2427
14864400,387571.1996,387571.1996
14868000,340128.0459,340128.0459
14871600,331688.0873,331688.0873
14875200,323613.4246,323613.4246
14878800,325841.8278,325841.8278
14882400,298672.2932,298672.2932
14886000,280221.1143,280221.1143
14889600,288948.8628,288948.8628
14893200,326879.4914,326879.4914
14896800,289307.5334,289307.5334
14900400,335654.4194,335654.4194
14904000,309412.2321,309412.2321
14907600,356897.1076,356897.1076
14911200,353529.3023,353529.3023
14914800,361278.4988,361278.4988
14918400,325971.1968,325971.1968
14922000,334243.0207,334243.0207
14925600,339117.328,339117.328
14929200,312998.7974,312998.7974
14932800,300887.6547,300887.6547
14936400,294315.2694,294315.2694
14940000,285620.3287,285620.3287
14943600,294332.2512,294332.2512
14947200,311712.1869,311712.1869
14950800,363747.1043,363747.1043
14954400,292722.8333,292722.8333
14958000,308927.6408,308927.6408
14961600,306091.2885,306091.2885
14965200,301069.9628,301069.9628
14968800,299937.4629,299937.4629
14972400,302140.3141,302140.3141
14976000,327991.4199,327991.4199
14979600,302438.9223,302438.9223
14983200,325782.3189,325782.3189
14986800,319467.5703,319467.5703
14990400,308267.5038,308267.5038
14994000,355864.2453,355864.2453
14997600,330207.6841,330207.6841
15001200,337252.2791,337252.2791
15004800,324599.9724,324599.9724
15008400,331358.6362,331358.6362
15012000,324434.2613,324434.2613
15015600,310149.7089,310149.7089
15019200,325812.3115,325812.3115
15022800,309701.9585,309701.9585
15026400,306625.5779,306625.5779
15030000,302693.4665,302693.4665
15033600,336285.7343,336285.7343
15037200,322286.8248,322286.8248
15040800,296435.5668,296435.5668
15044400,266411.3869,266411.3869
15048000,263906.6683,263906.6683
15051600,264674.8765,264674.8765
15055200,272058.0062,272058.0062
15058800,295284.8545,295284.8545
15062400,295227.6184,295227.6184
15066000,285760.7997,285760.7997
15069600,291630.8456,291630.8456
15073200,281689.5158,281689.5158
15076800,291403.9133,291403.9133
15080400,311509.729,311509.729
15084000,294361.2229,294361.2229
15087600,312144.1354,312144.1354
15091200,289594.6567,289594.6567
15094800,291873.5464,291873.5464
15098400,313459.4735,313459.4735
15102000,293538.2566,293538.2566
15105600,272110.3436,272110.3436
15109200,299994.8785,299994.8785
15112800,279212.1182,279212.1182
15116400,286760.8336,286760.8336
15120000,308799.339,308799.339
15123600,302820.183,302820.183
15127200,318137.2469,318137.2469
15130800,351895.6234,351895.6234
15134400,315287.4608,315287.4608
15138000,309846.3481,309846.3481
15141600,325043.2781,325043.2781
15145200,303401.4345,303401.4345
15148800,307826.1273,307826.1273
15152400,288734.6233,288734.6233
15156000,281312.0741,281312.0741
15159600,319171.258,319171.258
15163200,311337.295,311337.295
15166800,333136.5642,333136.5642
15170400,322568.2793,322568.2793
15174000,344365.8968,344365.8968
15177600,346032.6796,346032.6796
15181200,350729.363,350729.363
15184800,342076.5009,342076.5009
15188400,362199.3046,362199.3046
15192000,367299.1555,367299.1555
15195600,340563.1863,340563.1863
15199200,335653.7331,335653.7331
15202800,376961.7685,376961.7685
15206400,371855.4455,371855.4455
15210000,388789.4137,388789.4137
15213600,314911.1044,314911.1044
15217200,364292.0544,364292.0544
15220800,402747.4352,402747.4352
15224400,399802.6898,399802.6898
15228000,367916.9732,367916.9732
15231600,388638.9075,388638.9075
15235200,404859.2204,404859.2204
15238800,400973.9331,400973.9331
15242400,423614.1574,423614.1574
15246000,385537.7113,385537.7113
15249600,420685.8116,420685.8116
15253200,430988.6158,430988.6158
15256800,418236.5683,418236.5683
15260400,383315.6761,383315.6761
15264000,374507.0135,374507.0135
15267600,352842.6532,352842.6532
15271200,357658.29,357658.29
15274800,359177.0019,359177.0019
15278400,386522.324,386522.324
15282000,405528.7223,405528.7223
15285600,379259.6992,379259.6992
15289200,362714.6966,362714.6966
15292800,336687.6972,336687.6972
15296400,370426.7222,370426.7222
15300000,359462.9544,359462.9544
15303600,322390.5199,322390.5199
15307200,299578.4865,299578.4865
15310800,317127.9777,317127.9777
15314400,324509.2387,324509.2387
15318000,311662.3019,311662.3019
15321600,390433.8074,390433.8074
15325200,365988.9876,365988.9876
15328800,409215.324,409215.324
15332400,368705.0079,368705.0079
15336000,393660.4807,393660.4807
15339600,384320.8896,384320.8896
15343200,409111.4128,409111.4128
15346800,398646.1727,398646.1727
15350400,378487.0294,378487.0294
15354000,380734.1377,380734.1377
15357600,362618.4209,362618.4209
15361200,345742.4796,345742.4796
15364800,389929.943,389929.943
15368400,376019.3977,376019.3977
15372000,370961.1274,370961.1274
15375600,382254.1285,382254.1285
15379200,386984.5875,386984.5875
15382800,390404.2864,390404.2864
15386400,443355.5387,443355.5387
15390000,382967.5974,382967.5974
15393600,371995.5764,371995.5764
15397200,355465.004,355465.004
15400800,319023.6525,319023.6525
15404400,338586.8338,338586.8338
15408000,350170.2983,350170.2983
15411600,338940.0465,338940.0465
15415200,322418.1601,322418.1601
15418800,335663.9602,335663.9602
15422400,336913.6472,336913.6472
15426000,376249.8077,376249.8077
15429600,374229.6936,374229.6936
15433200,380718.4753,380718.4753
15436800,382325.5949,382325.5949
15440400,406257.4244,406257.4244
15444000,389160.5399,389160.5399
15447600,371222.0104,371222.0104
15451200,380082.2102,380082.2102
15454800,361390.8065,361390.8065
15458400,359680.8898,359680.8898
15462000,359853.8252,359853.8252
15465600,378744.9016,378744.9016
15469200,405733.6261,405733.6261
15472800,377097.6927,377097.6927
15476400,331814.5332,331814.5332
15480000,321745.9549,321745.9549
15483600,349407.262,349407.262
15487200,316619.2391,316619.2391
15490800,301656.9444,301656.9444
15494400,320799.1642,320799.1642
15498000,331067.1536,331067.1536
15501600,305145.1801,305145.1801
15505200,331613.8768,331613.8768
15508800,343852.7137,343852.7137
15512400,354687.9326,354687.9326
15516000,368023.8167,368023.8167
15519600,373419.8829,373419.8829
15523200,358479.5911,358479.5911
15526800,371454.1478,371454.1478
15530400,366298.3079,366298.3079
15534000,364656.8511,364656.8511
15537600,372552.3381,372552.3381
15541200,357864.3729,357864.3729
15544800,343442.3718,343442.3718
15548400,338718.7865,338718.7865
15552000,364063.5053,364063.5053
15555600,328241.712,328241.712
15559200,309647.2478,309647.2478
15562800,305818.2705,305818.2705
15566400,289994.6231,289994.6231
15570000,279562.3806,279562.3806
15573600,276683.4381,276683.4381
15577200,291536.0946,291536.0946
15580800,282199.7451,282199.7451
15584400,297288.4629,297288.4629
15588000,271427.7592,271427.7592
15591600,286426.6619,286426.6619
15595200,299307.5659,299307.5659
15598800,314450.6985,314450.6985
15602400,284291.8786,284291.8786
15606000,287344.8654,287344.8654
15609600,285287.4773,285287.4773
15613200,299822.6581,299822.6581
15616800,305932.3288,305932.3288
15620400,310301.0802,310301.0802
15624000,288188.0369,288188.0369
15627600,282923.815,282923.815
15631200,283497.174,283497.174
15634800,282308.5889,282308.5889
15638400,325224.3031,325224.3031
15642000,299159.3819,299159.3819
15645600,261450.242,261450.242
15649200,253782.4475,253782.4475
15652800,256818.6221,256818.6221
15656400,245661.526,245661.526
15660000,255107.7189,255107.7189
15663600,253625.7305,253625.7305
15667200,283244.827,283244.827
15670800,253755.5514,253755.5514
15674400,277946.8982,277946.8982
15678000,283037.7469,283037.7469
15681600,283835.7011,283835.7011
15685200,298003.6231,298003.6231
15688800,296802.0209,296802.0209
15692400,296527.2983,296527.2983
15696000,304171.5901,304171.5901
15699600,308076.0219,308076.0219
15703200,305457.9801,305457.9801
15706800,314308.5675,314308.5675
15710400,306444.2724,306444.2724
15714000,324280.0307,324280.0307
15717600,319893.5019,319893.5019
15721200,329230.5337,329230.5337
15724800,317246.0931,317246.0931
15728400,363738.3253,363738.3253
15732000,332575.5308,332575.5308
15735600,325391.1091,325391.1091
15739200,314546.3973,314546.3973
15742800,310651.2907,310651.2907
15746400,285812.8322,285812.8322
15750000,306410.4825,306410.4825
15753600,321966.5949,321966.5949
15757200,306333.1951,306333.1951
15760800,346110.9046,346110.9046
15764400,313056.4108,313056.4108
15768000,321952.4184,321952.4184
15771600,392187.148,392187.148
15775200,342891.8535,342891.8535
15778800,347336.8189,347336.8189
15782400,351255.8912,351255.8912
15786000,381916.4349,381916.4349
15789600,372145.5427,372145.5427
15793200,380362.0358,380362.0358
15796800,353573.8062,353573.8062
15800400,373169.3777,373169.3777
15804000,381979.9466,381979.9466
15807600,390397.2913,390397.2913
15811200,417037.819,417037.819
15814800,370759.6136,370759.6136
15818400,355742.9862,355742.9862
15822000,335609.2187,335609.2187
15825600,330934.1706,330934.1706
15829200,333991.8455,333991.8455
15832800,330190.9429,330190.9429
15836400,326159.1701,326159.1701
15840000,322571.869,322571.869
15843600,302665.2455,302665.2455
15847200,315802.955,315802.955
15850800,322218.7805,322218.7805
15854400,333363.3041,333363.3041
15858000,370844.4979,370844.4979
15861600,392040.1221,392040.1221
15865200,359398.8977,359398.8977
15868800,404889.1937,404889.1937
15872400,364871.0041,364871.0041
15876000,342928.8903,342928.8903
15879600,351412.7197,351412.7197
15883200,357030.9734,357030.9734
15886800,356620.6321,356620.6321
15890400,377725.1595,377725.1595
15894000,401513.7367,401513.7367
15897600,393822.1647,393822.1647
15901200,361260.916,361260.916
15904800,360057.9964,360057.9964
15908400,381585.625,381585.625
15912000,364100.605,364100.605
15915600,354907.5526,354907.5526
15919200,346862.8783,346862.8783
15922800,326557.024,326557.024
15926400,336874.9289,336874.9289
15930000,334086.6866,334086.6866
15933600,276368.1671,276368.1671
15937200,296464.9598,296464.9598
15940800,304565.7993,304565.7993
15944400,309342.7648,309342.7648
15948000,321754.7809,321754.7809
15951600,330210.0757,330210.0757
15955200,346779.5004,346779.5004
15958800,342718.55,342718.55
15962400,371297.6475,371297.6475
15966000,346477.8585,346477.8585
15969600,412335.1187,412335.1187
15973200,389828.1652,389828.1652
15976800,379627.985,379627.985
15980400,352213.2083,352213.2083
15984000,401347.1809,401347.1809
15987600,390799.3616,390799.3616
15991200,338921.6254,338921.6254
15994800,310534.9982,310534.9982
15998400,308550.7079,308550.7079
16002000,338206.2516,338206.2516
16005600,337101.1754,337101.1754
16009200,323206.5373,323206.5373
16012800,316085.6124,316085.6124
16016400,339236.6727,339236.6727
16020000,304166.8307,304166.8307
16023600,411513.3203,411513.3203
16027200,399278.4826,399278.4826
16030800,429591.9619,429591.9619
16034400,429695.8652,429695.8652
16038000,428712.8325,428712.8325
16041600,396018.4962,396018.4962
16045200,380168.6771,380168.6771
16048800,351168.5151,351168.5151
16052400,362945.6631,362945.6631
16056000,356377.8309,356377.8309
16059600,346761.0579,346761.0579
16063200,339355.0157,339355.0157
16066800,369816.9558,369816.9558
16070400,401038.2689,401038.2689
16074000,394689.8947,394689.8947
16077600,354749.2093,354749.2093
16081200,358760.0624,358760.0624
16084800,358694.595,358694.595
16088400,360045.9025,360045.9025
16092000,317970.2005,317970.2005
16095600,325339.9014,325339.9014
16099200,393898.3307,393898.3307
16102800,412678.2453,412678.2453
16106400,454931.9281,454931.9281
16110000,436285.2696,436285.2696
16113600,431622.1973,431622.1973
16117200,351495.8946,351495.8946
16120800,368020.37,368020.37
16124400,350143.0375,350143.0375
16128000,327082.8308,327082.8308
16131600,348993.7084,348993.7084
16135200,365454.8559,365454.8559
16138800,364988.6782,364988.6782
16142400,369915.1984,369915.1984
16146000,346561.578,346561.578
16149600,393633.6746,393633.6746
16153200,360958.132,360958.132
16156800,384332.0674,384332.0674
16160400,353748.2787,353748.2787
16164000,319500.5386,319500.5386
16167600,290029.5764,290029.5764
16171200,277224.1275,277224.1275
16174800,269439.6127,269439.6127
16178400,296441.0613,296441.0613
16182000,258518.7229,258518.7229
16185600,278132.0041,278132.0041
16189200,307014.0396,307014.0396
16192800,340877.3347,340877.3347
16196400,359928.1083,359928.1083
16200000,343117.6647,343117.6647
16203600,339260.8641,339260.8641
16207200,354523.1404,354523.1404
16210800,379152.1129,379152.1129
16214400,380926.9024,380926.9024
16218000,361520.6053,361520.6053
16221600,378249.7353,378249.7353
16225200,363050.3066,363050.3066
16228800,356285.4002,356285.4002
16232400,377194.6805,377194.6805
16236000,395234.2234,395234.2234
16239600,391261.1202,391261.1202
16243200,427835.295,427835.295
16246800,386466.1331,386466.1331
16250400,382421.389,382421.389
16254000,353157.3008,353157.3008
16257600,344294.5202,344294.5202
16261200,341275.7243,341275.7243
16264800,357134.7003,357134.7003
16268400,341511.9632,341511.9632
16272000,284439.0594,284439.0594
16275600,273794.1051,273794.1051
16279200,291810.6206,291810.6206
16282800,271753.2611,271753.2611
16286400,270472.7285,270472.7285
16290000,269330.8949,269330.8949
16293600,288077.4496,288077.4496
16297200,279921.6712,279921.6712
16300800,289588.3547,289588.3547
16304400,284659.0051,284659.0051
16308000,296871.4076,296871.4076
16311600,358921.8248,358921.8248
16315200,368195.0098,368195.0098
16318800,341724.9347,341724.9347
16322400,344059.4228,344059.4228
16326000,340606.1947,340606.1947
16329600,369503.3455,369503.3455
16333200,367276.7036,367276.7036
16336800,361732.3251,361732.3251
16340400,337896.0412,337896.0412
16344000,342854.1481,342854.1481
16347600,350291.2975,350291.2975
16351200,343940.884,343940.884
16354800,325700.7756,325700.7756
16358400,356327.3537,356327.3537
16362000,394928.2083,394928.2083
16365600,380008.8861,380008.8861
16369200,349202.0966,349202.0966
16372800,359737.5955,359737.5955
16376400,374707.0351,374707.0351
16380000,369257.5963,369257.5963
16383600,376162.8277,376162.8277
16387200,366098.2263,366098.2263
16390800,367934.6765,367934.6765
16394400,385916.3804,385916.3804
16398000,382479.7145,382479.7145
16401600,406017.0501,406017.0501
16405200,408296.1295,408296.1295
16408800,402761.062,402761.062
16412400,392439.5179,392439.5179
16416000,423577.6414,423577.6414
16419600,398064.1316,398064.1316
16423200,415529.3754,415529.3754
16426800,413574.4677,413574.4677
16430400,464052.0955,464052.0955
16434000,460030.2683,460030.2683
16437600,454415.9699,454415.9699
16441200,435191.0842,435191.0842
16444800,462864.3664,462864.3664
16448400,460590.7721,460590.7721
16452000,446942.8634,446942.8634
16455600,366498.3746,366498.3746
16459200,414422.5705,414422.5705
16462800,407337.8827,407337.8827
16466400,445141.7967,445141.7967
16470000,392943.638,392943.638
16473600,367522.0059,367522.0059
16477200,455097.4414,455097.4414
16480800,429700.5671,429700.5671
16484400,358470.5426,358470.5426
16488000,437475.0463,437475.0463
16491600,434233.7348,434233.7348
16495200,459673.7135,459673.7135
16498800,426969.2056,426969.2056
16502400,469890.2297,469890.2297
16506000,451570.1022,451570.1022
16509600,422786.2264,422786.2264
16513200,390887.8121,390887.8121
16516800,325396.3101,325396.3101
16520400,430867.4187,430867.4187
16524000,424656.6938,424656.6938
16527600,414660.5998,414660.5998
16531200,433615.6224,433615.6224
16534800,434120.256,434120.256
16538400,435179.0482,435179.0482
16542000,435635.3554,435635.3554
16545600,435294.4502,435294.4502
16549200,439878.4527,439878.4527
16552800,407063.69,407063.69
16556400,408728.333,408728.333
16560000,416143.6907,416143.6907
16563600,420408.384,420408.384
16567200,407967.5694,407967.5694
16570800,380946.7176,380946.7176
16574400,417315.5061,417315.5061
16578000,400850.177,400850.177
16581600,412279.3925,412279.3925
16585200,428894.7913,428894.7913
16588800,428849.7492,428849.7492
16592400,375554.8392,375554.8392
16596000,385691.9504,385691.9504
16599600,305812.5076,305812.5076
16603200,265912.9123,265912.9123
16606800,359677.3004,359677.3004
16610400,400527.5515,400527.5515
16614000,392866.2407,392866.2407
16617600,405396.5403,405396.5403
16621200,409292.1115,409292.1115
16624800,440896.0876,440896.0876
16628400,388451.7119,388451.7119
16632000,434824.4587,434824.4587
16635600,392666.7769,392666.7769
16639200,415168.9139,415168.9139
16642800,421499.3598,421499.3598
16646400,430371.1331,430371.1331
16650000,417757.5939,417757.5939
16653600,416629.1893,416629.1893
16657200,382378.4739,382378.4739
16660800,419451.9561,419451.9561
16664400,422425.2169,422425.2169
16668000,421591.8964,421591.8964
16671600,402389.0136,402389.0136
16675200,406092.9762,406092.9762
16678800,410374.1356,410374.1356
16682400,399817.98,399817.98
16686000,411425.2145,411425.2145
16689600,411605.3851,411605.3851
16693200,406709.9852,406709.9852
16696800,408147.5985,408147.5985
16700400,401232.9358,401232.9358
16704000,366490.5891,366490.5891
16707600,350494.0789,350494.0789
16711200,368740.0015,368740.0015
16714800,370822.5561,370822.5561
16718400,329287.7778,329287.7778
16722000,367660.9187,367660.9187
16725600,333642.7961,333642.7961
16729200,365944.2795,365944.2795
16732800,370539.0868,370539.0868
16736400,368350.7361,368350.7361
16740000,375066.2245,375066.2245
16743600,410968.3591,410968.3591
16747200,435525.6074,435525.6074
16750800,378518.7643,378518.7643
16754400,360444.3122,360444.3122
16758000,408924.8034,408924.8034
16761600,414797.9565,414797.9565
16765200,404232.8625,404232.8625
16768800,377364.7036,377364.7036
16772400,355730.5274,355730.5274
16776000,335076.0743,335076.0743
16779600,349870.772,349870.772
16783200,324969.1971,324969.1971
16786800,319571.3266,319571.3266
16790400,277698.9639,277698.9639
16794000,304725.0534,304725.0534
16797600,304456.7805,304456.7805
16801200,316960.3971,316960.3971
16804800,364072.8999,364072.8999
16808400,369420.3384,369420.3384
16812000,361786.382,361786.382
16815600,371976.2334,371976.2334
16819200,370153.5159,370153.5159
16822800,379774.764,379774.764
16826400,378636.9274,378636.9274
16830000,373641.834,373641.834
16833600,358979.1899,358979.1899
16837200,369224.596,369224.596
16840800,361663.7178,361663.7178
16844400,377182.8365,377182.8365
16848000,402295.5744,402295.5744
16851600,369595.8055,369595.8055
16855200,357745.1896,357745.1896
16858800,327142.6023,327142.6023
16862400,290960.1141,290960.1141
16866000,307523.729,307523.729
16869600,303509.7615,303509.7615
16873200,314447.2824,314447.2824
16876800,336239.5419,336239.5419
16880400,315408.0626,315408.0626
16884000,291020.8774,291020.8774
16887600,352503.1901,352503.1901
16891200,296328.3043,296328.3043
16894800,344418.0402,344418.0402
16898400,343436.3635,343436.3635
16902000,390061.0707,390061.0707
16905600,356092.1737,356092.1737
16909200,350500.0027,350500.0027
16912800,330566.2426,330566.2426
16916400,335791.5633,335791.5633
16920000,325941.5418,325941.5418
16923600,364152.3146,364152.3146
16927200,347610.7775,347610.7775
16930800,342921.7321,342921.7321
16934400,261816.2927,261816.2927
16938000,295376.2709,295376.2709
16941600,283162.8215,283162.8215
16945200,285909.0645,285909.0645
16948800,276734.3379,276734.3379
16952400,274221.1165,274221.1165
16956000,261076.2558,261076.2558
16959600,280833.2088,280833.2088
16963200,311131.9438,311131.9438
16966800,317336.1053,317336.1053
16970400,321654.9948,321654.9948
16974000,328946.7985,328946.7985
16977600,316177.9965,316177.9965
16981200,368277.8865,368277.8865
16984800,386278.2723,386278.2723
16988400,347626.5129,347626.5129
16992000,344506.0947,344506.0947
16995600,361772.7154,361772.7154
16999200,407329.7199,407329.7199
17002800,419049.7561,419049.7561
17006400,407875.412,407875.412
17010000,383831.4096,383831.4096
17013600,397594.994,397594.994
17017200,372682.0559,372682.0559
17020800,396462.6003,396462.6003
17024400,411551.715,411551.715
17028000,374646.1335,374646.1335
17031600,360930.3563,360930.3563
17035200,329455.435,329455.435
17038800,380761.4785,380761.4785
17042400,360450.5143,360450.5143
17046000,364296.1232,364296.1232
17049600,306168.4746,306168.4746
17053200,328270.0842,328270.0842
17056800,328367.6551,328367.6551
17060400,312728.6154,312728.6154
17064000,331352.7514,331352.7514
17067600,368731.7491,368731.7491
17071200,356339.6919,356339.6919
17074800,373206.4714,373206.4714
17078400,354578.4637,354578.4637
17082000,356108.5908,356108.5908
17085600,369502.2338,369502.2338
17089200,382384.9604,382384.9604
17092800,350085.4492,350085.4492
17096400,337204.0218,337204.0218
17100000,348134.7189,348134.7189
17103600,368391.2073,368391.2073
17107200,375269.3329,375269.3329
17110800,391753.6195,391753.6195
17114400,354254.7505,354254.7505
17118000,354193.9532,354193.9532
17121600,318337.8441,318337.8441
17125200,309437.9169,309437.9169
17128800,295497.5527,295497.5527
17132400,316339.1607,316339.1607
17136000,328295.9513,328295.9513
17139600,346756.4484,346756.4484
17143200,359491.1559,359491.1559
17146800,369618.3642,369618.3642
17150400,364469.4952,364469.4952
17154000,361540.0569,361540.0569
17157600,363371.6712,363371.6712
17161200,378521.4898,378521.4898
17164800,382297.7388,382297.7388
17168400,383969.165,383969.165
17172000,358743.657,358743.657
17175600,376806.7293,376806.7293
17179200,349170.9205,349170.9205
17182800,358608.6989,358608.6989
17186400,363359.3128,363359.3128
17190000,351106.937,351106.937
17193600,341263.2344,341263.2344
17197200,344844.1666,344844.1666
17200800,327905.8452,327905.8452
17204400,356850.1093,356850.1093
17208000,348257.1575,348257.1575
17211600,347795.0071,347795.0071
17215200,314329.3397,314329.3397
17218800,309580.0701,309580.0701
17222400,333744.1862,333744.1862
17226000,304916.66,304916.66
17229600,320603.1276,320603.1276
17233200,349968.8636,349968.8636
17236800,328833.7917,328833.7917
17240400,392419.2761,392419.2761
17244000,356852.3646,356852.3646
17247600,382486.371,382486.371
17251200,368150.1669,368150.1669
17254800,417934.5446,417934.5446
17258400,400414.888,400414.888
17262000,417206.2223,417206.2223
17265600,440928.1495,440928.1495
17269200,444208.2109,444208.2109
17272800,437371.4223,437371.4223
17276400,435555.5879,435555.5879
17280000,419567.9609,419567.9609
17283600,387207.646,387207.646
17287200,339760.2205,339760.2205
17290800,331315.9904,331315.9904
17294400,323237.0565,323237.0565
17298000,325461.1885,325461.1885
17301600,298287.383,298287.383
17305200,279831.9333,279831.9333
17308800,288555.4113,288555.4113
17312400,326481.7695,326481.7695
17316000,288905.5414,288905.5414
17319600,335248.1575,335248.1575
17323200,309001.7004,309001.7004
17326800,356482.3064,356482.3064
17330400,353110.2319,353110.2319
17334000,360855.1592,360855.1592
17337600,325543.5885,325543.5885
17341200,333811.1437,333811.1437
17344800,338681.1826,338681.1826
17348400,312558.3838,312558.3838
17352000,300442.9731,300442.9731
17355600,293866.3201,293866.3201
17359200,285167.1119,285167.1119
17362800,293874.7671,293874.7671
17366400,311250.4358,311250.4358
17370000,363281.0864,363281.0864
17373600,292252.5489,292252.5489
17377200,308453.09,308453.09
17380800,305612.4716,305612.4716
17384400,300586.8801,300586.8801
17388000,299450.1146,299450.1146
17391600,301648.7005,301648.7005
17395200,327495.5412,327495.5412
17398800,301938.7788,301938.7788
17402400,325277.9108,325277.9108
17406000,318958.8979,318958.8979
17409600,307754.5674,307754.5674
17413200,355347.0451,355347.0451
17416800,329686.2204,329686.2204
17420400,336726.5521,336726.5521
17424000,324069.9825,324069.9825
17427600,330824.3836,330824.3836
17431200,323895.7462,323895.7462
17434800,309606.9317,309606.9317
17438400,325265.2724,325265.2724
17442000,309150.6578,309150.6578
17445600,306070.016,306070.016
17449200,302133.6436,302133.6436
17452800,335721.6506,335721.6506
17456400,321718.4807,321718.4807
17460000,295862.9626,295862.9626
17463600,265834.5228,265834.5228
17467200,263325.5446,263325.5446
17470800,264089.4936,264089.4936
17474400,271468.3643,271468.3643
17478000,294690.954,294690.954
17481600,294629.4595,294629.4595
17485200,285158.3828,285158.3828
17488800,291024.1709,291024.1709
17492400,281078.5837,281078.5837
17496000,290788.7241,290788.7241
17499600,310890.2831,310890.2831
17503200,293737.5205,293737.5205
17506800,311516.1768,311516.1768
17510400,288962.4422,288962.4422
17514000,291237.0765,291237.0765
17517600,312818.7485,312818.7485
17521200,292893.2766,292893.2766
17524800,271461.1091,271461.1091
17528400,299341.3899,299341.3899
17532000,278554.3758,278554.3758
17535600,286098.8377,286098.8377
17539200,308133.0899,308133.0899
17542800,302149.6811,302149.6811
17546400,317462.4925,317462.4925
17550000,351216.6169,351216.6169
17553600,314604.2025,314604.2025
17557200,309158.8384,309158.8384
17560800,324351.5173,324351.5173
17564400,302705.423,302705.423
17568000,307125.8655,307125.8655
17571600,288030.1114,288030.1114
17575200,280603.3126,280603.3126
17578800,318458.2472,318458.2472
17582400,310620.0354,310620.0354
17586000,332415.056,332415.056
17589600,321842.5229,321842.5229
17593200,343635.8927,343635.8927
17596800,345298.428,345298.428
17600400,349990.8644,349990.8644
17604000,341333.7556,341333.7556
17607600,361452.3131,361452.3131
17611200,366547.918,366547.918
17614800,339807.7034,339807.7034
17618400,334894.0051,334894.0051
17622000,376197.7957,376197.7957
17625600,371087.2284,371087.2284
17629200,388016.9526,388016.9526
17632800,314134.3999,314134.3999
17636400,363511.1067,363511.1067
17640000,401962.2447,401962.2447
17643600,399013.257,399013.257
17647200,367123.2985,367123.2985
17650800,387840.9913,387840.9913
17654400,404057.0631,404057.0631
17658000,400167.5351,400167.5351
17661600,422803.5191,422803.5191
17665200,384722.8331,384722.8331
17668800,419866.694,419866.694
17672400,430165.2592,430165.2592
17676000,417408.9731,417408.9731
17679600,382483.8427,382483.8427
17683200,373670.9423,373670.9423
17686800,352002.3447,352002.3447
17690400,356813.7447,356813.7447
17694000,358328.2201,358328.2201
17697600,385669.3062,385669.3062
17701200,404671.4689,404671.4689
17704800,378398.2107,378398.2107
17708400,361848.9734,361848.9734
17712000,335817.7397,335817.7397
17715600,369552.5309,369552.5309
17719200,358584.5298,358584.5298
17722800,321507.8624,321507.8624
17726400,298691.5966,298691.5966
17730000,316236.8558,316236.8558
17733600,323613.8853,323613.8853
17737200,310762.7174,310762.7174
17740800,389529.9923,389529.9923
17744400,365080.9424,365080.9424
17748000,408303.0491,408303.0491
17751600,367788.5038,367788.5038
17755200,392739.7479,392739.7479
17758800,383395.9285,383395.9285
17762400,408182.224,408182.224
17766000,397712.7565,397712.7565
17769600,377549.3864,377549.3864
17773200,379792.2683,379792.2683
17776800,361672.3257,361672.3257
17780400,344792.1591,344792.1591
17784000,388975.3976,388975.3976
17787600,375060.6279,375060.6279
17791200,369998.1337,369998.1337
17794800,381286.9114,381286.9114
17798400,386013.1475,386013.1475
17802000,389428.624,389428.624
17805600,442375.6544,442375.6544
17809200,381983.4917,381983.4917
17812800,371007.2498,371007.2498
17816400,354472.457,354472.457
17820000,318026.8857,318026.8857
17823600,337585.8476,337585.8476
17827200,349165.0933,349165.0933
17830800,337930.6231,337930.6231
17834400,321404.519,321404.519
17838000,334646.1018,334646.1018
17841600,335891.572,335891.572
17845200,375223.5163,375223.5163
17848800,373199.1864,373199.1864
17852400,379683.753,379683.753
17856000,381286.658,381286.658
17859600,405214.2734,405214.2734
17863200,388113.1752,388113.1752
17866800,370170.4327,370170.4327
17870400,379026.42,379026.42
17874000,360330.8043,360330.8043
17877600,358616.6762,358616.6762
17881200,358785.4008,358785.4008
17884800,377672.2668,377672.2668
17888400,404656.7816,404656.7816
17892000,376016.639,376016.639
17895600,330729.2709,330729.2709
17899200,320656.4845,320656.4845
17902800,348313.584,348313.584
17906400,315521.3543,315521.3543
17910000,300554.8531,300554.8531
17913600,319692.8671,319692.8671
17917200,329956.6512,329956.6512
17920800,304030.473,304030.473
17924400,330494.9656,330494.9656
17928000,342729.599,342729.599
17931600,353560.6148,353560.6148
17935200,366892.2966,366892.2966
17938800,372284.161,372284.161
17942400,357339.6679,357339.6679
17946000,370310.0241,370310.0241
17949600,365149.9842,365149.9842
17953200,363504.3279,363504.3279
17956800,371395.616,371395.616
17960400,356703.4525,356703.4525
17964000,342277.2537,342277.2537
17967600,337549.4714,337549.4714
17971200,362889.9937,362889.9937
17974800,327064.0045,327064.0045
17978400,308465.3451,308465.3451
17982000,304632.1731,304632.1731
17985600,288804.3317,288804.3317
17989200,278367.8958,278367.8958
17992800,275484.7605,275484.7605
17996400,290333.2248,290333.2248
18000000,280992.6838,280992.6838
18003600,296077.2105,296077.2105
18007200,270212.3165,270212.3165
18010800,285207.0296,285207.0296
18014400,298083.7444,298083.7444
18018000,313222.6886,313222.6886
18021600,283059.6809,283059.6809
18025200,286108.4805,286108.4805
18028800,284046.9058,284046.9058
18032400,298577.9008,298577.9008
18036000,304683.3861,304683.3861
18039600,309047.953,309047.953
18043200,286930.7256,286930.7256
18046800,281662.3204,281662.3204
18050400,282231.4968,282231.4968
18054000,281038.7296,281038.7296
18057600,323950.2624,323950.2624
18061200,297881.1605,297881.1605
18064800,260167.8405,260167.8405
18068400,252495.8666,252495.8666
18072000,255527.8625,255527.8625
18075600,244366.5883,244366.5883
18079200,253808.6038,253808.6038
18082800,252322.4386,252322.4386
18086400,281937.359,281937.359
18090000,252443.9081,252443.9081
18093600,276631.0801,276631.0801
18097200,281717.7548,281717.7548
18100800,282511.5356,282511.5356
18104400,296675.2849,296675.2849
18108000,295469.5107,295469.5107
18111600,295190.6167,295190.6167
18115200,302830.7379,302830.7379
18118800,306730.9997,306730.9997
18122400,304108.7887,304108.7887
18126000,312955.2076,312955.2076
18129600,305086.7445,305086.7445
18133200,322918.3357,322918.3357
18136800,318527.6405,318527.6405
18140400,327860.5065,327860.5065
18144000,315871.9008,315871.9008
18147600,362359.9687,362359.9687
18151200,331193.0106,331193.0106
18154800,324004.4258,324004.4258
18158400,313155.5519,313155.5519
18162000,309256.2838,309256.2838
18165600,284413.6645,284413.6645
18169200,305007.1547,305007.1547
18172800,320559.1078,320559.1078
18176400,304921.5493,304921.5493
18180000,344695.101,344695.101
18183600,311636.45,311636.45
18187200,320528.3011,320528.3011
18190800,390758.8751,390758.8751
18194400,341459.4256,341459.4256
18198000,345900.2368,345900.2368
18201600,349815.1556,349815.1556
18205200,380471.5465,380471.5465
18208800,370696.5024,370696.5024
18212400,378908.8442,378908.8442
18216000,352116.4641,352116.4641
18219600,371707.8858,371707.8858
18223200,380514.3057,380514.3057
18226800,388927.5021,388927.5021
18230400,415563.8823,415563.8823
18234000,369281.5302,369281.5302
18237600,354260.7568,354260.7568
18241200,334122.8441,334122.8441
18244800,329443.6515,329443.6515
18248400,332497.1828,332497.1828
18252000,328692.1372,328692.1372
18255600,324656.2223,324656.2223
18259200,321064.7798,321064.7798
18262800,301154.0157,301154.0157
18266400,314287.5854,314287.5854
18270000,320699.2718,320699.2718
18273600,331839.6572,331839.6572
18277200,369316.7135,369316.7135
18280800,390508.201,390508.201
18284400,357862.8407,357862.8407
18288000,403349.0016,403349.0016
18291600,363326.6777,363326.6777
18295200,341380.4303,341380.4303
18298800,349860.127,349860.127
18302400,355474.2487,355474.2487
18306000,355059.7764,355059.7764
18309600,376160.1734,376160.1734
18313200,399944.6212,399944.6212
18316800,392248.9204,392248.9204
18320400,359683.5438,359683.5438
18324000,358476.4971,358476.4971
18327600,379999.9994,379999.9994
18331200,362510.854,362510.854
18334800,353313.6769,353313.6769
18338400,345264.8787,345264.8787
18342000,324954.9015,324954.9015
18345600,335268.6842,335268.6842
18349200,332476.3205,332476.3205
18352800,274753.6805,274753.6805
18356400,294846.3535,294846.3535
18360000,302943.0741,302943.0741
18363600,307715.9216,307715.9216
18367200,320123.8206,320123.8206
18370800,328574.999,328574.999
18374400,345140.3082,345140.3082
18378000,341075.2431,341075.2431
18381600,369650.2268,369650.2268
18385200,344826.3248,344826.3248
18388800,410679.4729,410679.4729
18392400,388168.4081,388168.4081
18396000,377964.1175,377964.1175
18399600,350545.2313,350545.2313
18403200,399675.0952,399675.0952
18406800,389123.168,389123.168
18410400,337241.3248,337241.3248
18414000,308850.5915,308850.5915
18417600,306862.1959,306862.1959
18421200,336513.6353,336513.6353
18424800,335404.4556,335404.4556
18428400,321505.7149,321505.7149
18432000,314380.6882,314380.6882
18435600,337527.6476,337527.6476
18439200,302453.7056,302453.7056
18442800,409796.096,409796.096
18446400,397557.1601,397557.1601
18450000,427866.5421,427866.5421
18453600,427966.3489,427966.3489
18457200,426979.2206,426979.2206
18460800,394280.7896,394280.7896
18464400,378426.8768,378426.8768
18468000,349422.6219,349422.6219
18471600,361195.6778,361195.6778
18475200,354623.7545,354623.7545
18478800,345002.8913,345002.8913
18482400,337592.7598,337592.7598
18486000,368050.6116,368050.6116
18489600,399267.8372,399267.8372
18493200,392915.3764,392915.3764
18496800,352970.6053,352970.6053
18500400,356977.3737,356977.3737
18504000,356907.8225,356907.8225
18507600,358255.0471,358255.0471
18511200,316175.2631,316175.2631
18514800,323540.883,323540.883
18518400,392095.2321,392095.2321
18522000,410871.0675,410871.0675
18525600,453120.672,453120.672
18529200,434469.9362,434469.9362
18532800,429802.7875,429802.7875
18536400,349672.4093,349672.4093
18540000,366192.8102,366192.8102
18543600,348311.4041,348311.4041
18547200,325247.1247,325247.1247
18550800,347153.9307,347153.9307
18554400,363611.0074,363611.0074
18558000,363140.7599,363140.7599
18561600,368063.2112,368063.2112
18565200,344705.5229,344705.5229
18568800,391773.5525,391773.5525
18572400,359093.9439,359093.9439
18576000,382463.8143,382463.8143
18579600,351875.9616,351875.9616
18583200,317624.1584,317624.1584
18586800,288149.134,288149.134
18590400,275339.6239,275339.6239
18594000,267551.0489,267551.0489
18597600,294548.4382,294548.4382
18601200,256622.0416,256622.0416
18604800,276231.2655,276231.2655
18608400,305109.2446,305109.2446
18612000,338968.4845,338968.4845
18615600,358015.2037,358015.2037
18619200,341200.7067,341200.7067
18622800,337339.8538,337339.8538
18626400,352598.0787,352598.0787
18630000,377223.0008,377223.0008
18633600,378993.7408,378993.7408
18637200,359583.3953,359583.3953
18640800,376308.4779,376308.4779
18644400,361105.0028,361105.0028
18648000,354336.051,354336.051
18651600,375241.2869,375241.2869
18655200,393276.7864,393276.7864
18658800,389299.6407,389299.6407
18662400,425869.7742,425869.7742
18666000,384496.5719,384496.5719
18669600,380447.7885,380447.7885
18673200,351179.6619,351179.6619
18676800,342312.8439,342312.8439
18680400,339290.0117,339290.0117
18684000,355144.9524,355144.9524
18687600,339518.181,339518.181
18691200,282441.2439,282441.2439
18694800,271792.2575,271792.2575
18698400,289804.7418,289804.7418
18702000,269743.3521,269743.3521
18705600,268458.7904,268458.7904
18709200,267312.9287,267312.9287
18712800,286055.4563,286055.4563
18716400,277895.652,277895.652
18720000,287558.3105,287558.3105
18723600,282624.937,282624.937
18727200,294833.3166,294833.3166
18730800,356879.7119,356879.7119
18734400,366148.8762,366148.8762
18738000,339674.7814,339674.7814
18741600,342005.2508,342005.2508
18745200,338548.0051,338548.0051
18748800,367441.1393,367441.1393
18752400,365210.4819,365210.4819
18756000,359662.0891,359662.0891
18759600,335821.7917,335821.7917
18763200,340775.8863,340775.8863
18766800,348209.0245,348209.0245
18770400,341854.6009,341854.6009
18774000,323610.4834,323610.4834
18777600,354233.0535,354233.0535
18781200,392829.9012,392829.9012
18784800,377906.5731,377906.5731
18788400,347095.7788,347095.7788
18792000,357627.2741,357627.2741
18795600,372592.711,372592.711
18799200,367139.2707,367139.2707
18802800,374040.5017,374040.5017
18806400,363971.901,363971.901
18810000,365804.3529,365804.3529
18813600,383782.0597,383782.0597
18817200,380341.3978,380341.3978
18820800,403874.7384,403874.7384
18824400,406149.824,406149.824
18828000,400610.7637,400610.7637
18831600,390285.228,390285.228
18835200,421419.361,421419.361
18838800,395901.8618,395901.8618
18842400,413363.1172,413363.1172
18846000,411404.2224,411404.2224
18849600,461877.8641,461877.8641
18853200,457852.052,457852.052
18856800,452233.7698,452233.7698
18860400,433004.9013,433004.9013
18864000,460674.202,460674.202
18867600,458396.6272,458396.6272
18871200,444744.7392,444744.7392
18874800,364296.2722,364296.2722
18878400,412216.491,412216.491
18882000,405127.8273,405127.8273
18885600,442927.7665,442927.7665
18889200,390725.6341,390725.6341
18892800,365300.0295,365300.0295
18896400,452871.4937,452871.4937
18900000,427470.6491,427470.6491
18903600,356236.6556,356236.6556
18907200,435237.1914,435237.1914
18910800,431991.913,431991.913
18914400,457427.9261,457427.9261
18918000,424719.4538,424719.4538
18921600,467636.5146,467636.5146
18925200,449312.4249,449312.4249
18928800,420524.5882,420524.5882
18932400,388622.214,388622.214
18936000,323126.7534,323126.7534
18939600,428593.9045,428593.9045
18943200,422379.2232,422379.2232
18946800,412379.1741,412379.1741
18950400,431330.2428,431330.2428
18954000,431830.9235,431830.9235
18957600,432885.7641,432885.7641
18961200,433338.1208,433338.1208
18964800,432993.2664,432993.2664
18968400,437573.3208,437573.3208
18972000,404754.6112,404754.6112
18975600,406415.3085,406415.3085
18979200,413826.7217,413826.7217
18982800,418087.4717,418087.4717
18986400,405642.715,405642.715
18990000,378617.9223,378617.9223
18993600,414982.771,414982.771
18997200,398513.5034,398513.5034
19000800,409938.7815,409938.7815
19004400,426550.2442,426550.2442
19008000,426501.2672,426501.2672
19011600,373202.4235,373202.4235
19015200,383335.6021,383335.6021
19018800,303452.2281,303452.2281
19022400,263548.7027,263548.7027
19026000,357309.162,357309.162
19029600,398155.4854,398155.4854
19033200,390490.2482,390490.2482
19036800,403016.6226,403016.6226
19040400,406908.2698,406908.2698
19044000,438508.3232,438508.3232
19047600,386060.026,386060.026
19051200,432428.8525,432428.8525
19054800,390267.2516,390267.2516
19058400,412765.4708,412765.4708
19062000,419092.0001,419092.0001
19065600,427959.8581,427959.8581
19069200,415342.4048,415342.4048
19072800,414210.0873,414210.0873
19076400,379955.4603,379955.4603
19080000,417025.0321,417025.0321
19083600,419994.3838,419994.3838
19087200,419157.1554,419157.1554
19090800,399950.366,399950.366
19094400,403650.4232,403650.4232
19098000,407927.6786,407927.6786
19101600,397367.6201,397367.6201
19105200,408970.953,408970.953
19108800,409147.2233,409147.2233
19112400,404247.9243,404247.9243
19116000,405681.6398,405681.6398
19119600,398763.0806,398763.0806
19123200,364016.8387,364016.8387
19126800,348016.4344,348016.4344
19130400,366258.4643,366258.4643
19134000,368337.1275,368337.1275
19137600,326798.459,326798.459
19141200,365167.711,365167.711
19144800,331145.7009,331145.7009
19148400,363443.298,363443.298
19152000,368034.2203,368034.2203
19155600,365841.9858,365841.9858
19159200,372553.5918,372553.5918
19162800,408451.8452,408451.8452
19166400,433005.2137,433005.2137
19170000,375994.492,375994.492
19173600,357916.1626,357916.1626
19177200,406392.7779,406392.7779
19180800,412262.0563,412262.0563
19184400,401693.089,401693.089
19188000,374821.0581,374821.0581
19191600,353183.0111,353183.0111
19195200,332524.6886,332524.6886
19198800,347315.5182,347315.5182
19202400,322410.0765,322410.0765
19206000,317008.3405,317008.3405
19209600,275132.1136,275132.1136
19213200,302154.3403,302154.3403
19216800,301882.2059,301882.2059
19220400,314381.9623,314381.9623
19224000,361490.6062,361490.6062
19227600,366834.1872,366834.1872
19231200,359196.3745,359196.3745
19234800,369382.3711,369382.3711
19238400,367555.8,367555.8
19242000,377173.196,377173.196
19245600,376031.5085,376031.5085
19249200,371032.5655,371032.5655
19252800,356366.0732,356366.0732
19256400,366607.6325,366607.6325
19260000,359042.9089,359042.9089
19263600,374558.1834,374558.1834
19267200,399667.0785,399667.0785
19270800,366963.4682,366963.4682
19274400,355109.0122,355109.0122
19278000,324502.5861,324502.5861
19281600,288316.2605,288316.2605
19285200,304876.0395,304876.0395
19288800,300858.2373,300858.2373
19292400,311791.9249,311791.9249
19296000,333580.3524,333580.3524
19299600,312745.0426,312745.0426
19303200,288354.0282,288354.0282
19306800,349832.5131,349832.5131
19310400,293653.8009,293653.8009
19314000,341739.7117,341739.7117
19317600,340754.2113,340754.2113
19321200,387375.0963,387375.0963
19324800,353402.3784,353402.3784
19328400,347806.3878,347806.3878
19332000,327868.8095,327868.8095
19335600,333090.3134,333090.3134
19339200,323236.4766,323236.4766
19342800,361443.4354,361443.4354
19346400,344898.0857,344898.0857
19350000,340205.2291,340205.2291
19353600,259095.9799,259095.9799
19357200,292652.1497,292652.1497
19360800,280434.8933,280434.8933
19364400,283177.3307,283177.3307
19368000,273998.7999,273998.7999
19371600,271481.7757,271481.7757
19375200,258333.1137,258333.1137
19378800,278086.2667,278086.2667
19382400,308381.2032,308381.2032
19386000,314581.5675,314581.5675
19389600,318896.6613,318896.6613
19393200,326184.6708,326184.6708
19396800,313412.0759,313412.0759
19400400,365508.1744,365508.1744
19404000,383504.7702,383504.7702
19407600,344849.2222,344849.2222
19411200,341725.0168,341725.0168
19414800,358987.8517,358987.8517
19418400,404541.072,404541.072
19422000,416257.3253,416257.3253
19425600,405079.1998,405079.1998
19429200,381031.4174,381031.4174
19432800,394791.2232,394791.2232
19436400,369874.508,369874.508
19440000,393651.2767,393651.2767
19443600,408736.6172,408736.6172
19447200,371827.2629,371827.2629
19450800,358107.7144,358107.7144
19454400,326629.0233,326629.0233
19458000,377931.2983,377931.2983
19461600,357616.5671,357616.5671
19465200,361458.4105,361458.4105
19468800,303326.9979,303326.9979
19472400,325424.8449,325424.8449
19476000,325518.6547,325518.6547
19479600,309875.8553,309875.8553
19483200,328496.2332,328496.2332
19486800,365871.4742,365871.4742
19490400,353475.6617,353475.6617
19494000,370338.6874,370338.6874
19497600,351706.9275,351706.9275
19501200,353233.3037,353233.3037
19504800,366623.1974,366623.1974
19508400,379502.1761,379502.1761
19512000,347198.9186,347198.9186
19515600,334313.7462,334313.7462
19519200,345240.7,345240.7
19522800,365493.4464,365493.4464
19526400,372367.8316,372367.8316
19530000,388848.3793,388848.3793
19533600,351345.7728,351345.7728
19537200,351281.2396,351281.2396
19540800,315421.3961,315421.3961
19544400,306517.7359,306517.7359
19548000,292573.6403,292573.6403
19551600,313411.5184,313411.5184
19555200,325364.5805,325364.5805
19558800,343821.3507,343821.3507
19562400,356552.3328,356552.3328
19566000,366675.8172,366675.8172
19569600,361523.2258,361523.2258
19573200,358590.0667,358590.0667
19576800,360417.9616,360417.9616
19580400,375564.0624,375564.0624
19584000,379336.595,379336.595
19587600,381004.3064,381004.3064
19591200,355775.0852,355775.0852
19594800,373834.4457,373834.4457
19598400,346194.9267,346194.9267
19602000,355628.9964,355628.9964
19605600,360375.9033,360375.9033
19609200,348119.8218,348119.8218
19612800,338272.4151,338272.4151
19616400,341849.6448,341849.6448
19620000,324907.6224,324907.6224
19623600,353848.1871,353848.1871
19627200,345251.5374,345251.5374
19630800,344785.6906,344785.6906
19634400,311316.3284,311316.3284
19638000,306563.3656,306563.3656
19641600,330723.7899,330723.7899
19645200,301892.5736,301892.5736
19648800,317575.3526,317575.3526
19652400,346937.4016,346937.4016
19656000,325798.6442,325798.6442
19659600,389380.4446,389380.4446
19663200,353809.8508,353809.8508
19666800,379440.1764,379440.1764
19670400,365100.2931,365100.2931
19674000,414880.9932,414880.9932
19677600,397357.6604,397357.6604
19681200,414145.3202,414145.3202
19684800,437863.5745,437863.5745
19688400,441139.9646,441139.9646
19692000,434299.5061,434299.5061
19695600,432480.0035,432480.0035
19699200,416488.71,416488.71
19702800,384124.73,384124.73
19706400,336673.6411,336673.6411
19710000,328225.7491,328225.7491
19713600,320143.1549,320143.1549
19717200,322363.6282,322363.6282
19720800,295186.1656,295186.1656
19724400,276727.0605,276727.0605
19728000,285446.8846,285446.8846
19731600,323369.5905,323369.5905
19735200,285789.7117,285789.7117
19738800,332128.6787,332128.6787
19742400,305878.5742,305878.5742
19746000,353355.5343,353355.5343
19749600,349979.8155,349979.8155
19753200,357721.1002,357721.1002
19756800,322405.8884,322405.8884
19760400,330669.8042,330669.8042
19764000,335536.2052,335536.2052
19767600,309409.7703,309409.7703
19771200,297290.725,297290.725
19774800,290710.439,290710.439
19778400,282007.5995,282007.5995
19782000,290711.625,290711.625
19785600,308083.6656,308083.6656
19789200,360110.6897,360110.6897
19792800,289078.5274,289078.5274
19796400,305275.4453,305275.4453
19800000,302431.2054,302431.2054
19803600,297401.9939,297401.9939
19807200,296261.6102,296261.6102
19810800,298456.5794,298456.5794
19814400,324299.8052,324299.8052
19818000,298739.4294,298739.4294
19821600,322074.9497,322074.9497
19825200,315752.3268,315752.3268
19828800,304544.3879,304544.3879
19832400,352133.2588,352133.2588
19836000,326468.829,326468.829
19839600,333505.5573,333505.5573
19843200,320845.3859,320845.3859
19846800,327596.1868,327596.1868
19850400,320663.951,320663.951
19854000,306371.5397,306371.5397
19857600,322026.2852,322026.2852
19861200,305908.0771,305908.0771
19864800,302823.8435,302823.8435
19868400,298883.881,298883.881
19872000,332468.2995,332468.2995
19875600,318461.5428,318461.5428
19879200,292602.4396,292602.4396
19882800,262570.4163,262570.4163
19886400,260057.8564,260057.8564
19890000,260818.2253,260818.2253
19893600,268193.5176,268193.5176
19897200,291412.5306,291412.5306
19900800,291347.4611,291347.4611
19904400,281872.811,281872.811
19908000,287735.0275,287735.0275
19911600,277785.8704,277785.8704
19915200,287492.4425,287492.4425
19918800,307590.4349,307590.4349
19922400,290434.1074,290434.1074
19926000,308209.2006,308209.2006
19929600,285651.9046,285651.9046
19933200,287922.9791,287922.9791
19936800,309501.093,309501.093
19940400,289572.0648,289572.0648
19944000,268136.3427,268136.3427
19947600,296013.0704,296013.0704
19951200,275222.5052,275222.5052
19954800,282763.4175,282763.4175
19958400,304794.122,304794.122
19962000,298807.1671,298807.1671
19965600,314116.4341,314116.4341
19969200,347867.0159,347867.0159
19972800,311251.0606,311251.0606
19976400,305802.1573,305802.1573
19980000,320991.2988,320991.2988
19983600,299341.6687,299341.6687
19987200,303758.5772,303758.5772
19990800,284659.2909,284659.2909
19994400,277228.9616,277228.9616
19998000,315080.3674,315080.3674
20001600,307238.6285,307238.6285
20005200,329030.1238,329030.1238
20008800,318454.0671,318454.0671
20012400,340243.915,340243.915
20016000,341902.9303,341902.9303
20019600,346591.8483,346591.8483
20023200,337931.223,337931.223
20026800,358046.2656,358046.2656
20030400,363138.3575,363138.3575
20034000,336394.6315,336394.6315
20037600,331477.4236,331477.4236
20041200,372777.7064,372777.7064
20044800,367663.6331,367663.6331
20048400,384589.853,384589.853
20052000,310703.7977,310703.7977
20055600,360077.0038,360077.0038
20059200,398524.6428,398524.6428
20062800,395572.1578,395572.1578
20066400,363678.7038,363678.7038
20070000,384392.9029,384392.9029
20073600,400605.4828,400605.4828
20077200,396712.4646,396712.4646
20080800,419344.9603,419344.9603
20084400,381260.7877,381260.7877
20088000,416401.1638,416401.1638
20091600,426696.246,426696.246
20095200,413936.4787,413936.4787
20098800,379007.8688,379007.8688
20102400,370191.4908,370191.4908
20106000,348519.4173,348519.4173
20109600,353327.3431,353327.3431
20113200,354838.3463,354838.3463
20116800,382175.9618,382175.9618
20120400,401174.6559,401174.6559
20124000,374897.9308,374897.9308
20127600,358345.2284,358345.2284
20131200,332310.5314,332310.5314
20134800,366041.8611,366041.8611
20138400,355070.4004,355070.4004
20142000,317990.275,317990.275
20145600,295170.5532,295170.5532
20149200,312712.3581,312712.3581
20152800,320085.9352,320085.9352
20156400,307231.3167,307231.3167
20160000,385995.1427,385995.1427
20163600,361542.6459,361542.6459
20167200,404761.3074,404761.3074
20170800,364243.3187,364243.3187
20174400,389191.1213,389191.1213
20178000,379843.8622,379843.8622
20181600,404626.7198,404626.7198
20185200,394153.8163,394153.8163
20188800,373987.012,373987.012
20192400,376226.4615,376226.4615
20196000,358103.0884,358103.0884
20199600,341219.493,341219.493
20203200,385399.3047,385399.3047
20206800,371481.1099,371481.1099
20210400,366415.1926,366415.1926
20214000,377700.5489,377700.5489
20217600,382423.3655,382423.3655
20221200,385835.4243,385835.4243
20224800,438779.039,438779.039
20228400,378383.4623,378383.4623
20232000,367403.8083,367403.8083
20235600,350865.6053,350865.6053
20239200,314416.6256,314416.6256
20242800,333972.1809,333972.1809
20246400,345548.0219,345548.0219
20250000,334310.1489,334310.1489
20253600,317780.6438,317780.6438
20257200,331018.8276,331018.8276
20260800,332260.9005,332260.9005
20264400,371589.4495,371589.4495
20268000,369561.7262,369561.7262
20271600,376042.9011,376042.9011
20275200,377642.4163,377642.4163
20278800,401566.6438,401566.6438
20282400,384462.1597,384462.1597
20286000,366516.0331,366516.0331
20289600,375368.6381,375368.6381
20293200,356669.6422,356669.6422
20296800,354952.1356,354952.1356
20300400,355117.4836,355117.4836
20304000,374000.9749,374000.9749
20307600,400982.1169,400982.1169
20311200,372338.6034,372338.6034
20314800,327047.8662,327047.8662
20318400,316971.7127,316971.7127
20322000,344625.447,344625.447
20325600,311829.8539,311829.8539
20329200,296859.9913,296859.9913
20332800,315994.6458,315994.6458
20336400,326255.0723,326255.0723
20340000,300325.5383,300325.5383
20343600,326786.6771,326786.6771
20347200,339017.9585,339017.9585
20350800,349845.6244,349845.6244
20354400,363173.9581,363173.9581
20358000,368562.4762,368562.4762
20361600,353614.6389,353614.6389
20365200,366581.6527,366581.6527
20368800,361418.2724,361418.2724
20372400,359769.2776,359769.2776
20376000,367657.2292,367657.2292
20379600,352961.7309,352961.7309
20383200,338532.1994,338532.1994
20386800,333801.0863,333801.0863
20390400,359138.2797,359138.2797
20394000,323308.9636,323308.9636
20397600,304706.9791,304706.9791
20401200,300870.484,300870.484
20404800,285039.3215,285039.3215
20408400,274599.5664,274599.5664
20412000,271713.1138,271713.1138
20415600,286558.2627,286558.2627
20419200,277214.4083,277214.4083
20422800,292295.6236,292295.6236
20426400,266427.4201,266427.4201
20430000,281418.8255,281418.8255
20433600,294292.2348,294292.2348
20437200,309427.8753,309427.8753
20440800,279261.5659,279261.5659
20444400,282307.0658,282307.0658
20448000,280242.1933,280242.1933
20451600,294769.8924,294769.8924
20455200,300872.0838,300872.0838
20458800,305233.3587,305233.3587
20462400,283112.8415,283112.8415
20466000,277841.1482,277841.1482
20469600,278407.0386,278407.0386
20473200,277210.9873,277210.9873
20476800,320119.2381,320119.2381
20480400,294046.856,294046.856
20484000,256330.2578,256330.2578
20487600,248655.0078,248655.0078
20491200,251683.7294,251683.7294
20494800,240519.1831,240519.1831
20498400,249957.9283,249957.9283
20502000,248468.4948,248468.4948
20505600,278080.149,278080.149
20509200,248583.4337,248583.4337
20512800,272767.3435,272767.3435
20516400,277850.7578,277850.7578
20520000,278641.2803,278641.2803
20523600,292801.7733,292801.7733
20527200,291592.7447,291592.7447
20530800,291310.5984,291310.5984
20534400,298947.4692,298947.4692
20538000,302844.4827,302844.4827
20541600,300219.0253,300219.0253
20545200,309062.1998,309062.1998
20548800,301190.4944,301190.4944
20552400,319018.8452,319018.8452
20556000,314624.9116,314624.9116
20559600,323954.5413,323954.5413
20563200,311962.7013,311962.7013
20566800,358447.5369,358447.5369
20570400,327277.3484,327277.3484
20574000,320085.5354,320085.5354
20577600,309233.4352,309233.4352
20581200,305330.9428,305330.9428
20584800,280485.1013,280485.1013
20588400,301075.3713,301075.3713
20592000,316624.1062,316624.1062
20595600,300983.3316,300983.3316
20599200,340753.6691,340753.6691
20602800,307691.806,307691.806
20606400,316580.447,316580.447
20610000,386807.8129,386807.8129
20613600,337505.1574,337505.1574
20617200,341942.7646,341942.7646
20620800,345854.4814,345854.4814
20624400,376507.6725,376507.6725
20628000,366729.4305,366729.4305
20631600,374938.5764,374938.5764
20635200,348143.0025,348143.0025
20638800,367731.2325,367731.2325
20642400,376534.4627,376534.4627
20646000,384944.4715,384944.4715
20649600,411577.6661,411577.6661
20653200,365292.1304,365292.1304
20656800,350268.1754,350268.1754
20660400,330127.0833,330127.0833
20664000,325444.7134,325444.7134
20667600,328495.0693,328495.0693
20671200,324686.8504,324686.8504
20674800,320647.7643,320647.7643
20678400,317053.1527,317053.1527
20682000,297139.2215,297139.2215
20685600,310269.6262,310269.6262
20689200,316678.1496,316678.1496
20692800,327815.3741,327815.3741
20696400,365289.2716,365289.2716
20700000,386477.6023,386477.6023
20703600,353829.0873,353829.0873
20707200,399312.0957,399312.0957
20710800,359286.6212,359286.6212
20714400,337337.2254,337337.2254
20718000,345813.7757,345813.7757
20721600,351424.7532,351424.7532
20725200,351007.1386,351007.1386
20728800,372104.3955,372104.3955
20732400,395885.7053,395885.7053
20736000,388186.8686,388186.8686
20739600,355618.3582,355618.3582
20743200,354408.1797,354408.1797
20746800,375928.5523,375928.5523
20750400,358436.2793,358436.2793
20754000,349235.9768,349235.9768
20757600,341184.0552,341184.0552
20761200,320870.9567,320870.9567
20764800,331181.6203,331181.6203
20768400,328386.1395,328386.1395
20772000,270660.3846,270660.3846
20775600,290749.9447,290749.9447
20779200,298843.5545,298843.5545
20782800,303613.2934,303613.2934
20786400,316018.0858,316018.0858
20790000,324466.1598,324466.1598
20793600,341028.3666,341028.3666
20797200,336960.2014,336960.2014
20800800,365532.087,365532.087
20804400,340705.0891,340705.0891
20808000,406555.1433,406555.1433
20811600,384040.9868,384040.9868
20815200,373833.6067,373833.6067
20818800,346411.6329,346411.6329
20822400,395538.4115,395538.4115
20826000,384983.4011,384983.4011
20829600,333098.4768,333098.4768
20833200,304704.6646,304704.6646
20836800,302713.1922,302713.1922
20840400,332361.5568,332361.5568
20844000,331249.3046,331249.3046
20847600,317347.4934,317347.4934
20851200,310219.3985,310219.3985
20854800,333363.2918,333363.2918
20858400,298286.2858,298286.2858
20862000,405625.6144,405625.6144
20865600,393383.6187,393383.6187
20869200,423689.9432,423689.9432
20872800,423786.6946,423786.6946
20876400,422796.513,422796.513
20880000,390095.031,390095.031
20883600,374238.0692,374238.0692
20887200,345230.7675,345230.7675
20890800,357000.7788,357000.7788
20894400,350425.813,350425.813
20898000,340801.9095,340801.9095
20901600,333388.7398,333388.7398
20905200,363843.5556,363843.5556
20908800,395057.7474,395057.7474
20912400,388702.255,388702.255
20916000,348754.4543,348754.4543
20919600,352758.1954,352758.1954
20923200,352685.6191,352685.6191
20926800,354029.8207,354029.8207
20930400,311947.0159,311947.0159
20934000,319309.6171,319309.6171
20937600,387860.9498,387860.9498
20941200,406633.7709,406633.7709
20944800,448880.3633,448880.3633
20948400,430226.6176,430226.6176
20952000,425556.4612,425556.4612
20955600,345423.0774,345423.0774
20959200,361940.4749,361940.4749
20962800,344056.0676,344056.0676
20966400,320988.7893,320988.7893
20970000,342892.5984,342892.5984
20973600,359346.6805,359346.6805
20977200,358873.4406,358873.4406
20980800,363792.9017,363792.9017
20984400,340432.2254,340432.2254
20988000,387497.2692,387497.2692
20991600,354814.677,354814.677
20995200,378181.5659,378181.5659
20998800,347590.734,347590.734
21002400,313335.9538,313335.9538
21006000,283857.9546,283857.9546
21009600,271045.4719,271045.4719
21013200,263253.9265,263253.9265
21016800,290248.3477,290248.3477
21020400,252318.9851,252318.9851
21024000,271925.2453,271925.2453
21027600,300800.2628,300800.2628
21031200,334656.5433,334656.5433
21034800,353700.3055,353700.3055
21038400,336882.8536,336882.8536
21042000,333019.048,333019.048
21045600,348274.3225,348274.3225
21049200,372896.2963,372896.2963
21052800,374664.0904,374664.0904
21056400,355250.8012,355250.8012
21060000,371972.9423,371972.9423
21063600,356766.5278,356766.5278
21067200,349994.6389,349994.6389
21070800,370896.94,370896.94
21074400,388929.5069,388929.5069
21078000,384949.4309,384949.4309
21081600,421516.6362,421516.6362
21085200,380140.508,380140.508
21088800,376088.8009,376088.8009
21092400,346817.753,346817.753
21096000,337948.0158,337948.0158
21099600,334922.2667,334922.2667
21103200,350774.2927,350774.2927
21106800,335144.609,335144.609
21110400,278064.7617,278064.7617
21114000,267412.8673,267412.8673
21117600,285422.446,285422.446
21121200,265358.1529,265358.1529
21124800,264070.69,264070.69
21128400,262921.9295,262921.9295
21132000,281661.5604,281661.5604
21135600,273498.8617,273498.8617
21139200,283158.6281,283158.6281
21142800,278222.3648,278222.3648
21146400,290427.8568,290427.8568
21150000,352471.3668,352471.3668
21153600,361737.648,361737.648
21157200,335260.6724,335260.6724
21160800,337588.2633,337588.2633
21164400,334128.1413,334128.1413
21168000,363018.4017,363018.4017
21171600,360784.8725,360784.8725
21175200,355233.6103,355233.6103
21178800,331390.4458,331390.4458
21182400,336341.6756,336341.6756
21186000,343771.9512,343771.9512
21189600,337414.6672,337414.6672
21193200,319167.6918,319167.6918
21196800,349787.4061,349787.4061
21200400,388381.4004,388381.4004
21204000,373455.2212,373455.2212
21207600,342641.578,342641.578
21211200,353170.2267,353170.2267
21214800,368132.8194,368132.8194
21218400,362676.5371,362676.5371
21222000,369574.9284,369574.9284
21225600,359503.4903,359503.4903
21229200,361333.1072,361333.1072
21232800,379307.9811,379307.9811
21236400,375864.4887,375864.4887
21240000,399395.0013,399395.0013
21243600,401667.2609,401667.2609
21247200,396125.3771,396125.3771
21250800,385797.0201,385797.0201
21254400,416928.3341,416928.3341
21258000,391408.0183,391408.0183
21261600,408866.4594,408866.4594
21265200,406904.7526,406904.7526
21268800,457375.5845,457375.5845
21272400,453346.9651,453346.9651
21276000,447725.8778,447725.8778
21279600,428494.2066,428494.2066
21283200,456160.7068,456160.7068
21286800,453880.334,453880.334
21290400,440225.6501,440225.6501
21294000,359774.3897,359774.3897
21297600,407691.8174,407691.8174
21301200,400600.3648,400600.3648
21304800,438397.5176,438397.5176
21308400,386192.6011,386192.6011
21312000,360764.2146,360764.2146
21315600,448332.8993,448332.8993
21319200,422929.2776,422929.2776
21322800,351692.5093,351692.5093
21326400,430690.2726,430690.2726
21330000,427442.2242,427442.2242
21333600,452875.4695,452875.4695
21337200,420164.2317,420164.2317
21340800,463078.5294,463078.5294
21344400,444751.6789,444751.6789
21348000,415961.0838,415961.0838
21351600,384055.9536,384055.9536
21355200,318557.7392,318557.7392
21358800,424022.1389,424022.1389
21362400,417804.7087,417804.7087
21366000,407801.913,407801.913
21369600,426750.2373,426750.2373
21373200,427248.176,427248.176
21376800,428300.2771,428300.2771
21380400,428749.8966,428749.8966
21384000,428402.3073,428402.3073
21387600,432979.6291,432979.6291
21391200,400158.1895,400158.1895
21394800,401816.159,401816.159
21398400,409224.8467,409224.8467
21402000,413482.8736,413482.8736
21405600,401035.3963,401035.3963
21409200,374007.8853,374007.8853
21412800,410370.0181,410370.0181
21416400,393898.0369,393898.0369
21420000,405320.6038,405320.6038
21423600,421929.3577,421929.3577
21427200,421877.6742,421877.6742
21430800,368576.1265,368576.1265
21434400,378706.6035,378706.6035
21438000,298820.5301,298820.5301
21441600,258914.3078,258914.3078
21445200,352672.0726,352672.0726
21448800,393515.7039,393515.7039
21452400,385847.7769,385847.7769
21456000,398371.464,398371.464
21459600,402260.4262,402260.4262
21463200,433857.7969,433857.7969
21466800,381406.8196,381406.8196
21470400,427772.9683,427772.9683
21474000,385608.692,385608.692
21477600,408104.2381,408104.2381
21481200,414428.0968,414428.0968
21484800,423293.2866,423293.2866
21488400,410673.1675,410673.1675
21492000,409538.1867,409538.1867
21495600,375280.8986,375280.8986
21499200,412347.8119,412347.8119
21502800,415314.5073,415314.5073
21506400,414474.6251,414474.6251
21510000,395265.1844,395265.1844
21513600,398962.5926,398962.5926
21517200,403237.2014,403237.2014
21520800,392674.4988,392674.4988
21524400,404275.1899,404275.1899
21528000,404448.8209,404448.8209
21531600,399546.885,399546.885
21535200,400977.9661,400977.9661
21538800,394056.7748,394056.7748
21542400,359307.9033,359307.9033
21546000,343304.8718,343304.8718
21549600,361544.2769,361544.2769
21553200,363620.3178,363620.3178
21556800,322079.0294,322079.0294
21560400,360445.6638,360445.6638
21564000,326421.0386,326421.0386
21567600,358716.023,358716.023
21571200,363304.3351,363304.3351
21574800,361109.4928,361109.4928
21578400,367818.4935,367818.4935
21582000,403714.1441,403714.1441
21585600,428264.912,428264.912
21589200,371251.5923,371251.5923
21592800,353170.6673,353170.6673
21596400,401644.6895,401644.6895
21600000,407511.3772,407511.3772
21603600,396939.8216,396939.8216
21607200,370065.2048,370065.2048
21610800,348424.5745,348424.5745
21614400,327763.671,327763.671
21618000,342551.9221,342551.9221
21621600,317643.9045,317643.9045
21625200,312239.5949,312239.5949
21628800,270360.7969,270360.7969
21632400,297380.4549,297380.4549
21636000,297105.7542,297105.7542
21639600,309602.9469,309602.9469
21643200,356709.0295,356709.0295
21646800,362050.0517,362050.0517
21650400,354409.6826,354409.6826
21654000,364593.1253,364593.1253
21657600,362764.0028,362764.0028
21661200,372378.8497,372378.8497
21664800,371234.6157,371234.6157
21668400,366233.1287,366233.1287
21672000,351564.0948,351564.0948
21675600,361803.115,361803.115
21679200,354235.8547,354235.8547
21682800,369748.5951,369748.5951
21686400,394854.9585,394854.9585
21690000,362148.819,362148.819
21693600,350291.8362,350291.8362
21697200,319682.8859,319682.8859
21700800,283494.0385,283494.0385
21704400,300051.2982,300051.2982
21708000,296030.9792,296030.9792
21711600,306962.1525,306962.1525
21715200,328748.0682,328748.0682
21718800,307910.249,307910.249
21722400,283516.7277,283516.7277
21726000,344992.7082,344992.7082
21729600,288811.4941,288811.4941
21733200,336894.9055,336894.9055
21736800,335906.9082,335906.9082
21740400,382525.2987,382525.2987
21744000,348550.0889,348550.0889
21747600,342951.6089,342951.6089
21751200,323011.5437,323011.5437
21754800,328230.5632,328230.5632
21758400,318374.2444,318374.2444
21762000,356578.7238,356578.7238
21765600,340030.8972,340030.8972
21769200,335335.5661,335335.5661
21772800,254223.845,254223.845
21776400,287777.5454,287777.5454
21780000,275557.8221,275557.8221
21783600,278297.7951,278297.7951
21787200,269116.8024,269116.8024
21790800,266597.3189,266597.3189
21794400,253446.2,253446.2
21798000,273196.8987,273196.8987
21801600,303489.3833,303489.3833
21805200,309687.2983,309687.2983
21808800,313999.9453,313999.9453
21812400,321285.5105,321285.5105
21816000,308510.4739,308510.4739
21819600,360604.1332,360604.1332
21823200,378598.2922,378598.2922
21826800,339940.31,339940.31
21830400,336813.673,336813.673
21834000,354074.0788,354074.0788
21837600,399624.8724,399624.8724
21841200,411338.7016,411338.7016
21844800,400158.1546,400158.1546
21848400,376107.9532,376107.9532
21852000,389865.3425,389865.3425
21855600,364946.2134,364946.2134
21859200,388720.5707,388720.5707
21862800,403803.5022,403803.5022
21866400,366891.7417,366891.7417
21870000,353169.7894,353169.7894
21873600,321688.6969,321688.6969
21877200,372988.5733,372988.5733
21880800,352671.4459,352671.4459
21884400,356510.8957,356510.8957
21888000,298377.092,298377.092
21891600,320472.5505,320472.5505
21895200,320563.9742,320563.9742
21898800,304918.7914,304918.7914
21902400,323536.7884,323536.7884
21906000,360909.651,360909.651
21909600,348511.4627,348511.4627
21913200,365372.1153,365372.1153
21916800,346737.9846,346737.9846
21920400,348261.9928,348261.9928
21924000,361649.5209,361649.5209
21927600,374526.1366,374526.1366
21931200,342220.5186,342220.5186
21934800,329332.9883,329332.9883
21938400,340257.5868,340257.5868
21942000,360507.9805,360507.9805
21945600,367380.0155,367380.0155
21949200,383858.2155,383858.2155
21952800,346353.264,346353.264
21956400,346286.3882,346286.3882
21960000,310424.2048,310424.2048
21963600,301518.2073,301518.2073
21967200,287571.7769,287571.7769
21970800,308407.3228,308407.3228
21974400,320358.0553,320358.0553
21978000,338812.4984,338812.4984
21981600,351541.156,351541.156
21985200,361662.3185,361662.3185
21988800,356507.4078,356507.4078
21992400,353571.9319,353571.9319
21996000,355397.5127,355397.5127
21999600,370541.3019,370541.3019
22003200,374311.5255,374311.5255
22006800,375976.9306,375976.9306
22010400,350745.4055,350745.4055
22014000,368802.4648,368802.4648
22017600,341160.6471,341160.6471
22021200,350592.4208,350592.4208
22024800,355337.0342,355337.0342
22028400,343078.6618,343078.6618
22032000,333228.9669,333228.9669
22035600,336803.9108,336803.9108
22039200,319859.6054,319859.6054
22042800,348797.8896,348797.8896
22046400,340198.9619,340198.9619
22050000,339730.8399,339730.8399
22053600,306259.205,306259.205
22057200,301503.9721,301503.9721
22060800,325662.1289,325662.1289
22064400,296828.6477,296828.6477
22068000,312509.1644,312509.1644
22071600,341868.9537,341868.9537
22075200,320727.9393,320727.9393
22078800,384307.4853,384307.4853
22082400,348734.6396,348734.6396
22086000,374362.716,374362.716
22089600,360020.586,360020.586
22093200,409799.0421,409799.0421
22096800,392273.4679,392273.4679
22100400,409058.8889,409058.8889
22104000,432774.9071,432774.9071
22107600,436049.0636,436049.0636
22111200,429206.3742,429206.3742
22114800,427384.6433,427384.6433
22118400,411391.1241,411391.1241
22122000,379024.9211,379024.9211
22125600,331571.6117,331571.6117
22129200,323121.5019,323121.5019
22132800,315036.6925,315036.6925
22136400,317254.9533,317254.9533
22140000,290075.2807,290075.2807
22143600,271613.9683,271613.9683
22147200,280331.5877,280331.5877
22150800,318252.0916,318252.0916
22154400,280670.0134,280670.0134
22158000,327006.7836,327006.7836
22161600,300754.4849,300754.4849
22165200,348229.2535,348229.2535
22168800,344851.3459,344851.3459
22172400,352590.4443,352590.4443
22176000,317273.0489,317273.0489
22179600,325534.7838,325534.7838
22183200,330399.0065,330399.0065
22186800,304270.3959,304270.3959
22190400,292149.1776,292149.1776
22194000,285566.7213,285566.7213
22197600,276861.714,276861.714
22201200,285563.5744,285563.5744
22204800,302933.4526,302933.4526
22208400,354958.3169,354958.3169
22212000,283923.9975,283923.9975
22215600,300118.7609,300118.7609
22219200,297272.3692,297272.3692
22222800,292241.0085,292241.0085
22226400,291098.4783,291098.4783
22230000,293291.3037,293291.3037
22233600,319132.3882,319132.3882
22237200,293569.8739,293569.8739
22240800,316903.2583,316903.2583
22244400,310578.5021,310578.5021
22248000,299368.4327,299368.4327
22251600,346955.1757,346955.1757
22255200,321288.6207,321288.6207
22258800,328323.2264,328323.2264
22262400,315660.9351,315660.9351
22266000,322409.6188,322409.6188
22269600,315475.2683,315475.2683
22273200,301180.7452,301180.7452
22276800,316833.3815,316833.3815
22280400,300713.0668,300713.0668
22284000,297626.7293,297626.7293
22287600,293684.6655,293684.6655
22291200,327266.9856,327266.9856
22294800,313258.133,313258.133
22298400,287396.9366,287396.9366
22302000,257362.8228,257362.8228
22305600,254848.1751,254848.1751
22309200,255606.4588,255606.4588
22312800,262979.6687,262979.6687
22316400,286196.6018,286196.6018
22320000,286129.4552,286129.4552
22323600,276652.7308,276652.7308
22327200,282512.8755,282512.8755
22330800,272561.6493,272561.6493
22334400,282266.1551,282266.1551
22338000,302362.0838,302362.0838
22341600,285203.6954,285203.6954
22345200,302976.7303,302976.7303
22348800,280417.3786,280417.3786
22352400,282686.4002,282686.4002
22356000,304262.4639,304262.4639
22359600,284331.3882,284331.3882
22363200,262893.6213,262893.6213
22366800,290768.3069,290768.3069
22370400,269975.7022,269975.7022
22374000,277514.5779,277514.5779
22377600,299543.2483,299543.2483
22381200,293554.2621,293554.2621
22384800,308861.5005,308861.5005
22388400,342610.0564,342610.0564
22392000,305992.0778,305992.0778
22395600,300541.1541,300541.1541
22399200,315728.2778,315728.2778
22402800,294076.6326,294076.6326
22406400,298491.5287,298491.5287
22410000,279390.2327,279390.2327
22413600,271957.8964,271957.8964
22417200,309807.298,309807.298
22420800,301963.5575,301963.5575
22424400,323753.054,323753.054
22428000,313175.0012,313175.0012
22431600,334962.8558,334962.8558
22435200,336619.8804,336619.8804
22438800,341306.8104,341306.8104
22442400,332644.1998,332644.1998
22446000,352757.2599,352757.2599
22449600,357847.372,357847.372
22453200,331101.6689,331101.6689
22456800,326182.4867,326182.4867
22460400,367480.7979,367480.7979
22464000,362364.7556,362364.7556
22467600,379289.0094,379289.0094
22471200,305400.9906,305400.9906
22474800,354772.236,354772.236
22478400,393217.917,393217.917
22482000,390263.4767,390263.4767
22485600,358368.0703,358368.0703
22489200,379080.3195,379080.3195
22492800,395290.9524,395290.9524
22496400,391395.9898,391395.9898
22500000,414026.544,414026.544
22503600,375940.4325,375940.4325
22507200,411078.8724,411078.8724
22510800,421372.0212,421372.0212
22514400,408610.3232,408610.3232
22518000,373679.7855,373679.7855
22521600,364861.4823,364861.4823
22525200,343187.4864,343187.4864
22528800,347993.4925,347993.4925
22532400,349502.5788,349502.5788
22536000,376838.2801,376838.2801
22539600,395835.0628,395835.0628
22543200,369556.4289,369556.4289
22546800,353001.8206,353001.8206
22550400,326965.2204,326965.2204
22554000,360694.6497,360694.6497
22557600,349721.2912,349721.2912
22561200,312639.2709,312639.2709
22564800,289817.6569,289817.6569
22568400,307357.5723,307357.5723
22572000,314729.2627,314729.2627
22575600,301872.7603,301872.7603
22579200,380634.7051,380634.7051
22582800,356180.3299,356180.3299
22586400,399397.1158,399397.1158
22590000,358877.2542,358877.2542
22593600,383823.1866,383823.1866
22597200,374474.0602,374474.0602
22600800,399255.0531,399255.0531
22604400,388780.2878,388780.2878
22608000,368611.6243,368611.6243
22611600,370849.2176,370849.2176
22615200,352723.9909,352723.9909
22618800,335838.5447,335838.5447
22622400,380016.5084,380016.5084
22626000,366096.4683,366096.4683
22629600,361028.7085,361028.7085
22633200,372312.2251,372312.2251
22636800,377033.2048,377033.2048
22640400,380443.4295,380443.4295
22644000,433385.2127,433385.2127
22647600,372987.8074,372987.8074
22651200,362006.3276,362006.3276
22654800,345466.3015,345466.3015
22658400,309015.5015,309015.5015
22662000,328569.2394,328569.2394
22665600,340143.2656,340143.2656
22669200,328903.5807,328903.5807
22672800,312372.2664,312372.2664
22676400,325608.6438,325608.6438
22680000,326848.9131,326848.9131
22683600,366175.6613,366175.6613
22687200,364146.1399,364146.1399
22690800,370625.5196,370625.5196
22694400,372223.2424,372223.2424
22698000,396145.6802,396145.6802
22701600,379039.4092,379039.4092
22705200,361091.4985,361091.4985
22708800,369942.3223,369942.3223
22712400,351241.5478,351241.5478
22716000,349522.2655,349522.2655
22719600,349685.8406,349685.8406
22723200,368567.5618,368567.5618
22726800,395546.9364,395546.9364
22730400,366901.6583,366901.6583
22734000,321609.1595,321609.1595
22737600,311531.247,311531.247
22741200,339183.2252,339183.2252
22744800,306385.8787,306385.8787
22748400,291414.2656,291414.2656
22752000,310547.1723,310547.1723
22755600,320805.8539,320805.8539
22759200,294874.5778,294874.5778
22762800,321333.9772,321333.9772
22766400,333563.5221,333563.5221
22770000,344389.4543,344389.4543
22773600,357716.0571,357716.0571
22777200,363102.8471,363102.8471
22780800,348153.2845,348153.2845
22784400,361118.5758,361118.5758
22788000,355953.4758,355953.4758
22791600,354302.7642,354302.7642
22795200,362189.0017,362189.0017
22798800,347491.7922,347491.7922
22802400,333060.5523,333060.5523
22806000,328327.7335,328327.7335
22809600,353663.2242,353663.2242
22813200,317832.208,317832.208
22816800,299228.5264,299228.5264
22820400,295390.337,295390.337
22824000,279557.4829,279557.4829
22827600,269116.0391,269116.0391
22831200,266227.9007,266227.9007
22834800,281071.3665,281071.3665
22838400,271725.8319,271725.8319
22842000,286805.3698,286805.3698
22845600,260935.4916,260935.4916
22849200,275925.2254,275925.2254
22852800,288796.9657,288796.9657
22856400,303930.9401,303930.9401
22860000,273762.9674,273762.9674
22863600,276806.8068,276806.8068
22867200,274740.2767,274740.2767
22870800,289266.321,289266.321
22874400,295366.8605,295366.8605
22878000,299726.4863,299726.4863
22881600,277604.3227,277604.3227
22885200,272330.986,272330.986
22888800,272895.2357,272895.2357
22892400,271697.5467,271697.5467
22896000,314604.1625,314604.1625
22899600,288530.1483,288530.1483
22903200,250811.9209,250811.9209
22906800,243135.0444,243135.0444
22910400,246162.1424,246162.1424
22914000,234995.9753,234995.9753
22917600,244433.1026,244433.1026
22921200,242942.0541,242942.0541
22924800,272552.096,272552.096
22928400,243053.7714,243053.7714
22932000,267236.0746,267236.0746
22935600,272317.8852,272317.8852
22939200,273106.8068,273106.8068
22942800,287265.7018,287265.7018
22946400,286055.0781,286055.0781
22950000,285771.3395,285771.3395
22953600,293406.6208,293406.6208
22957200,297302.0477,297302.0477
22960800,294675.0065,294675.0065
22964400,303516.6001,303516.6001
22968000,295643.3167,295643.3167
22971600,313470.0923,313470.0923
22975200,309074.5864,309074.5864
22978800,318402.6466,318402.6466
22982400,306409.24,306409.24
22986000,352892.5117,352892.5117
22989600,321720.7624,321720.7624
22993200,314527.3913,314527.3913
22996800,303673.7359,303673.7359
23000400,299769.6912,299769.6912
23004000,274922.3002,274922.3002
23007600,295511.0236,295511.0236
23011200,311058.2147,311058.2147
23014800,295415.8992,295415.8992
23018400,335184.6987,335184.6987
23022000,302121.3004,302121.3004
23025600,311008.4092,311008.4092
23029200,381234.2457,381234.2457
23032800,331930.0636,331930.0636
23036400,336366.1471,336366.1471
23040000,340276.3431,340276.3431
23043600,370928.0161,370928.0161
23047200,361148.2591,361148.2591
23050800,369355.8928,369355.8928
23054400,342558.8096,342558.8096
23058000,362145.5331,362145.5331
23061600,370947.2597,370947.2597
23065200,379355.7678,379355.7678
23068800,405987.4645,405987.4645
23072400,359700.4338,359700.4338
23076000,344674.9868,344674.9868
23079600,324532.4055,324532.4055
23083200,319848.5492,319848.5492
23086800,322897.4216,322897.4216
23090400,319087.7222,319087.7222
23094000,315047.1584,315047.1584
23097600,311451.072,311451.072
23101200,291535.6689,291535.6689
23104800,304664.6045,304664.6045
23108400,311071.6618,311071.6618
23112000,322207.423,322207.423
23115600,359679.8601,359679.8601
23119200,380866.7333,380866.7333
23122800,348216.7637,348216.7637
23126400,393698.3203,393698.3203
23130000,353671.397,353671.397
23133600,331720.5552,331720.5552
23137200,340195.6624,340195.6624
23140800,345805.1997,345805.1997
23144400,345386.1479,345386.1479
23148000,366481.9704,366481.9704
23151600,390261.8486,390261.8486
23155200,382561.5834,382561.5834
23158800,349991.6472,349991.6472
23162400,348780.0459,348780.0459
23166000,370298.9986,370298.9986
23169600,352805.3086,352805.3086
23173200,343603.5919,343603.5919
23176800,335550.2591,335550.2591
23180400,315235.7522,315235.7522
23184000,325545.0104,325545.0104
23187600,322748.127,322748.127
23191200,265020.9725,265020.9725
23194800,285109.1359,285109.1359
23198400,293201.3519,293201.3519
23202000,297969.6998,297969.6998
23205600,310373.1042,310373.1042
23209200,318819.7931,318819.7931
23212800,335380.6177,335380.6177
23216400,331311.0731,331311.0731
23220000,359881.5824,359881.5824
23223600,335053.2109,335053.2109
23227200,400901.8945,400901.8945
23230800,378386.3704,378386.3704
23234400,368177.6254,368177.6254
23238000,340754.2898,340754.2898
23241600,389879.7094,389879.7094
23245200,379323.343,379323.343
23248800,327437.0656,327437.0656
23252400,299041.9031,299041.9031
23256000,297049.0834,297049.0834
23259600,326696.1037,326696.1037
23263200,325582.51,325582.51
23266800,311679.3603,311679.3603
23270400,304549.9297,304549.9297
23274000,327692.4902,327692.4902
23277600,292614.1544,292614.1544
23281200,399952.1561,399952.1561
23284800,387708.8365,387708.8365
23288400,418013.8399,418013.8399
23292000,418109.2732,418109.2732
23295600,417117.7764,417117.7764
23299200,384414.982,384414.982
23302800,368556.7108,368556.7108
23306400,339548.1027,339548.1027
23310000,351316.8105,351316.8105
23313600,344740.5441,344740.5441
23317200,335115.3429,335115.3429
23320800,327700.8785,327700.8785
23324400,358154.4025,358154.4025
23328000,389367.3054,389367.3054
23331600,383010.527,383010.527
23335200,343061.4433,343061.4433
23338800,347063.9042,347063.9042
23342400,346990.0507,346990.0507
23346000,348332.9781,348332.9781
23349600,306248.902,306248.902
23353200,313610.2348,313610.2348
23356800,382160.302,382160.302
23360400,400931.8606,400931.8606
23364000,443177.1934,443177.1934
23367600,424522.191,424522.191
23371200,419850.7809,419850.7809
23374800,339716.1464,339716.1464
23378400,356232.296,356232.296
23382000,338346.6438,338346.6438
23385600,315278.1235,315278.1235
23389200,337180.6936,337180.6936
23392800,353633.5396,353633.5396
23396400,353159.0665,353159.0665
23400000,358077.2974,358077.2974
23403600,334715.3938,334715.3938
23407200,381779.2132,381779.2132
23410800,349095.3996,349095.3996
23414400,372461.0701,372461.0701
23418000,341869.0226,341869.0226
23421600,307613.0299,307613.0299
23425200,278133.8211,278133.8211
23428800,265320.1317,265320.1317
23432400,257527.3826,257527.3826
23436000,284520.6029,284520.6029
23439600,246590.0425,246590.0425
23443200,266195.1078,266195.1078
23446800,295068.9334,295068.9334
23450400,328924.0249,328924.0249
23454000,347966.601,347966.601
23457600,331147.966,331147.966
23461200,327282.9803,327282.9803
23464800,342537.0775,342537.0775
23468400,367157.8771,367157.8771
23472000,368924.4999,368924.4999
23475600,349510.0423,349510.0423
23479200,366231.018,366231.018
23482800,351023.4411,351023.4411
23486400,344250.3927,344250.3927
23490000,365151.5373,365151.5373
23493600,383182.9506,383182.9506
23497200,379201.724,379201.724
23500800,415767.7817,415767.7817
23504400,374390.5088,374390.5088
23508000,370337.66,370337.66
23511600,341065.4732,341065.4732
23515200,332194.6003,332194.6003
23518800,329167.7183,329167.7183
23522400,345018.6144,345018.6144
23526000,329387.8037,329387.8037
23529600,272306.8324,272306.8324
23533200,261653.817,261653.817
23536800,279662.2776,279662.2776
23540400,259596.8694,259596.8694
23544000,258308.2945,258308.2945
23547600,257158.4247,257158.4247
23551200,275896.9495,275896.9495
23554800,267733.1475,267733.1475
23558400,277391.8137,277391.8137
23562000,272454.453,272454.453
23565600,284658.8507,284658.8507
23569200,346701.2694,346701.2694
23572800,355966.4622,355966.4622
23576400,329488.4011,329488.4011
23580000,331814.9096,331814.9096
23583600,328353.7081,328353.7081
23587200,357242.892,357242.892
23590800,355008.2893,355008.2893
23594400,349455.9564,349455.9564
23598000,325611.7244,325611.7244
23601600,330561.8895,330561.8895
23605200,337991.1035,337991.1035
23608800,331632.7608,331632.7608
23612400,313384.7297,313384.7297
23616000,344003.3913,344003.3913
23619600,382596.3358,382596.3358
23623200,367669.1098,367669.1098
23626800,336854.4229,336854.4229
23630400,347382.0307,347382.0307
23634000,362343.5856,362343.5856
23637600,356886.2684,356886.2684
23641200,363783.6278,363783.6278
23644800,353711.1608,353711.1608
23648400,355539.7517,355539.7517
23652000,373513.6028,373513.6028
23655600,370069.0904,370069.0904
23659200,393598.5859,393598.5859
23662800,395869.8316,395869.8316
23666400,390326.9367,390326.9367
23670000,379997.5717,379997.5717
23673600,411127.8806,411127.8806
23677200,385606.5628,385606.5628
23680800,403064.0048,403064.0048
23684400,401101.3018,401101.3018
23688000,451571.1407,451571.1407
23691600,447541.5311,447541.5311
23695200,441919.4567,441919.4567
23698800,422686.8013,422686.8013
23702400,450352.3204,450352.3204
23706000,448070.9694,448070.9694
23709600,434415.3103,434415.3103
23713200,353963.0777,353963.0777
23716800,401879.5362,401879.5362
23720400,394787.1174,394787.1174
23724000,432583.3069,432583.3069
23727600,380377.4301,380377.4301
23731200,354948.0864,354948.0864
23734800,442515.8169,442515.8169
23738400,417111.2439,417111.2439
23742000,345873.5273,345873.5273
23745600,424870.3453,424870.3453
23749200,421621.3546,421621.3546
23752800,447053.6606,447053.6606
23756400,414341.4865,414341.4865
23760000,457254.8509,457254.8509
23763600,438927.0702,438927.0702
23767200,410135.5478,410135.5478
23770800,378229.4932,378229.4932
23774400,312730.3576,312730.3576
23778000,418193.8389,418193.8389
23781600,411975.4934,411975.4934
23785200,401971.7853,401971.7853
23788800,420919.2003,420919.2003
23792400,421416.2328,421416.2328
23796000,422467.4305,422467.4305
23799600,422916.1497,422916.1497
23803200,422567.6631,422567.6631
23806800,427144.0906,427144.0906
23810400,394321.7596,394321.7596
23814000,395978.8408,395978.8408
23817600,403386.6433,403386.6433
23821200,407643.7879,407643.7879
23824800,395195.4312,395195.4312
23828400,368167.0439,368167.0439
23832000,404528.3035,404528.3035
23835600,388055.452,388055.452
23839200,399477.1516,399477.1516
23842800,416085.0412,416085.0412
23846400,416032.4965,416032.4965
23850000,362730.0905,362730.0905
23853600,372859.7122,372859.7122
23857200,292972.7866,292972.7866
23860800,253065.7151,253065.7151
23864400,346822.6337,346822.6337
23868000,387665.4217,387665.4217
23871600,379996.6545,379996.6545
23875200,392519.5044,392519.5044
23878800,396407.6324,396407.6324
23882400,428004.172,428004.172
23886000,375552.3665,375552.3665
23889600,421917.69,421917.69
23893200,379752.5916,379752.5916
23896800,402247.3186,402247.3186
23900400,408570.3612,408570.3612
23904000,417434.7379,417434.7379
23907600,404813.8087,404813.8087
23911200,403678.0208,403678.0208
23914800,369419.9287,369419.9287
23918400,406486.0409,406486.0409
23922000,409451.9383,409451.9383
23925600,408611.2611,408611.2611
23929200,389401.0284,389401.0284
23932800,393097.6476,393097.6476
23936400,397371.4705,397371.4705
23940000,386807.9849,386807.9849
23943600,398407.8961,398407.8961
23947200,398580.7502,398580.7502
23950800,393678.0404,393678.0404
23954400,395108.3507,395108.3507
23958000,388186.3915,388186.3915
23961600,353436.7551,353436.7551
23965200,337432.9619,337432.9619
23968800,355671.6082,355671.6082
23972400,357746.8933,357746.8933
23976000,316204.8521,316204.8521
23979600,354570.7369,354570.7369
23983200,320545.365,320545.365
23986800,352839.6057,352839.6057
23990400,357427.1771,357427.1771
23994000,355231.5972,355231.5972
23997600,361939.8633,361939.8633
24001200,397834.7823,397834.7823
24004800,422384.8217,422384.8217
24008400,365370.7765,365370.7765
24012000,347289.1289,347289.1289
24015600,395762.4316,395762.4316
24019200,401628.4029,401628.4029
24022800,391056.1339,391056.1339
24026400,364180.8067,364180.8067
24030000,342539.469,342539.469
24033600,321877.8612,321877.8612
24037200,336665.411,336665.411
24040800,311756.695,311756.695
24044400,306351.6902,306351.6902
24048000,264472.1999,264472.1999
24051600,291491.1687,291491.1687
24055200,291215.7819,291215.7819
24058800,303712.2915,303712.2915
24062400,350817.6939,350817.6939
24066000,356158.039,356158.039
24069600,348516.9959,348516.9959
24073200,358699.7676,358699.7676
24076800,356869.9771,356869.9771
24080400,366484.1591,366484.1591
24084000,365339.2631,365339.2631
24087600,360337.1173,360337.1173
24091200,345667.4275,345667.4275
24094800,355905.7949,355905.7949
24098400,348337.8848,348337.8848
24102000,363849.9784,363849.9784
24105600,388955.6981,388955.6981
24109200,356248.9179,356248.9179
24112800,344391.2975,344391.2975
24116400,313781.7126,313781.7126
24120000,277592.2336,277592.2336
24123600,294148.8648,294148.8648
24127200,290127.9203,290127.9203
24130800,301058.4711,301058.4711
24134400,322843.7673,322843.7673
24138000,302005.3318,302005.3318
24141600,277611.1971,277611.1971
24145200,339086.5673,339086.5673
24148800,282904.7459,282904.7459
24152400,330987.5531,330987.5531
24156000,329998.9546,329998.9546
24159600,376616.747,376616.747
24163200,342640.942,342640.942
24166800,337041.8699,337041.8699
24170400,317101.2157,317101.2157
24174000,322319.6492,322319.6492
24177600,312462.7475,312462.7475
24181200,350666.6469,350666.6469
24184800,334118.2435,334118.2435
24188400,329422.3385,329422.3385
24192000,248310.0467,248310.0467
24195600,281863.1792,281863.1792
24199200,269642.8913,269642.8913
24202800,272382.3026,272382.3026
24206400,263200.7513,263200.7513
24210000,260680.7122,260680.7122
24213600,247529.0408,247529.0408
24217200,267279.19,267279.19
24220800,297571.1281,297571.1281
24224400,303768.4998,303768.4998
24228000,308080.6064,308080.6064
24231600,315365.6343,315365.6343
24235200,302590.0634,302590.0634
24238800,354683.1915,354683.1915
24242400,372676.8223,372676.8223
24246000,334018.3151,334018.3151
24249600,330891.1559,330891.1559
24253200,348151.0427,348151.0427
24256800,393701.3203,393701.3203
24260400,405414.6366,405414.6366
24264000,394233.5797,394233.5797
24267600,370182.8714,370182.8714
24271200,383939.7569,383939.7569
24274800,359020.1271,359020.1271
24278400,382793.9867,382793.9867
24282000,397876.4236,397876.4236
24285600,360964.1714,360964.1714
24289200,347241.7306,347241.7306
24292800,315760.1527,315760.1527
24296400,367059.5466,367059.5466
24300000,346741.9398,346741.9398
24303600,350580.9132,350580.9132
24307200,292446.6362,292446.6362
24310800,314541.6244,314541.6244
24314400,314632.581,314632.581
24318000,298986.934,298986.934
24321600,317604.4699,317604.4699
24325200,354976.8745,354976.8745
24328800,342578.2313,342578.2313
24332400,359438.4318,359438.4318
24336000,340803.8523,340803.8523
24339600,342327.4146,342327.4146
24343200,355714.5,355714.5
24346800,368590.6759,368590.6759
24350400,336284.6213,336284.6213
24354000,323396.6574,323396.6574
24357600,334320.8253,334320.8253
24361200,354570.7915,354570.7915
24364800,361442.4021,361442.4021
24368400,377920.1807,377920.1807
24372000,340414.8108,340414.8108
24375600,340347.5198,340347.5198
24379200,304484.9241,304484.9241
24382800,295578.5174,295578.5174
24386400,281631.6809,281631.6809
24390000,302466.8237,302466.8237
24393600,314417.1562,314417.1562
24397200,332871.2024,332871.2024
24400800,345599.4661,345599.4661
24404400,355720.2377,355720.2377
24408000,350564.9393,350564.9393
24411600,347629.0787,347629.0787
24415200,349454.2778,349454.2778
24418800,364597.6884,364597.6884
24422400,368367.5364,368367.5364
24426000,370032.569,370032.569
24429600,344800.6745,344800.6745
24433200,362857.3674,362857.3674
24436800,335215.1864,335215.1864
24440400,344646.5998,344646.5998
24444000,349390.856,349390.856
24447600,337132.1295,337132.1295
24451200,327282.0834,327282.0834
24454800,330856.6794,330856.6794
24458400,313912.029,313912.029
24462000,342849.9712,342849.9712
24465600,334250.7048,334250.7048
24469200,333782.247,333782.247
24472800,300310.2793,300310.2793
24476400,295554.7168,295554.7168
24480000,319712.547,319712.547
24483600,290878.7422,290878.7422
24487200,306558.9384,306558.9384
24490800,335918.4103,335918.4103
24494400,314777.0816,314777.0816
24498000,378356.3162,378356.3162
24501600,342783.1623,342783.1623
24505200,368410.9335,368410.9335
24508800,354068.5015,354068.5015
24512400,403846.6585,403846.6585
24516000,386320.7883,386320.7883
24519600,403105.9164,403105.9164
24523200,426821.6447,426821.6447
24526800,430095.5144,430095.5144
24530400,423252.5413,423252.5413
24534000,421430.5297,421430.5297
24537600,405436.7329,405436.7329
24541200,373070.2553,373070.2553
24544800,325616.6745,325616.6745
24548400,317166.2963,317166.2963
24552000,309081.2215,309081.2215
24555600,311299.2199,311299.2199
24559200,284119.2882,284119.2882
24562800,265657.7196,265657.7196
24566400,274375.0859,274375.0859
24570000,312295.3398,312295.3398
24573600,274713.0145,274713.0145
24577200,321049.5409,321049.5409
24580800,294797.0014,294797.0014
24584400,342271.5322,342271.5322
24588000,338893.3898,338893.3898
24591600,346632.2566,346632.2566
24595200,311314.6326,311314.6326
24598800,319576.142,319576.142
24602400,324440.1423,324440.1423
24606000,298311.3123,298311.3123
24609600,286189.8776,286189.8776
24613200,279607.208,279607.208
24616800,270901.9906,270901.9906
24620400,279603.6438,279603.6438
24624000,296973.318,296973.318
24627600,348997.9813,348997.9813
24631200,277963.4639,277963.4639
24634800,294158.0325,294158.0325
24638400,291311.449,291311.449
24642000,286279.8996,286279.8996
24645600,285137.1838,285137.1838
24649200,287329.8265,287329.8265
24652800,313170.7315,313170.7315
24656400,287608.0407,287608.0407
24660000,310941.2518,310941.2518
24663600,304616.3253,304616.3253
24667200,293406.0886,293406.0886
24670800,340992.6674,340992.6674
24674400,315325.9512,315325.9512
24678000,322360.3989,322360.3989
24681600,309697.9526,309697.9526
24685200,316446.4844,316446.4844
24688800,309511.9851,309511.9851
24692400,295217.3162,295217.3162
24696000,310869.8098,310869.8098
24699600,294749.3555,294749.3555
24703200,291662.8814,291662.8814
24706800,287720.6841,287720.6841
24710400,321302.8737,321302.8737
24714000,307293.8937,307293.8937
24717600,281432.573,281432.573
24721200,251398.338,251398.338
24724800,248883.5721,248883.5721
24728400,249641.7407,249641.7407
24732000,257014.8386,257014.8386
24735600,280231.6628,280231.6628
24739200,280164.4102,280164.4102
24742800,270687.583,270687.583
24746400,276547.628,276547.628
24750000,266596.3051,266596.3051
24753600,276300.7172,276300.7172
24757200,296396.5554,296396.5554
24760800,279238.0795,279238.0795
24764400,297011.03,297011.03
24768000,274451.597,274451.597
24771600,276720.5403,276720.5403
24775200,298296.5288,298296.5288
24778800,278365.381,278365.381
24782400,256927.545,256927.545
24786000,284802.1647,284802.1647
24789600,264009.497,264009.497
24793200,271548.3128,271548.3128
24796800,293576.9264,293576.9264
24800400,287587.8865,287587.8865
24804000,302895.0743,302895.0743
24807600,336643.5825,336643.5825
24811200,300025.5595,300025.5595
24814800,294574.5943,294574.5943
24818400,309761.6796,309761.6796
24822000,288109.9991,288109.9991
24825600,292524.863,292524.863
24829200,273423.5379,273423.5379
24832800,265991.1755,265991.1755
24836400,303840.554,303840.554
24840000,295996.7936,295996.7936
24843600,317786.2733,317786.2733
24847200,307208.2066,307208.2066
24850800,328996.0504,328996.0504
24854400,330653.0674,330653.0674
24858000,335339.9928,335339.9928
24861600,326677.3807,326677.3807
24865200,346790.4423,346790.4423
24868800,351880.559,351880.559
24872400,325134.8636,325134.8636
24876000,320215.6921,320215.6921
24879600,361514.0171,361514.0171
24883200,356397.9917,356397.9917
24886800,373322.2654,373322.2654
24890400,299434.2697,299434.2697
24894000,348805.5411,348805.5411
24897600,387251.2513,387251.2513
24901200,384296.8433,384296.8433
24904800,352401.4721,352401.4721
24908400,373113.7598,373113.7598
24912000,389324.434,389324.434
24915600,385429.516,385429.516
24919200,408060.1177,408060.1177
24922800,369974.0569,369974.0569
24926400,405112.5506,405112.5506
24930000,415405.7561,415405.7561
24933600,402644.118,402644.118
24937200,367713.6432,367713.6432
24940800,358895.406,358895.406
24944400,337221.4791,337221.4791
24948000,342027.5574,342027.5574
24951600,343536.7189,343536.7189
24955200,370872.4985,370872.4985
24958800,389869.3625,389869.3625
24962400,363590.813,363590.813
24966000,347036.2922,347036.2922
24969600,320999.7825,320999.7825
24973200,354729.3054,354729.3054
24976800,343756.0436,343756.0436
24980400,306674.1231,306674.1231
24984000,283852.6119,283852.6119
24987600,301392.6333,301392.6333
24991200,308764.4326,308764.4326
24994800,295908.0422,295908.0422
24998400,374670.1022,374670.1022
25002000,350215.8451,350215.8451
25005600,393432.7522,393432.7522
25009200,352913.0149,352913.0149
25012800,377859.0747,377859.0747
25016400,368510.0787,368510.0787
25020000,393291.2052,393291.2052
25023600,382816.5764,382816.5764
25027200,362648.0526,362648.0526
25030800,364885.7886,364885.7886
25034400,346760.7077,346760.7077
25038000,329875.4104,329875.4104
25041600,374053.5259,374053.5259
25045200,360133.6409,360133.6409
25048800,355066.0391,355066.0391
25052400,366349.7168,366349.7168
25056000,371070.8607,371070.8607
25059600,374481.2526,374481.2526
25063200,427423.2062,427423.2062
25066800,367025.9743,367025.9743
25070400,356044.6709,356044.6709
25074000,339504.8243,339504.8243
25077600,303054.2069,303054.2069
25081200,322608.1305,322608.1305
25084800,334182.3454,334182.3454
25088400,322942.8523,322942.8523
25092000,306411.7329,306411.7329
25095600,319648.3082,319648.3082
25099200,320888.7785,320888.7785
25102800,360215.7307,360215.7307
25106400,358186.4165,358186.4165
25110000,364666.0063,364666.0063
25113600,366263.9424,366263.9424
25117200,390186.5966,390186.5966
25120800,373080.545,373080.545
25124400,355132.8567,355132.8567
25128000,363983.9059,363983.9059
25131600,345283.36,345283.36
25135200,343564.3094,343564.3094
25138800,343728.1192,343728.1192
25142400,362610.0782,362610.0782
25146000,389589.6937,389589.6937
25149600,360944.6595,360944.6595
25153200,315652.4076,315652.4076
25156800,305574.7451,305574.7451
25160400,333226.9764,333226.9764
25164000,300429.8861,300429.8861
25167600,285458.5322,285458.5322
25171200,304591.7013,304591.7013
25174800,314850.6482,314850.6482
25178400,288919.6405,288919.6405
25182000,315379.3114,315379.3114
25185600,327609.1309,327609.1309
25189200,338435.3407,338435.3407
25192800,351762.2241,351762.2241
25196400,357149.2979,357149.2979
25200000,342200.0221,342200.0221
25203600,355165.6033,355165.6033
25207200,350000.7962,350000.7962
25210800,348350.3805,348350.3805
25214400,356236.9171,356236.9171
25218000,341540.0097,341540.0097
25221600,327109.075,327109.075
25225200,322376.5645,322376.5645
25228800,347712.3664,347712.3664
25232400,311881.6646,311881.6646
25236000,293278.3005,293278.3005
25239600,289440.4315,289440.4315
25243200,273607.901,273607.901
25246800,263166.7838,263166.7838
25250400,260278.975,260278.975
25254000,275122.7736,275122.7736
25257600,265777.5747,265777.5747
25261200,280857.4514,280857.4514
25264800,254987.9152,254987.9152
25268400,269977.9939,269977.9939
25272000,282850.0823,282850.0823
25275600,297984.4078,297984.4078
25279200,267816.7892,267816.7892
25282800,270860.9858,270860.9858
25286400,268794.816,268794.816
25290000,283321.2236,283321.2236
25293600,289422.1295,289422.1295
25297200,293782.1247,293782.1247
25300800,271660.3336,271660.3336
25304400,266387.3725,266387.3725
25308000,266952.0008,266952.0008
25311600,265754.6935,265754.6935
25315200,308661.6939,308661.6939
25318800,282588.0675,282588.0675
25322400,244870.231,244870.231
25326000,237193.7484,237193.7484
25329600,240221.2434,240221.2434
25333200,229055.4762,229055.4762
25336800,238493.0066,238493.0066
25340400,237002.3642,237002.3642
25344000,266612.8153,266612.8153
25347600,237114.9029,237114.9029
25351200,261297.6214,261297.6214
25354800,266379.8504,266379.8504
25358400,267169.1934,267169.1934
25362000,281328.5128,281328.5128
25365600,280118.3166,280118.3166
25369200,279835.0086,279835.0086
25372800,287470.7235,287470.7235
25376400,291366.5871,291366.5871
25380000,288739.9856,288739.9856
25383600,297582.022,297582.022
25387200,289709.1844,289709.1844
25390800,307536.4089,307536.4089
25394400,303141.3549,303141.3549
25398000,312469.8701,312469.8701
25401600,300476.9215,300476.9215
25405200,346960.6544,346960.6544
25408800,315789.3692,315789.3692
25412400,308596.4653,308596.4653
25416000,297743.2801,297743.2801
25419600,293839.7087,293839.7087
25423200,268992.7941,268992.7941
25426800,289581.9968,289581.9968
25430400,305129.6704,305129.6704
25434000,289487.8404,289487.8404
25437600,329257.1285,329257.1285
25441200,296194.2218,296194.2218
25444800,305081.8252,305081.8252
25448400,375308.1594,375308.1594
25452000,326004.478,326004.478
25455600,330441.0653,330441.0653
25459200,334351.7682,334351.7682
25462800,365003.9511,365003.9511
25466400,355224.707,355224.707
25470000,363432.8567,363432.8567
25473600,336636.2925,336636.2925
25477200,356223.5381,356223.5381
25480800,365025.7898,365025.7898
25484400,373434.8261,373434.8261
25488000,400067.054,400067.054
25491600,353780.5576,353780.5576
25495200,338755.6479,338755.6479
25498800,318613.6069,318613.6069
25502400,313930.2941,313930.2941
25506000,316979.7129,316979.7129
25509600,313170.563,313170.563
25513200,309130.5517,309130.5517
25516800,305535.0208,305535.0208
25520400,285620.1764,285620.1764
25524000,298749.6736,298749.6736
25527600,305157.2956,305157.2956
25531200,316293.6246,316293.6246
25534800,353766.6325,353766.6325
25538400,374954.0795,374954.0795
25542000,342304.6868,342304.6868
25545600,387786.8233,387786.8233
25549200,347760.483,347760.483
25552800,325810.2272,325810.2272
25556400,334285.9235,334285.9235
25560000,339896.0529,339896.0529
25563600,339477.5961,339477.5961
25567200,360574.0168,360574.0168
25570800,384354.4962,384354.4962
25574400,376654.8352,376654.8352
25578000,344085.5063,344085.5063
25581600,342874.5153,342874.5153
25585200,364394.0814,364394.0814
25588800,346901.0077,346901.0077
25592400,337699.9105,337699.9105
25596000,329647.2002,329647.2002
25599600,309333.3188,309333.3188
25603200,319643.2055,319643.2055
25606800,316846.9537,316846.9537
25610400,259120.4338,259120.4338
25614000,279209.2348,279209.2348
25617600,287302.0915,287302.0915
25621200,292071.0832,292071.0832
25624800,304475.1343,304475.1343
25628400,312922.473,312922.473
25632000,329483.9504,329483.9504
25635600,325415.0617,325415.0617
25639200,353986.2298,353986.2298
25642800,329158.5203,329158.5203
25646400,395007.8689,395007.8689
25650000,372493.0127,372493.0127
25653600,362284.9388,362284.9388
25657200,334862.2772,334862.2772
25660800,383988.3739,383988.3739
25664400,373432.6876,373432.6876
25668000,321547.0933,321547.0933
25671600,293152.617,293152.617
25675200,291160.4865,291160.4865
25678800,320808.199,320808.199
25682400,319695.3005,319695.3005
25686000,305792.8491,305792.8491
25689600,298664.1198,298664.1198
25693200,321807.3847,321807.3847
25696800,286729.7563,286729.7563
25700400,394068.4684,394068.4684
25704000,381825.8622,381825.8622
25707600,412131.582,412131.582
25711200,412227.7348,412227.7348
25714800,411236.9605,411236.9605
25718400,378534.8917,378534.8917
25722000,362677.3491,362677.3491
25725600,333669.4725,333669.4725
25729200,345438.9149,345438.9149
25732800,338863.3861,338863.3861
25736400,329238.9256,329238.9256
25740000,321825.2049,321825.2049
25743600,352279.4755,352279.4755
25747200,383493.1281,383493.1281
25750800,377137.1025,377137.1025
25754400,337188.7746,337188.7746
25758000,341191.9943,341191.9943
25761600,341118.9026,341118.9026
25765200,342462.5948,342462.5948
25768800,300379.2865,300379.2865
25772400,307741.3902,307741.3902
25776000,376292.2313,376292.2313
25779600,395064.5668,395064.5668
25783200,437310.6796,437310.6796
25786800,418656.4601,418656.4601
25790400,413985.8359,413985.8359
25794000,333851.9904,333851.9904
25797600,350368.932,350368.932
25801200,332484.0748,332484.0748
25804800,309416.3525,309416.3525
25808400,331319.7236,331319.7236
25812000,347773.3737,347773.3737
25815600,347299.7077,347299.7077
25819200,352218.7487,352218.7487
25822800,328857.6582,328857.6582
25826400,375922.2937,375922.2937
25830000,343239.2993,343239.2993
25833600,366605.7919,366605.7919
25837200,336014.5696,336014.5696
25840800,301759.405,301759.405
25844400,272281.0273,272281.0273
25848000,259468.1722,259468.1722
25851600,251676.2602,251676.2602
25855200,278670.3208,278670.3208
25858800,240740.6035,240740.6035
25862400,260346.515,260346.515
25866000,289221.1899,289221.1899
25869600,323077.1337,323077.1337
25873200,342120.565,342120.565
25876800,325302.7883,325302.7883
25880400,321438.6638,321438.6638
25884000,336693.6253,336693.6253
25887600,361315.2922,361315.2922
25891200,363082.7853,363082.7853
25894800,343669.201,343669.201
25898400,360391.053,360391.053
25902000,345184.3554,345184.3554
25905600,338412.1893,338412.1893
25909200,359314.2191,359314.2191
25912800,377346.5208,377346.5208
25916400,373366.1855,373366.1855
25920000,409933.1375,409933.1375
25923600,368556.7619,368556.7619
25927200,364504.8134,364504.8134
25930800,335233.53,335233.53
25934400,326363.5633,326363.5633
25938000,323337.5907,323337.5907
25941600,339189.3991,339189.3991
25945200,323559.5037,323559.5037
25948800,266479.4508,266479.4508
25952400,255827.3567,255827.3567
25956000,273836.7416,273836.7416
25959600,253772.2607,253772.2607
25963200,252484.616,252484.616
25966800,251335.6796,251335.6796
25970400,270075.1407,270075.1407
25974000,261912.278,261912.278
25977600,271571.8864,271571.8864
25981200,266635.4711,266635.4711
25984800,278840.817,278840.817
25988400,340884.1869,340884.1869
25992000,350150.334,350150.334
25995600,323673.2302,323673.2302
25999200,326000.6989,326000.6989
26002800,322540.4607,322540.4607
26006400,351430.6107,351430.6107
26010000,349196.9773,349196.9773
26013600,343645.6166,343645.6166
26017200,319802.3598,319802.3598
26020800,324753.5031,324753.5031
26024400,332183.6982,332183.6982
26028000,325826.3397,325826.3397
26031600,307579.2957,307579.2957
26035200,338198.9475,338198.9475
26038800,376792.885,376792.885
26042400,361866.6552,361866.6552
26046000,331052.9673,331052.9673
26049600,341581.5773,341581.5773
26053200,356544.1372,356544.1372
26056800,351087.828,351087.828
26060400,357986.1985,357986.1985
26064000,347914.7455,347914.7455
26067600,349744.3534,349744.3534
26071200,367719.2244,367719.2244
26074800,364275.735,364275.735
26078400,387806.2564,387806.2564
26082000,390078.531,390078.531
26085600,384536.668,384536.668
26089200,374208.3379,374208.3379
26092800,405339.6847,405339.6847
26096400,379819.4076,379819.4076
26100000,397277.8934,397277.8934
26103600,395316.2373,395316.2373
26107200,445787.1259,445787.1259
26110800,441758.569,441758.569
26114400,436137.5503,436137.5503
26118000,416905.9536,416905.9536
26121600,444572.5343,444572.5343
26125200,442292.2479,442292.2479
26128800,428637.6565,428637.6565
26132400,348186.4945,348186.4945
26136000,396104.0265,396104.0265
26139600,389012.6842,389012.6842
26143200,426809.9532,426809.9532
26146800,374605.1589,374605.1589
26150400,349176.9006,349176.9006
26154000,436745.7195,436745.7195
26157600,411342.2379,411342.2379
26161200,340105.6156,340105.6156
26164800,419103.5309,419103.5309
26168400,415855.6405,415855.6405
26172000,441289.0497,441289.0497
26175600,408577.9818,408577.9818
26179200,451492.4554,451492.4554
26182800,433165.7868,433165.7868
26186400,404375.3794,404375.3794
26190000,372470.4429,372470.4429
26193600,306972.4283,306972.4283
26197200,412437.0337,412437.0337
26200800,406219.815,406219.815
26204400,396217.2369,396217.2369
26208000,415165.7848,415165.7848
26211600,415663.953,415663.953
26215200,416716.2896,416716.2896
26218800,417166.1505,417166.1505
26222400,416818.8085,416818.8085
26226000,421396.3838,421396.3838
26229600,388575.2034,388575.2034
26233200,390233.4382,390233.4382
26236800,397642.3971,397642.3971
26240400,401900.7012,401900.7012
26244000,389453.507,389453.507
26247600,362426.2851,362426.2851
26251200,398788.713,398788.713
26254800,382317.0328,382317.0328
26258400,393739.9067,393739.9067
26262000,410348.9735,410348.9735
26265600,410297.6089,410297.6089
26269200,356996.386,356996.386
26272800,367127.1938,367127.1938
26276400,287241.4572,287241.4572
26280000,247335.5776,247335.5776
26283600,341093.6911,341093.6911
26287200,381937.677,381937.677
26290800,374270.1106,374270.1106
26294400,386794.1642,386794.1642
26298000,390683.4989,390683.4989
26301600,422281.2481,422281.2481
26305200,369830.6551,369830.6551
26308800,416197.1942,416197.1942
26312400,374033.3142,374033.3142
26316000,396529.2627,396529.2627
26319600,402853.5296,402853.5296
26323200,411719.1335,411719.1335
26326800,399099.4346,399099.4346
26330400,397964.8798,397964.8798
26334000,363708.0238,363708.0238
26337600,400775.3751,400775.3751
26341200,403742.5145,403742.5145
26344800,402903.0822,402903.0822
26348400,383694.0973,383694.0973
26352000,387391.9673,387391.9673
26355600,391667.0439,391667.0439
26359200,381104.815,381104.815
26362800,392705.9858,392705.9858
26366400,392880.1025,392880.1025
26370000,387978.6581,387978.6581
26373600,389410.2367,389410.2367
26377200,382489.5489,382489.5489
26380800,347741.1868,347741.1868
26384400,331738.6707,331738.6707
26388000,349978.5972,349978.5972
26391600,352055.1653,352055.1653
26395200,310514.4101,310514.4101
26398800,348881.5838,348881.5838
26402400,314857.5037,314857.5037
26406000,347153.0392,347153.0392
26409600,351741.9083,351741.9083
26413200,349547.629,349547.629
26416800,356257.1985,356257.1985
26420400,392153.424,392153.424
26424000,416704.7728,416704.7728
26427600,359692.0398,359692.0398
26431200,341611.7075,341611.7075
26434800,390086.3283,390086.3283
26438400,395953.6206,395953.6206
26442000,385382.6756,385382.6756
26445600,358508.6753,358508.6753
26449200,336868.6675,336868.6675
26452800,316208.3924,316208.3924
26456400,330997.2778,330997.2778
26460000,306089.9004,306089.9004
26463600,300686.237,300686.237
26467200,258808.0912,258808.0912
26470800,285828.4073,285828.4073
26474400,285554.3707,285554.3707
26478000,298052.2334,298052.2334
26481600,345158.9919,345158.9919
26485200,350500.696,350500.696
26488800,342861.0147,342861.0147
26492400,353045.1512,353045.1512
26496000,351216.7283,351216.7283
26499600,360832.2809,360832.2809
26503200,359688.7585,359688.7585
26506800,354687.989,354687.989
26510400,340019.6786,340019.6786
26514000,350259.4282,350259.4282
26517600,342692.9032,342692.9032
26521200,358206.3849,358206.3849
26524800,383313.4955,383313.4955
26528400,350608.1091,350608.1091
26532000,338751.8854,338751.8854
26535600,308143.7002,308143.7002
26539200,271955.6237,271955.6237
26542800,288513.6603,288513.6603
26546400,284494.1241,284494.1241
26550000,295426.0862,295426.0862
26553600,317212.7966,317212.7966
26557200,296375.7781,296375.7781
26560800,271983.0633,271983.0633
26564400,333459.8563,333459.8563
26568000,277279.4606,277279.4606
26571600,325363.6965,325363.6965
26575200,324376.5295,324376.5295
26578800,370995.7562,370995.7562
26582400,337021.3886,337021.3886
26586000,331423.7567,331423.7567
26589600,311484.5455,311484.5455
26593200,316704.4249,316704.4249
26596800,306848.9721,306848.9721
26600400,345054.3233,345054.3233
26604000,328507.3744,328507.3744
26607600,323812.927,323812.927
26611200,242702.0955,242702.0955
26614800,276256.6914,276256.6914
26618400,264037.8696,264037.8696
26622000,266778.75,266778.75
26625600,257598.6706,257598.6706
26629200,255080.1063,255080.1063
26632800,241929.9126,241929.9126
26636400,261681.5424,261681.5424
26640000,291974.964,291974.964
26643600,298173.822,298173.822
26647200,302487.4178,302487.4178
26650800,309773.9378,309773.9378
26654400,296999.8618,296999.8618
26658000,349094.4878,349094.4878
26661600,367089.6193,367089.6193
26665200,328432.6156,328432.6156
26668800,325306.963,325306.963
26672400,342568.3591,342568.3591
26676000,388120.1489,388120.1489
26679600,399834.9803,399834.9803
26683200,388655.4413,388655.4413
26686800,364606.2539,364606.2539
26690400,378364.6631,378364.6631
26694000,353446.5598,353446.5598
26697600,377221.9488,377221.9488
26701200,392305.918,392305.918
26704800,355395.201,355395.201
26708400,341674.2982,341674.2982
26712000,310194.2612,310194.2612
26715600,361495.1988,361495.1988
26719200,341179.1387,341179.1387
26722800,345019.6616,345019.6616
26726400,286886.9369,286886.9369
26730000,308983.4803,308983.4803
26733600,309075.9949,309075.9949
26737200,293431.9089,293431.9089
26740800,312051.0085,312051.0085
26744400,349424.9798,349424.9798
26748000,337027.906,337027.906
26751600,353889.6789,353889.6789
26755200,335256.6746,335256.6746
26758800,336781.815,336781.815
26762400,350170.4812,350170.4812
26766000,363048.2409,363048.2409
26769600,330743.7729,330743.7729
26773200,317857.3985,317857.3985
26776800,328783.1587,328783.1587
26780400,349034.72,349034.72
26784000,355907.9286,355907.9286
26787600,372387.308,372387.308
26791200,334883.5419,334883.5419
26794800,334817.8574,334817.8574
26798400,298956.8711,298956.8711
26802000,290052.0767,290052.0767
26805600,276106.8552,276106.8552
26809200,296943.6159,296943.6159
26812800,308895.5692,308895.5692
26816400,327351.239,327351.239
26820000,340081.1292,340081.1292
26823600,350203.53,350203.53
26827200,345049.8637,345049.8637
26830800,342115.638,342115.638
26834400,343942.4749,343942.4749
26838000,359087.5261,359087.5261
26841600,362859.0177,362859.0177
26845200,364525.6965,364525.6965
26848800,339295.4512,339295.4512
26852400,357353.796,357353.796
26856000,329713.2698,329713.2698
26859600,339146.3409,339146.3409
26863200,343892.2575,343892.2575
26866800,331635.1943,331635.1943
26870400,321786.8143,321786.8143
26874000,325363.0792,325363.0792
26877600,308420.1006,308420.1006
26881200,337359.7174,337359.7174
26884800,328762.1284,328762.1284
26888400,328295.3508,328295.3508
26892000,294825.0662,294825.0662
26895600,290071.1895,290071.1895
26899200,314230.7084,314230.7084
26902800,285398.5952,285398.5952
26906400,301080.4858,301080.4858
26910000,330441.6548,330441.6548
26913600,309302.026,309302.026
26917200,372882.9635,372882.9635
26920800,337311.5152,337311.5152
26924400,362940.9948,362940.9948
26928000,348600.274,348600.274
26931600,398380.145,398380.145
26935200,380855.9917,380855.9917
26938800,397642.8395,397642.8395
26942400,421360.2903,421360.2903
26946000,424635.8853,424635.8853
26949600,417794.6403,417794.6403
26953200,415974.3596,415974.3596
26956800,399982.2965,399982.2965
26960400,367617.5554,367617.5554
26964000,320165.7139,320165.7139
26967600,311717.0779,311717.0779
26971200,303633.748,303633.748
26974800,305853.4942,305853.4942
26978400,278675.313,278675.313
26982000,260215.4977,260215.4977
26985600,268934.6202,268934.6202
26989200,306856.633,306856.633
26992800,269276.0695,269276.0695
26996400,315614.3604,315614.3604
27000000,289363.5882,289363.5882
27003600,336839.8891,336839.8891
27007200,333463.5197,333463.5197
27010800,341204.1622,341204.1622
27014400,305888.3167,305888.3167
27018000,314151.6074,314151.6074
27021600,319017.3918,319017.3918
27025200,292890.3487,292890.3487
27028800,280770.7037,280770.7037
27032400,274189.8266,274189.8266
27036000,265486.4043,265486.4043
27039600,274189.8556,274189.8556
27043200,291561.3306,291561.3306
27046800,343587.7976,343587.7976
27050400,272555.0865,272555.0865
27054000,288751.4643,288751.4643
27057600,285906.6927,285906.6927
27061200,280876.9581,280876.9581
27064800,279736.0597,279736.0597
27068400,281930.5227,281930.5227
27072000,307773.2508,307773.2508
27075600,282212.3858,282212.3858
27079200,305547.4255,305547.4255
27082800,299224.3304,299224.3304
27086400,288015.9279,288015.9279
27090000,335604.3436,335604.3436
27093600,309939.4672,309939.4672
27097200,316975.7573,316975.7573
27100800,304315.1563,304315.1563
27104400,311065.5361,311065.5361
27108000,304132.8876,304132.8876
27111600,289840.0722,289840.0722
27115200,305494.4221,305494.4221
27118800,289375.8269,289375.8269
27122400,286291.2147,286291.2147
27126000,282350.882,282350.882
27129600,315934.939,315934.939
27133200,301927.8292,301927.8292
27136800,276068.3813,276068.3813
27140400,246036.022,246036.022
27144000,243523.1345,243523.1345
27147600,244283.1843,244283.1843
27151200,251658.1661,251658.1661
27154800,274876.877,274876.877
27158400,274811.5139,274811.5139
27162000,265336.5788,265336.5788
27165600,271198.5188,271198.5188
27169200,261249.0936,261249.0936
27172800,270955.4062,270955.4062
27176400,291053.1476,291053.1476
27180000,273896.5776,273896.5776
27183600,291671.4368,291671.4368
27187200,269113.9153,269113.9153
27190800,271384.7728,271384.7728
27194400,292962.6782,292962.6782
27198000,273033.4501,273033.4501
27201600,251597.5365,251597.5365
27205200,279474.0813,279474.0813
27208800,258683.3416,258683.3416
27212400,266224.088,266224.088
27216000,288254.6351,288254.6351
27219600,282267.5313,282267.5313
27223200,297576.6579,297576.6579
27226800,331327.1078,331327.1078
27230400,294711.0291,294711.0291
27234000,289262.0109,289262.0109
27237600,304451.046,304451.046
27241200,282801.3181,282801.3181
27244800,287218.1372,287218.1372
27248400,268118.7701,268118.7701
27252000,260688.3684,260688.3684
27255600,298539.7104,298539.7104
27259200,290697.9162,290697.9162
27262800,312489.3647,312489.3647
27266400,301913.2697,301913.2697
27270000,323703.0879,323703.0879
27273600,325362.0819,325362.0819
27277200,330050.9871,330050.9871
27280800,321390.3575,321390.3575
27284400,341505.4044,341505.4044
27288000,346597.5091,346597.5091
27291600,319853.8043,319853.8043
27295200,314936.6263,314936.6263
27298800,356236.9473,356236.9473
27302400,351122.9208,351122.9208
27306000,368049.196,368049.196
27309600,294163.2045,294163.2045
27313200,343536.483,343536.483
27316800,381984.2028,381984.2028
27320400,379031.8072,379031.8072
27324000,347138.4511,347138.4511
27327600,367852.7565,367852.7565
27331200,384065.4513,384065.4513
27334800,380172.5565,380172.5565
27338400,402805.1841,402805.1841
27342000,364721.1519,364721.1519
27345600,399861.6769,399861.6769
27349200,410156.9165,410156.9165
27352800,397397.3151,397397.3151
27356400,362468.8797,362468.8797
27360000,353652.6846,353652.6846
27363600,331980.8026,331980.8026
27367200,336788.9284,336788.9284
27370800,338300.14,338300.14
27374400,365637.9725,365637.9725
27378000,384636.8921,384636.8921
27381600,358360.401,358360.401
27385200,341807.9411,341807.9411
27388800,315773.4951,315773.4951
27392400,349505.0844,349505.0844
27396000,338533.8916,338533.8916
27399600,301454.0429,301454.0429
27403200,278634.6061,278634.6061
27406800,296176.7045,296176.7045
27410400,303550.5836,303550.5836
27414000,290696.2757,290696.2757
27417600,369460.4208,369460.4208
27421200,345008.2516,345008.2516
27424800,388227.2492,388227.2492
27428400,347709.6051,347709.6051
27432000,372657.7607,372657.7607
27435600,363310.8633,363310.8633
27439200,388094.091,388094.091
27442800,377621.5661,377621.5661
27446400,357455.1489,357455.1489
27450000,359694.9941,359694.9941
27453600,341572.025,341572.025
27457200,324688.8423,324688.8423
27460800,368869.0751,368869.0751
27464400,354951.31,354951.31
27468000,349885.8308,349885.8308
27471600,361171.6337,361171.6337
27475200,365894.9055,365894.9055
27478800,369307.428,369307.428
27482400,422251.5148,422251.5148
27486000,361856.4188,361856.4188
27489600,350877.2539,350877.2539
27493200,334339.5486,334339.5486
27496800,297891.075,297891.075
27500400,317447.1451,317447.1451
27504000,329023.5092,329023.5092
27507600,317786.1679,317786.1679
27511200,301257.203,301257.203
27514800,314495.9354,314495.9354
27518400,315738.5656,315738.5656
27522000,355067.6802,355067.6802
27525600,353040.531,353040.531
27529200,359522.2886,359522.2886
27532800,361122.395,361122.395
27536400,385047.2222,385047.2222
27540000,367943.3463,367943.3463
27543600,349997.8363,349997.8363
27547200,358851.0665,358851.0665
27550800,340152.7042,340152.7042
27554400,338435.8398,338435.8398
27558000,338601.8385,338601.8385
27561600,357485.9889,357485.9889
27565200,384467.7986,384467.7986
27568800,355824.9612,355824.9612
27572400,310534.9087,310534.9087
27576000,300459.4483,300459.4483
27579600,328113.8842,328113.8842
27583200,295319.0012,295319.0012
27586800,280349.8573,280349.8573
27590400,299485.2389,299485.2389
27594000,309746.401,309746.401
27597600,283817.6112,283817.6112
27601200,310279.5025,310279.5025
27604800,322511.545,322511.545
27608400,333339.9805,333339.9805
27612000,346669.0922,346669.0922
27615600,352058.3969,352058.3969
27619200,337111.3547,337111.3547
27622800,350079.1721,350079.1721
27626400,344916.6037,344916.6037
27630000,343268.4295,343268.4295
27633600,351157.21,351157.21
27637200,336462.5493,336462.5493
27640800,322033.8638,322033.8638
27644400,317303.6051,317303.6051
27648000,342641.6615,342641.6615
27651600,306813.2168,306813.2168
27655200,288212.1123,288212.1123
27658800,284376.5057,284376.5057
27662400,268546.24,268546.24
27666000,258107.3903,258107.3903
27669600,255221.8516,255221.8516
27673200,270067.9229,270067.9229
27676800,260724.9993,260724.9993
27680400,275807.1539,275807.1539
27684000,249939.8982,249939.8982
27687600,264932.26,264932.26
27691200,277806.634,277806.634
27694800,292943.2478,292943.2478
27698400,262777.9201,262777.9201
27702000,265824.4102,265824.4102
27705600,263760.5364,263760.5364
27709200,278289.2426,278289.2426
27712800,284392.4498,284392.4498
27716400,288754.7488,288754.7488
27720000,266635.2641,266635.2641
27723600,261364.612,261364.612
27727200,261931.5519,261931.5519
27730800,260736.5587,260736.5587
27734400,303645.8759,303645.8759
27738000,277574.5688,277574.5688
27741600,239859.0542,239859.0542
27745200,232184.8961,232184.8961
27748800,235214.7181,235214.7181
27752400,224051.2806,224051.2806
27756000,233491.1432,233491.1432
27759600,232002.8356,232002.8356
27763200,261615.624,261615.624
27766800,232120.0516,232120.0516
27770400,256305.1125,256305.1125
27774000,261389.6866,261389.6866
27777600,262181.3772,262181.3772
27781200,276343.0468,276343.0468
27784800,275135.2034,275135.2034
27788400,274854.2507,274854.2507
27792000,282492.3235,282492.3235
27795600,286390.5475,286390.5475
27799200,283766.3091,283766.3091
27802800,292610.711,292610.711
27806400,284740.2415,284740.2415
27810000,302569.8367,302569.8367
27813600,298177.156,298177.156
27817200,307508.047,307508.047
27820800,295517.4767,295517.4767
27824400,342003.5904,342003.5904
27828000,310834.6887,310834.6887
27831600,303644.1708,303644.1708
27835200,292793.3742,292793.3742
27838800,288892.1938,288892.1938
27842400,264047.6729,264047.6729
27846000,284639.2718,284639.2718
27849600,300189.3441,300189.3441
27853200,284549.9153,284549.9153
27856800,324321.6072,324321.6072
27860400,291261.1068,291261.1068
27864000,300151.1191,300151.1191
27867600,370379.8647,370379.8647
27871200,321078.5973,321078.5973
27874800,325517.6011,325517.6011
27878400,329430.723,329430.723
27882000,360085.3275,360085.3275
27885600,350308.5074,350308.5074
27889200,358519.0838,358519.0838
27892800,331724.9487,331724.9487
27896400,351314.6259,351314.6259
27900000,360119.3118,360119.3118
27903600,368530.7848,368530.7848
27907200,395165.452,395165.452
27910800,348881.3974,348881.3974
27914400,333858.9319,333858.9319
27918000,313719.3377,313719.3377
27921600,309038.4742,309038.4742
27925200,312090.3449,312090.3449
27928800,308283.6493,308283.6493
27932400,304246.0949,304246.0949
27936000,300653.0234,300653.0234
27939600,280740.6408,280740.6408
27943200,293872.6025,293872.6025
27946800,300282.6913,300282.6913
27950400,311421.4897,311421.4897
27954000,348896.9695,348896.9695
27957600,370086.891,370086.891
27961200,337439.9752,337439.9752
27964800,382924.5911,382924.5911
27968400,342900.7327,342900.7327
27972000,320952.9614,320952.9614
27975600,329431.1446,329431.1446
27979200,335043.7634,335043.7634
27982800,334627.7986,334627.7986
27986400,355726.7137,355726.7137
27990000,379509.69,379509.69
27993600,371812.5284,371812.5284
27997200,339245.7014,339245.7014
28000800,338037.2148,338037.2148
28004400,359559.2877,359559.2877
28008000,342068.7234,342068.7234
28011600,332870.1381,332870.1381
28015200,324819.9421,324819.9421
28018800,304508.5775,304508.5775
28022400,314820.9835,314820.9835
28026000,312027.2535,312027.2535
28029600,254303.2578,254303.2578
28033200,274394.5856,274394.5856
28036800,282489.9715,282489.9715
28040400,287261.4949,287261.4949
28044000,299668.0801,299668.0801
28047600,308117.9555,308117.9555
28051200,324681.972,324681.972
28054800,320615.6249,320615.6249
28058400,349189.337,349189.337
28062000,324364.174,324364.174
28065600,390216.0716,390216.0716
28069200,367703.7669,367703.7669
28072800,357498.2469,357498.2469
28076400,330078.1417,330078.1417
28080000,379206.7972,379206.7972
28083600,368653.6722,368653.6722
28087200,316770.6416,316770.6416
28090800,288378.7316,288378.7316
28094400,286389.1697,286389.1697
28098000,316039.4534,316039.4534
28101600,314929.1285,314929.1285
28105200,301029.2531,301029.2531
28108800,293903.1023,293903.1023
28112400,317048.9481,317048.9481
28116000,281973.903,281973.903
28119600,389315.201,389315.201
28123200,377075.183,377075.183
28126800,407383.4936,407383.4936
28130400,407482.2395,407482.2395
28134000,406494.0608,406494.0608
28137600,373794.59,373794.59
28141200,357939.6479,357939.6479
28144800,328934.3742,328934.3742
28148400,340706.422,340706.422
28152000,334133.501,334133.501
28155600,324511.6507,324511.6507
28159200,317100.5426,317100.5426
28162800,347557.4283,347557.4283
28166400,378773.6985,378773.6985
28170000,372420.2927,372420.2927
28173600,332474.5872,332474.5872
28177200,336480.4317,336480.4317
28180800,336409.9672,336409.9672
28184400,337756.2891,337756.2891
28188000,295675.6128,295675.6128
28191600,303040.351,303040.351
28195200,371593.829,371593.829
28198800,390368.8038,390368.8038
28202400,432617.5583,432617.5583
28206000,413965.9829,413965.9829
28209600,409298.0053,409298.0053
28213200,329166.8087,329166.8087
28216800,345686.4017,345686.4017
28220400,327804.1983,327804.1983
28224000,304739.1322,304739.1322
28227600,326645.162,326645.162
28231200,343101.473,343101.473
28234800,342630.4704,342630.4704
28238400,347552.1772,347552.1772
28242000,324193.7549,324193.7549
28245600,371261.0611,371261.0611
28249200,338580.7396,338580.7396
28252800,361949.9076,361949.9076
28256400,331361.3631,331361.3631
28260000,297108.8787,297108.8787
28263600,267633.1837,267633.1837
28267200,254823.0135,254823.0135
28270800,247033.7889,247033.7889
28274400,274030.5392,274030.5392
28278000,236103.5141,236103.5141
28281600,255712.1202,255712.1202
28285200,284589.4919,284589.4919
28288800,318448.135,318448.135
28292400,337494.268,337494.268
28296000,320679.1953,320679.1953
28299600,316817.7773,316817.7773
28303200,332075.4476,332075.4476
28306800,356699.8257,356699.8257
28310400,358470.0323,358470.0323
28314000,339059.164,339059.164
28317600,355783.7343,355783.7343
28321200,340579.7573,340579.7573
28324800,333810.3143,333810.3143
28328400,354715.0696,354715.0696
28332000,372750.099,372750.099
28335600,368772.4938,368772.4938
28339200,405342.1784,405342.1784
28342800,363968.5377,363968.5377
28346400,359919.3264,359919.3264
28350000,330650.7825,330650.7825
28353600,321783.5578,321783.5578
28357200,318760.3295,318760.3295
28360800,334614.8845,334614.8845
28364400,318987.7382,318987.7382
28368000,261910.4366,261910.4366
28371600,251261.0962,251261.0962
28375200,269273.2372,269273.2372
28378800,249211.5147,249211.5147
28382400,247926.6308,247926.6308
28386000,246780.4575,246780.4575
28389600,265522.684,265522.684
28393200,257362.5891,257362.5891
28396800,267024.9676,267024.9676
28400400,262091.3248,262091.3248
28404000,274299.4455,274299.4455
28407600,336345.5926,336345.5926
28411200,345614.5191,345614.5191
28414800,319140.1972,319140.1972
28418400,321470.45,321470.45
28422000,318012.9982,318012.9982
28425600,346905.9371,346905.9371
28429200,344675.0948,344675.0948
28432800,339126.5276,339126.5276
28436400,315286.0665,315286.0665
28440000,320240.0079,320240.0079
28443600,327673.0034,327673.0034
28447200,321318.4477,321318.4477
28450800,303074.2088,303074.2088
28454400,333696.6679,333696.6679
28458000,372293.4152,372293.4152
28461600,357369.9974,357369.9974
28465200,326559.1238,326559.1238
28468800,337090.5504,337090.5504
28472400,352055.9293,352055.9293
28476000,346602.4414,346602.4414
28479600,353503.6354,353503.6354
28483200,343435.0083,343435.0083
28486800,345267.4444,345267.4444
28490400,363245.1458,363245.1458
28494000,359804.4892,359804.4892
28497600,383337.8457,383337.8457
28501200,385612.9577,385612.9577
28504800,380073.9344,380073.9344
28508400,369748.4462,369748.4462
28512000,400882.6373,400882.6373
28515600,375365.2068,375365.2068
28519200,392826.5415,392826.5415
28522800,390867.7365,390867.7365
28526400,441341.4785,441341.4785
28530000,437315.7774,437315.7774
28533600,431697.6166,431697.6166
28537200,412468.8802,412468.8802
28540800,440138.3235,440138.3235
28544400,437860.902,437860.902
28548000,424209.1777,424209.1777
28551600,343760.8851,343760.8851
28555200,391681.2888,391681.2888
28558800,384592.8204,384592.8204
28562400,422392.9657,422392.9657
28566000,370191.0499,370191.0499
28569600,344765.6724,344765.6724
28573200,432337.3743,432337.3743
28576800,406936.778,406936.778
28580400,335703.0434,335703.0434
28584000,414703.8485,414703.8485
28587600,411458.8502,411458.8502
28591200,436895.1538,436895.1538
28594800,404186.9825,404186.9825
28598400,447104.355,447104.355
28602000,428780.5875,428780.5875
28605600,399993.0836,399993.0836
28609200,368091.0528,368091.0528
28612800,302595.9461,302595.9461
28616400,408063.4616,408063.4616
28620000,401849.1554,401849.1554
28623600,391849.4919,391849.4919
28627200,410800.9567,410800.9567
28630800,411302.0441,411302.0441
28634400,412357.302,412357.302
28638000,412810.0866,412810.0866
28641600,412465.6706,412465.6706
28645200,417046.1739,417046.1739
28648800,384227.9239,384227.9239
28652400,385889.0913,385889.0913
28656000,393300.985,393300.985
28659600,397562.2262,397562.2262
28663200,385117.9713,385117.9713
28666800,358093.6909,358093.6909
28670400,394459.0626,394459.0626
28674000,377990.3284,377990.3284
28677600,389416.1505,389416.1505
28681200,406028.1677,406028.1677
28684800,405979.7558,405979.7558
28688400,352681.4878,352681.4878
28692000,362815.2527,362815.2527
28695600,282932.4754,282932.4754
28699200,243029.5574,243029.5574
28702800,336790.6345,336790.6345
28706400,377637.5864,377637.5864
28710000,369972.9882,369972.9882
28713600,382500.0122,382500.0122
28717200,386392.3195,386392.3195
28720800,417993.0435,417993.0435
28724400,365545.4276,365545.4276
28728000,411914.9458,411914.9458
28731600,369754.0473,369754.0473
28735200,392252.9794,392252.9794
28738800,398580.2321,398580.2321
28742400,407448.8241,407448.8241
28746000,394832.1154,394832.1154
28749600,393700.553,393700.553
28753200,359446.6916,359446.6916
28756800,396517.0396,396517.0396
28760400,399487.178,399487.178
28764000,398650.7469,398650.7469
28767600,379444.7654,379444.7654
28771200,383145.641,383145.641
28774800,387423.7253,387423.7253
28778400,376864.5063,376864.5063
28782000,388468.6892,388468.6892
28785600,388645.8201,388645.8201
28789200,383747.3923,383747.3923
28792800,385181.9895,385181.9895
28796400,378264.3225,378264.3225
28800000,343518.9834,343518.9834
28803600,327519.4925,327519.4925
28807200,345762.4462,345762.4462
28810800,347842.0438,347842.0438
28814400,306304.3203,306304.3203
28818000,344674.5278,344674.5278
28821600,310653.4837,310653.4837
28825200,342952.0573,342952.0573
28828800,347543.9668,347543.9668
28832400,345352.7299,345352.7299
28836000,352065.3441,352065.3441
28839600,387964.6164,387964.6164
28843200,412519.0141,412519.0141
28846800,355509.3323,355509.3323
28850400,337432.0532,337432.0532
28854000,385909.7294,385909.7294
28857600,391780.0793,391780.0793
28861200,381212.194,381212.194
28864800,354341.2555,354341.2555
28868400,332704.3117,332704.3117
28872000,312047.1027,312047.1027
28875600,326839.0564,326839.0564
28879200,301934.7494,301934.7494
28882800,296534.1586,296534.1586
28886400,254659.0874,254659.0874
28890000,281682.4804,281682.4804
28893600,281411.5227,281411.5227
28897200,293912.4665,293912.4665
28900800,341022.3082,341022.3082
28904400,346367.0976,346367.0976
28908000,338730.5038,338730.5038
28911600,348917.7299,348917.7299
28915200,347092.3987,347092.3987
28918800,356711.0452,356711.0452
28922400,355570.6187,355570.6187
28926000,350572.9473,350572.9473
28929600,335907.7371,335907.7371
28933200,346150.589,346150.589
28936800,338587.1684,338587.1684
28940400,354103.7566,354103.7566
28944000,379213.9759,379213.9759
28947600,346511.7002,346511.7002
28951200,334658.5895,334658.5895
28954800,304053.5191,304053.5191
28958400,267868.5598,267868.5598
28962000,284429.7155,284429.7155
28965600,280413.3006,280413.3006
28969200,291348.3861,291348.3861
28972800,313138.2219,313138.2219
28976400,292304.331,292304.331
28980000,267914.7459,267914.7459
28983600,329394.6707,329394.6707
28987200,273217.4088,273217.4088
28990800,321304.7806,321304.7806
28994400,320320.7516,320320.7516
28998000,366943.1185,366943.1185
29001600,332971.893,332971.893
29005200,327377.4054,327377.4054
29008800,307441.3406,307441.3406
29012400,312664.3685,312664.3685
29016000,302812.0661,302812.0661
29019600,341020.5699,341020.5699
29023200,324476.7758,324476.7758
29026800,319785.4851,319785.4851
29030400,238677.8124,238677.8124
29034000,272235.5692,272235.5692
29037600,260019.9103,260019.9103
29041200,262763.9558,262763.9558
29044800,253587.0435,253587.0435
29048400,251071.6483,251071.6483
29052000,237924.6258,237924.6258
29055600,257679.4289,257679.4289
29059200,287976.0258,287976.0258
29062800,294178.0612,294178.0612
29066400,298494.8365,298494.8365
29070000,305784.5379,305784.5379
29073600,293013.6456,293013.6456
29077200,345111.4571,345111.4571
29080800,363109.7763,363109.7763
29084400,324455.9624,324455.9624
29088000,321333.5014,321333.5014
29091600,338598.0913,338598.0913
29095200,384153.077,384153.077
29098800,395871.1063,395871.1063
29102400,384694.7672,384694.7672
29106000,360648.7817,360648.7817
29109600,374410.3949,374410.3949
29113200,349495.4976,349495.4976
29116800,373274.0947,373274.0947
29120400,388361.274,388361.274
29124000,351453.7691,351453.7691
29127600,337736.0804,337736.0804
29131200,306259.2596,306259.2596
29134800,357563.4154,357563.4154
29138400,337250.5755,337250.5755
29142000,341094.3206,341094.3206
29145600,282964.8202,282964.8202
29149200,305064.5899,305064.5899
29152800,305160.3328,305160.3328
29156400,289519.4771,289519.4771
29160000,308141.809,308141.809
29163600,345519.0146,345519.0146
29167200,333125.1772,333125.1772
29170800,349990.1884,349990.1884
29174400,331360.4245,331360.4245
29178000,332888.8072,332888.8072
29181600,346280.7178,346280.7178
29185200,359161.7239,359161.7239
29188800,326860.5042,326860.5042
29192400,313977.3801,313977.3801
29196000,324906.3927,324906.3927
29199600,345161.2084,345161.2084
29203200,352037.6733,352037.6733
29206800,368520.3111,368520.3111
29210400,331019.8053,331019.8053
29214000,330957.3831,330957.3831
29217600,295099.6611,295099.6611
29221200,286198.1329,286198.1329
29224800,272256.1797,272256.1797
29228400,293096.2107,293096.2107
29232000,305051.4362,305051.4362
29235600,323510.3801,323510.3801
29239200,336243.5465,336243.5465
29242800,346369.2255,346369.2255
29246400,341218.8393,341218.8393
29250000,338287.8958,338287.8958
29253600,340118.0167,340118.0167
29257200,355266.354,355266.354
29260800,359041.1335,359041.1335
29264400,360711.1023,360711.1023
29268000,335484.1489,335484.1489
29271600,353545.7876,353545.7876
29275200,325908.5573,325908.5573
29278800,335344.9261,335344.9261
29282400,340094.1425,340094.1425
29286000,327840.381,327840.381
29289600,317995.3047,317995.3047
29293200,321574.8752,321574.8752
29296800,304635.2041,304635.2041
29300400,333578.1305,333578.1305
29304000,324983.8529,324983.8529
29307600,324520.3887,324520.3887
29311200,291053.4195,291053.4195
29314800,286302.86,286302.86
29318400,310465.6982,310465.6982
29322000,281636.9061,281636.9061
29325600,297322.1198,297322.1198
29329200,326686.6139,326686.6139
29332800,305550.312,305550.312
29336400,369134.5783,369134.5783
29340000,333566.4609,333566.4609
29343600,359199.2733,359199.2733
29347200,344861.8871,344861.8871
29350800,394645.0947,394645.0947
29354400,377124.28,377124.28
29358000,393914.4682,393914.4682
29361600,417635.2613,417635.2613
29365200,420914.2005,420914.2005
29368800,414076.3017,414076.3017
29372400,412259.3692,412259.3692
29376000,396270.656,396270.656
29379600,363909.2669,363909.2669
29383200,316460.7792,316460.7792
29386800,308015.4989,308015.4989
29390400,299935.5266,299935.5266
29394000,302158.6324,302158.6324
29397600,274983.8126,274983.8126
29401200,256527.3607,256527.3607
29404800,265249.8484,265249.8484
29408400,303175.2283,303175.2283
29412000,265598.0339,265598.0339
29415600,311939.6956,311939.6956
29419200,285692.2963,285692.2963
29422800,333171.9719,333171.9719
29426400,329798.979,329798.979
29430000,337543,337543
29433600,302230.5349,302230.5349
29437200,310497.2078,310497.2078
29440800,315366.3763,315366.3763
29444400,289242.7191,289242.7191
29448000,277126.462,277126.462
29451600,270548.9747,270548.9747
29455200,261848.9441,261848.9441
29458800,270555.7889,270555.7889
29462400,287930.6591,287930.6591
29466000,339960.5233,339960.5233
29469600,268931.2114,268931.2114
29473200,285130.9901,285130.9901
29476800,282289.6214,282289.6214
29480400,277263.2914,277263.2914
29484000,276125.7995,276125.7995
29487600,278323.671,278323.671
29491200,304169.8093,304169.8093
29494800,278612.3564,278612.3564
29498400,301950.8101,301950.8101
29502000,295631.1308,295631.1308
29505600,284426.1459,284426.1459
29509200,332017.9811,332017.9811
29512800,306356.5261,306356.5261
29516400,313396.2394,313396.2394
29520000,300739.0634,300739.0634
29523600,307492.8701,307492.8701
29527200,300563.6503,300563.6503
29530800,286274.2654,286274.2654
29534400,301932.0477,301932.0477
29538000,285816.8867,285816.8867
29541600,282735.7105,282735.7105
29545200,278798.8157,278798.8157
29548800,312386.3124,312386.3124
29552400,298382.6441,298382.6441
29556000,272526.6396,272526.6396
29559600,242497.7255,242497.7255
29563200,239988.285,239988.285
29566800,240751.7836,240751.7836
29570400,248130.216,248130.216
29574000,271352.3793,271352.3793
29577600,271290.4705,271290.4705
29581200,261818.9915,261818.9915
29584800,267684.3893,267684.3893
29588400,257738.4238,257738.4238
29592000,267448.1979,267448.1979
29595600,287549.4026,287549.4026
29599200,270396.2977,270396.2977
29602800,288174.6238,288174.6238
29606400,265620.571,265620.571
29610000,267894.899,267894.899
29613600,289476.2767,289476.2767
29617200,269550.5226,269550.5226
29620800,248118.0849,248118.0849
29624400,275998.1074,275998.1074
29628000,255210.8471,255210.8471
29631600,262755.0748,262755.0748
29635200,284789.1049,284789.1049
29638800,278805.4859,278805.4859
29642400,294118.0991,294118.0991
29646000,327872.0373,327872.0373
29649600,291259.4488,291259.4488
29653200,285813.9226,285813.9226
29656800,301006.4514,301006.4514
29660400,279360.2189,279360.2189
29664000,283780.5353,283780.5353
29667600,264684.6671,264684.6671
29671200,257257.7663,257257.7663
29674800,295112.6107,295112.6107
29678400,287274.3208,287274.3208
29682000,309069.2754,309069.2754
29685600,298496.6883,298496.6883
29689200,320290.016,320290.016
29692800,321952.5213,321952.5213
29696400,326644.9397,326644.9397
29700000,317987.8249,317987.8249
29703600,338106.3884,338106.3884
29707200,343202.0113,343202.0113
29710800,316461.8267,316461.8267
29714400,311548.1705,311548.1705
29718000,352852.0151,352852.0151
29721600,347741.5139,347741.5139
29725200,364671.3162,364671.3162
29728800,290788.8535,290788.8535
29732400,340165.6624,340165.6624
29736000,378616.9145,378616.9145
29739600,375668.0529,375668.0529
29743200,343778.2325,343778.2325
29746800,364496.0755,364496.0755
29750400,380712.3094,380712.3094
29754000,376822.9555,376822.9555
29757600,399459.1258,399459.1258
29761200,361378.6379,361378.6379
29764800,396522.709,396522.709
29768400,406821.4963,406821.4963
29772000,394065.4445,394065.4445
29775600,359140.5603,359140.5603
29779200,350327.9181,350327.9181
29782800,328659.5907,328659.5907
29786400,333471.2729,333471.2729
29790000,334986.0426,334986.0426
29793600,362327.4349,362327.4349
29797200,381329.9159,381329.9159
29800800,355056.9879,355056.9879
29804400,338508.0929,338508.0929
29808000,312477.2135,312477.2135
29811600,346212.371,346212.371
29815200,335244.7482,335244.7482
29818800,298168.4711,298168.4711
29822400,275352.6077,275352.6077
29826000,292898.2812,292898.2812
29829600,300275.737,300275.737
29833200,287425.0074,287425.0074
29836800,366192.7326,366192.7326
29840400,341744.1451,341744.1451
29844000,384966.7262,384966.7262
29847600,344452.6672,344452.6672
29851200,369404.4096,369404.4096
29854800,360061.1007,360061.1007
29858400,384847.9185,384847.9185
29862000,374378.9854,374378.9854
29865600,354216.1617,354216.1617
29869200,356459.602,356459.602
29872800,338340.2298,338340.2298
29876400,321460.6455,321460.6455
29880000,365644.4785,365644.4785
29883600,351730.3151,351730.3151
29887200,346668.4393,346668.4393
29890800,357957.8474,357957.8474
29894400,362684.726,362684.726
29898000,366100.8568,366100.8568
29901600,419048.5537,419048.5537
29905200,358657.0694,358657.0694
29908800,347681.5179,347681.5179
29912400,331147.4275,331147.4275
29916000,294702.5706,294702.5706
29919600,314262.2589,314262.2589
29923200,325842.243,325842.243
29926800,314608.5233,314608.5233
29930400,298083.1815,298083.1815
29934000,311325.5388,311325.5388
29937600,312571.7953,312571.7953
29941200,351904.538,351904.538
29944800,349881.0186,349881.0186
29948400,356366.4075,356366.4075
29952000,357970.1469,357970.1469
29955600,381898.6087,381898.6087
29959200,364798.3689,364798.3689
29962800,346856.4968,346856.4968
29966400,355713.3664,355713.3664
29970000,337018.6451,337018.6451
29973600,335305.4234,335305.4234
29977200,335475.0663,335475.0663
29980800,354362.8627,354362.8627
29984400,381348.3198,381348.3198
29988000,352709.1315,352709.1315
29991600,307422.7297,307422.7297
29995200,297350.9216,297350.9216
29998800,325009.0114,325009.0114
30002400,292217.7839,292217.7839
30006000,277252.297,277252.297
30009600,296391.3373,296391.3373
30013200,306656.1597,306656.1597
30016800,280731.0317,280731.0317
30020400,307196.5865,307196.5865
30024000,319432.2941,319432.2941
30027600,330264.3961,330264.3961
30031200,343597.1761,343597.1761
30034800,348990.1506,348990.1506
30038400,334046.7797,334046.7797
30042000,347018.27,347018.27
30045600,341859.3762,341859.3762
30049200,340214.878,340214.878
30052800,348107.3362,348107.3362
30056400,333416.3547,333416.3547
30060000,318991.35,318991.35
30063600,314264.7737,314264.7737
30067200,339606.514,339606.514
30070800,303781.7548,303781.7548
30074400,285184.3373,285184.3373
30078000,281352.4192,281352.4192
30081600,265525.8437,265525.8437
30085200,255090.6857,255090.6857
30088800,252208.8403,252208.8403
30092400,267058.6064,267058.6064
30096000,257719.3791,257719.3791
30099600,272805.2317,272805.2317
30103200,246941.6754,246941.6754
30106800,261937.7382,261937.7382
30110400,274815.8148,274815.8148
30114000,289956.1326,289956.1326
30117600,259794.5105,259794.5105
30121200,262844.7077,262844.7077
30124800,260784.5426,260784.5426
30128400,275316.9591,275316.9591
30132000,281423.878,281423.878
30135600,285789.8903,285789.8903
30139200,263674.1204,263674.1204
30142800,258407.1845,258407.1845
30146400,258977.8423,258977.8423
30150000,257786.5684,257786.5684
30153600,300699.6065,300699.6065
30157200,274632.0218,274632.0218
30160800,236920.2311,236920.2311
30164400,229249.7983,229249.7983
30168000,232283.3473,232283.3473
30171600,221123.6383,221123.6383
30175200,230567.2308,230567.2308
30178800,229082.6546,229082.6546
30182400,258699.176,258699.176
30186000,229207.338,229207.338
30189600,253396.1349,253396.1349
30193200,258484.4464,258484.4464
30196800,259279.8759,259279.8759
30200400,273445.286,273445.286
30204000,272241.1844,272241.1844
30207600,271963.9751,271963.9751
30211200,279605.7929,279605.7929
30214800,283507.7632,283507.7632
30218400,280887.2727,280887.2727
30222000,289735.4239,289735.4239
30225600,281868.7053,281868.7053
30229200,299702.0527,299702.0527
30232800,295313.1257,295313.1257
30236400,304647.772,304647.772
30240000,292660.9585,292660.9585
30243600,339150.8304,339150.8304
30247200,307985.6883,307985.6883
30250800,300798.9315,300798.9315
30254400,289951.8975,289951.8975
30258000,286054.4812,286054.4812
30261600,261213.7257,261213.7257
30265200,281809.0916,281809.0916
30268800,297362.9323,297362.9323
30272400,281727.2734,281727.2734
30276000,321502.7366,321502.7366
30279600,288446.009,288446.009
30283200,297339.7956,297339.7956
30286800,367572.3168,367572.3168
30290400,318274.8265,318274.8265
30294000,322717.6089,322717.6089
30297600,326634.5107,326634.5107
30301200,357292.8967,357292.8967
30304800,347519.8595,347519.8595
30308400,355734.2201,355734.2201
30312000,328943.8708,328943.8708
30315600,348537.3352,348537.3352
30319200,357345.8097,357345.8097
30322800,365761.0727,365761.0727
30326400,392399.5314,392399.5314
30330000,346119.2696,346119.2696
30333600,331100.5985,331100.5985
30337200,310964.8,310964.8
30340800,306287.7336,306287.7336
30344400,309343.4028,309343.4028
30348000,305540.5072,305540.5072
30351600,301506.7542,301506.7542
30355200,297917.4854,297917.4854
30358800,278008.907,278008.907
30362400,291144.6743,291144.6743
30366000,297558.5701,297558.5701
30369600,308701.1769,308701.1769
30373200,346180.4666,346180.4666
30376800,367374.1992,367374.1992
30380400,334731.096,334731.096
30384000,380219.5259,380219.5259
30387600,340199.4829,340199.4829
30391200,318255.5283,318255.5283
30394800,326737.5296,326737.5296
30398400,332353.968,332353.968
30402000,331941.8241,331941.8241
30405600,353044.5615,353044.5615
30409200,376831.3615,376831.3615
30412800,369138.025,369138.025
30416400,336575.0244,336575.0244
30420000,335370.3656,335370.3656
30423600,356896.2678,356896.2678
30427200,339409.534,339409.534
30430800,330214.7806,330214.7806
30434400,322168.4179,322168.4179
30438000,301860.888,301860.888
30441600,312177.1299,312177.1299
30445200,309387.2373,309387.2373
30448800,251667.0804,251667.0804
30452400,271762.2482,271762.2482
30456000,279861.4756,279861.4756
30459600,284636.8417,284636.8417
30463200,297047.2712,297047.2712
30466800,305500.992,305500.992
30470400,322068.8554,322068.8554
30474000,318006.3564,318006.3564
30477600,346583.9181,346583.9181
30481200,321762.606,321762.606
30484800,387618.3557,387618.3557
30488400,365109.9046,365109.9046
30492000,354908.2394,354908.2394
30495600,327491.9904,327491.9904
30499200,376624.5035,376624.5035
30502800,366075.2374,366075.2374
30506400,314196.067,314196.067
30510000,285808.0185,285808.0185
30513600,283822.3195,283822.3195
30517200,313476.4673,313476.4673
30520800,312370.0079,312370.0079
30524400,298473.9992,298473.9992
30528000,291351.7166,291351.7166
30531600,314501.4318,314501.4318
30535200,279430.2575,279430.2575
30538800,386775.4275,386775.4275
30542400,374539.2829,374539.2829
30546000,404851.4681,404851.4681
30549600,404954.09,404954.09
30553200,403969.7885,403969.7885
30556800,371274.1963,371274.1963
30560400,355423.134,355423.134
30564000,326421.7415,326421.7415
30567600,338197.6717,338197.6717
30571200,331628.6344,331628.6344
30574800,322010.6691,322010.6691
30578400,314603.4474,314603.4474
30582000,345064.2207,345064.2207
30585600,376284.3797,376284.3797
30589200,369934.8641,369934.8641
30592800,329993.05,329993.05
30596400,334002.7872,334002.7872
30600000,333936.2167,333936.2167
30603600,335286.4338,335286.4338
30607200,293209.6541,293209.6541
30610800,300578.2901,300578.2901
30614400,369135.6671,369135.6671
30618000,387914.5423,387914.5423
30621600,430167.1983,430167.1983
30625200,411519.5259,411519.5259
30628800,406855.4523,406855.4523
30632400,326728.1611,326728.1611
30636000,343251.6608,343251.6608
30639600,325373.3652,325373.3652
30643200,302312.2082,302312.2082
30646800,324222.1483,324222.1483
30650400,340682.371,340682.371
30654000,340215.2813,340215.2813
30657600,345140.9022,345140.9022
30661200,321786.3952,321786.3952
30664800,368857.618,368857.618
30668400,336181.2144,336181.2144
30672000,359554.3014,359554.3014
30675600,328969.6772,328969.6772
30679200,294721.1143,294721.1143
30682800,265249.342,265249.342
30686400,252443.0958,252443.0958
30690000,244657.7964,244657.7964
30693600,271658.4731,271658.4731
30697200,233735.3757,233735.3757
30700800,253347.9106,253347.9106
30704400,282229.2124,282229.2124
30708000,316091.7868,316091.7868
30711600,335141.8523,335141.8523
30715200,318330.7133,318330.7133
30718800,314473.2302,314473.2302
30722400,329734.8367,329734.8367
30726000,354363.1521,354363.1521
30729600,356137.2972,356137.2972
30733200,336730.3686,336730.3686
30736800,353458.8798,353458.8798
30740400,338258.845,338258.845
30744000,331493.3453,331493.3453
30747600,352402.0451,352402.0451
30751200,370441.0202,370441.0202
30754800,366467.362,366467.362
30758400,403040.9946,403040.9946
30762000,361671.3031,361671.3031
30765600,357626.0423,357626.0423
30769200,328361.45,328361.45
30772800,319498.1782,319498.1782
30776400,316478.9038,316478.9038
30780000,332337.414,332337.414
30783600,316714.2239,316714.2239
30787200,259640.8799,259640.8799
30790800,248995.4982,248995.4982
30794400,267011.5989,267011.5989
30798000,246953.8375,246953.8375
30801600,245672.9157,245672.9157
30805200,244530.7057,244530.7057
30808800,263276.8967,263276.8967
30812400,255120.7674,255120.7674
30816000,264787.1127,264787.1127
30819600,259857.4378,259857.4378
30823200,272069.5276,272069.5276
30826800,334119.6449,334119.6449
30830400,343392.5428,343392.5428
30834000,316922.1933,316922.1933
30837600,319256.4198,319256.4198
30841200,315802.9428,315802.9428
30844800,344699.8576,344699.8576
30848400,342472.9924,342472.9924
30852000,336928.4034,336928.4034
30855600,313091.9216,313091.9216
30859200,318049.8435,318049.8435
30862800,325486.8206,325486.8206
30866400,319136.2476,319136.2476
30870000,300895.9924,300895.9924
30873600,331522.4365,331522.4365
30877200,370123.1699,370123.1699
30880800,355203.7393,355203.7393
30884400,324396.854,324396.854
30888000,334932.27,334932.27
30891600,349901.6394,349901.6394
30895200,344452.1431,344452.1431
30898800,351357.3299,351357.3299
30902400,341292.6966,341292.6966
30906000,343129.1276,343129.1276
30909600,361110.8251,361110.8251
30913200,357674.1656,357674.1656
30916800,381211.5204,381211.5204
30920400,383490.6317,383490.6317
30924000,377955.6089,377955.6089
30927600,367634.1222,367634.1222
30931200,398772.3158,398772.3158
30934800,373258.889,373258.889
30938400,390724.2285,390724.2285
30942000,388769.4293,388769.4293
30945600,439247.1783,439247.1783
30949200,435225.4851,435225.4851
30952800,429611.3335,429611.3335
30956400,410386.6073,410386.6073
30960000,438060.0618,438060.0618
30963600,435786.6526,435786.6526
30967200,422138.9416,422138.9416
30970800,341694.6634,341694.6634
30974400,389619.0826,389619.0826
30978000,382534.6308,382534.6308
30981600,420338.7937,420338.7937
30985200,368140.8966,368140.8966
30988800,342719.5388,342719.5388
30992400,430295.2615,430295.2615
30996000,404898.687,404898.687
30999600,333668.9752,333668.9752
31003200,412673.8043,412673.8043
31006800,409432.8309,409432.8309
31010400,434873.1606,434873.1606
31014000,402169.0163,402169.0163
31017600,445090.4169,445090.4169
31021200,426770.6786,426770.6786
31024800,397987.2048,397987.2048
31028400,366089.2051,366089.2051
31032000,300598.1306,300598.1306
31035600,406069.6794,406069.6794
31039200,399859.4075,399859.4075
31042800,389863.7793,389863.7793
31046400,408819.2804,408819.2804
31050000,409324.4052,409324.4052
31053600,410383.7015,410383.7015
31057200,410840.5254,410840.5254
31060800,410500.1497,410500.1497
31064400,415084.6945,415084.6945
31068000,382270.4868,382270.4868
31071600,383935.6976,383935.6976
31075200,391351.6358,391351.6358
31078800,395616.9224,395616.9224
31082400,383176.7139,383176.7139
31086000,356156.481,356156.481
31089600,392525.901,392525.901
31093200,376061.2162,376061.2162
31096800,387491.0887,387491.0887
31100400,404107.1574,404107.1574
31104000,404062.7978,404062.7978
31107600,350768.5832,350768.5832
31111200,360906.4024,360906.4024
31114800,281027.6804,281027.6804
31118400,241128.8187,241128.8187
31122000,334893.9532,334893.9532
31125600,375744.9634,375744.9634
31129200,368084.4244,368084.4244
31132800,380615.5086,380615.5086
31136400,384511.8771,384511.8771
31140000,416116.6632,416116.6632
31143600,363673.1104,363673.1104
31147200,410046.6928,410046.6928
31150800,367889.8593,367889.8593
31154400,390392.8573,390392.8573
31158000,396724.177,396724.177
31161600,405596.8369,405596.8369
31165200,392984.197,392984.197
31168800,391856.7045,391856.7045
31172400,357606.9138,357606.9138
31176000,394681.3336,394681.3336
31179600,397655.5446,397655.5446
31183200,396823.1871,396823.1871
31186800,377621.2801,377621.2801
31190400,381326.2312,381326.2312
31194000,385608.3919,385608.3919
31197600,375053.2503,375053.2503
31201200,386661.5115,386661.5115
31204800,386842.7216,386842.7216
31208400,381948.3738,381948.3738
31212000,383387.0521,383387.0521
31215600,376473.4671,376473.4671
31219200,341732.2108,341732.2108
31222800,325736.8038,325736.8038
31226400,343983.8422,343983.8422
31230000,346067.5255,346067.5255
31233600,304533.8886,304533.8886
31237200,342908.1835,342908.1835
31240800,308891.2278,308891.2278
31244400,341193.8908,341193.8908
31248000,345789.8904,345789.8904
31251600,343602.7447,343602.7447
31255200,350319.4509,350319.4509
31258800,386222.816,386222.816
31262400,410781.3075,410781.3075
31266000,353775.7204,353775.7204
31269600,335702.5369,335702.5369
31273200,384184.3096,384184.3096
31276800,390058.7568,390058.7568
31280400,379494.9697,379494.9697
31284000,352628.1304,352628.1304
31287600,330995.2865,330995.2865
31291200,310342.1784,310342.1784
31294800,325138.2339,325138.2339
31298400,300238.0296,300238.0296
31302000,294841.5422,294841.5422
31305600,252970.5755,252970.5755
31309200,279998.0736,279998.0736
31312800,279731.2221,279731.2221
31316400,292236.2729,292236.2729
31320000,339350.2224,339350.2224
31323600,344699.1205,344699.1205
31327200,337066.6363,337066.6363
31330800,347257.9728,347257.9728
31334400,345436.7529,345436.7529
31338000,355059.5115,355059.5115
31341600,353923.198,353923.198
31345200,348929.6404,348929.6404
31348800,334268.5449,334268.5449
31352400,344515.5123,344515.5123
31356000,336956.2081,336956.2081
31359600,352476.9134,352476.9134
31363200,377591.2507,377591.2507
31366800,344893.094,344893.094
31370400,333044.1029,333044.1029
31374000,302443.1531,302443.1531
31377600,266262.3151,266262.3151
31381200,282827.593,282827.593
31384800,278815.3011,278815.3011
31388400,289754.5104,289754.5104
31392000,311548.4709,311548.4709
31395600,290718.7054,290718.7054
31399200,266333.2466,266333.2466
31402800,327817.2985,327817.2985
31406400,271644.1645,271644.1645
31410000,319735.665,319735.665
31413600,318755.7655,318755.7655
31417200,365382.2628,365382.2628
31420800,331415.1684,331415.1684
31424400,325824.8127,325824.8127
31428000,305892.8806,305892.8806
31431600,311120.042,311120.042
31435200,301271.874,301271.874
31438800,339484.5129,339484.5129
31442400,322944.8547,322944.8547
31446000,318257.7007,318257.7007
31449600,237154.1655,237154.1655
31453200,270716.0605,270716.0605
31456800,258504.5407,258504.5407
31460400,261252.726,261252.726
31464000,252079.9543,252079.9543
31467600,249568.7005,249568.7005
31471200,236425.8201,236425.8201
31474800,256184.7661,256184.7661
31478400,286485.5068,286485.5068
31482000,292691.6866,292691.6866
31485600,297012.6071,297012.6071
31489200,304306.4545,304306.4545
31492800,291539.7089,291539.7089
31496400,343641.6679,343641.6679
31500000,361644.1354,361644.1354
31503600,322994.4704,322994.4704
31507200,319876.1593,319876.1593
31510800,337144.8997,337144.8997
31514400,382704.0366,382704.0366
31518000,394426.2179,394426.2179
31521600,383254.0316,383254.0316
31525200,359212.1996,359212.1996
31528800,372977.967,372977.967
31532400,348067.2247,348067.2247
31536000,0,0
