tdry_profile,twet_profile
255.14999999999998,254.32717362028663
255.14999999999998,254.32717362028663
256.54999999999995,255.62591324986417
257.84999999999997,256.95438312574345
258.75,258.03468795349823
260.15,259.2346828002534
262.04999999999995,261.1849628196008
263.45,262.3536769218411
265.45,264.18799312744477
267.25,265.8130398743578
270.95,268.522975118161
274.54999999999995,270.85615963651804
275.95,271.5921721041251
277.54999999999995,272.41658143075637
276.45,271.7205512215158
277.04999999999995,272.0833782034692
275.34999999999997,270.7947344170754
272.54999999999995,269.3305039936152
270.95,268.3106604629142
268.15,266.04275986608974
267.54999999999995,265.3547687135219
267.04999999999995,264.85624726272016
267.04999999999995,264.85624726272016
267.04999999999995,264.5400554217894
268.15,265.3521416459386
268.15,265.2982710768776
267.54999999999995,264.74406442994734
268.15,265.1520649268082
266.45,263.8507317099308
267.54999999999995,264.68968620850507
267.04999999999995,264.30550044766494
268.75,265.5794405661816
270.34999999999997,266.7970052295281
271.45,267.70604809139087
275.34999999999997,270.51909078470175
278.75,272.76302390642365
282.04999999999995,274.2072120574854
282.54999999999995,274.6282910925099
282.54999999999995,274.9302756899745
283.15,275.93540870941143
280.95,274.34935382909686
279.84999999999997,273.62904723378324
278.15,272.6351691453804
274.25,270.0540042826856
273.15,269.3289770288058
271.45,268.029878696239
272.04999999999995,268.2431963256548
273.75,269.30969939667335
273.15,268.9172142436562
272.54999999999995,268.4846410176185
272.54999999999995,268.4846410176185
272.04999999999995,268.1520788623806
271.45,267.70604809139087
271.45,267.70604809139087
272.04999999999995,268.09731547777466
272.04999999999995,268.1520788623806
272.54999999999995,268.54525831744115
276.45,271.1042244798466
278.75,272.6335691478789
279.25,273.60433847859605
279.84999999999997,273.33666304764546
278.75,273.02310262521706
277.75,272.15726176560446
275.45,270.6846992439224
272.84999999999997,268.88556391774944
270.15,266.8159241955264
267.34999999999997,264.90270615948896
267.54999999999995,264.7873835850481
265.95,263.85243229897355
264.34999999999997,262.42396801290147
263.25,261.4761435913201
261.75,260.20732857855074
260.75,259.61082800759476
259.65,258.8321443741287
256.95,256.26152659012473
256.95,256.11308251823385
258.45,257.43018080769684
258.95,257.8437429831707
259.84999999999997,258.57334675547054
261.34999999999997,259.6762376907058
264.04999999999995,262.11853853855894
267.25,264.7474135642372
272.65,268.87476539035055
276.45,271.6657956997511
276.95,272.1773527984525
281.15,275.0639512128094
282.75,276.2020978778669
284.25,277.1424893269714
283.15,276.5068530212344
280.34999999999997,275.2150110386648
280.34999999999997,275.0604641145865
279.25,273.95316387007836
280.34999999999997,274.14558425435035
279.25,273.39764358292445
278.75,273.02310262521706
278.15,272.6970304228913
283.15,275.5388459751454
278.15,272.6970304228913
283.75,276.3679280934764
284.25,276.72834870535314
282.54999999999995,275.7785324407244
282.54999999999995,275.7785324407244
282.54999999999995,275.86934542425377
278.15,273.4036382491516
283.15,276.69329934138614
282.04999999999995,276.013815027258
285.95,278.07100032073754
285.95,277.7147992748425
288.15,278.841761568097
287.54999999999995,278.43325745131574
285.95,277.7147992748425
283.15,276.97059493520675
281.45,275.87235699278034
278.75,274.5410203351143
278.75,273.08856374931617
277.04999999999995,271.91409594044507
276.45,271.61167447614724
274.84999999999997,270.6364340963147
273.15,269.50824282374515
273.75,269.73611148519853
273.15,269.2044927888912
273.15,269.08894490745706
274.25,269.6516196220715
273.75,269.2145187307852
273.15,268.82727579763224
272.54999999999995,268.4846410176185
273.15,268.85613306399557
272.54999999999995,268.54525831744115
272.54999999999995,268.4846410176185
272.54999999999995,268.6446789496291
273.15,269.7525541267308
273.15,269.7525541267308
274.25,270.240162501552
274.84999999999997,270.8941442890171
274.25,270.4918378183537
274.84999999999997,270.7887101629091
273.75,270.1167637361756
272.54999999999995,269.3305039936152
271.45,268.81704416374555
269.84999999999997,267.61608234834125
268.75,266.9657072276302
267.04999999999995,265.96546229391254
265.34999999999997,264.59540559012976
265.34999999999997,264.09145481041946
264.25,263.2341570042438
264.25,263.2341570042438
264.84999999999997,263.8194394660015
262.54999999999995,261.6250373713568
260.95,260.2508811071029
259.25,258.81165050354207
260.34999999999997,259.4297809954455
260.34999999999997,259.4297809954455
270.34999999999997,266.98063873234776
272.54999999999995,268.4846410176185
274.25,269.5171098542033
275.95,270.8331794160322
278.15,272.14999230760617
278.75,272.30889478167865
278.15,271.7903947853749
278.15,271.7903947853749
277.54999999999995,271.5665790210349
278.15,271.91048714332965
278.75,272.17757775717024
278.15,271.85050123958246
277.54999999999995,271.5665790210349
275.34999999999997,270.232705839291
272.54999999999995,268.6446789496291
273.15,269.08894490745706
274.84999999999997,270.1012237305548
274.84999999999997,270.06213255406504
274.25,269.72463733407767
272.54999999999995,268.54525831744115
271.45,267.8216238989795
269.84999999999997,266.7457377108964
269.84999999999997,266.62287793329295
268.75,265.86817629717393
270.34999999999997,266.98063873234776
275.34999999999997,270.51909078470175
278.15,272.4514731448998
280.34999999999997,273.84003779596543
280.95,274.0216612446118
283.75,276.05816280518803
283.75,275.73718571825077
280.95,274.18651535007166
279.84999999999997,273.55622682244115
277.54999999999995,272.23978749776927
273.75,269.73611148519853
272.54999999999995,269.3305039936152
271.45,268.60805504703563
272.04999999999995,268.8923613075386
270.95,268.1604807817799
271.45,268.60805504703563
270.34999999999997,267.76721739153777
269.84999999999997,267.61608234834125
269.84999999999997,267.4612203362095
269.84999999999997,267.4612203362095
269.84999999999997,267.4612203362095
269.25,267.06079458529683
269.84999999999997,267.1758076957242
268.15,266.3978701582254
272.04999999999995,268.6620535864075
273.75,269.825990911351
275.95,271.2185782838648
277.04999999999995,272.0833782034692
276.45,271.83197123224113
276.45,271.9459394194406
277.04999999999995,272.3168482489027
277.54999999999995,272.41658143075637
277.04999999999995,272.3168482489027
275.95,271.5921721041251
274.25,270.4918378183537
273.15,270.1868500341362
273.75,271.0964018659663
271.45,269.15516581134557
271.45,269.33472224140814
270.34999999999997,268.540344571917
268.75,267.3737313721354
268.75,267.3737313721354
268.15,266.3978701582254
268.15,266.3978701582254
267.54999999999995,265.67775467095623
267.04999999999995,265.3568300413729
266.45,264.600603387742
267.54999999999995,265.23110207318155
268.15,265.73333855479865
271.45,268.029878696239
274.84999999999997,270.3095239549324
277.54999999999995,271.9537124474512
279.25,272.7105711741157
280.34999999999997,273.29079271362065
280.34999999999997,273.37105871271746
279.84999999999997,273.03916980111126
279.25,272.84901785707626
276.45,271.1523372420669
273.75,269.48883995297996
272.04999999999995,268.3806607039608
270.95,267.6086421197725
272.04999999999995,268.3806607039608
269.84999999999997,266.9253074694123
268.75,266.2747126966933
268.15,265.65401235536063
267.54999999999995,265.23110207318155
267.04999999999995,264.85624726272016
267.04999999999995,264.7408085551075
267.54999999999995,265.1168995315069
268.15,265.442279720987
269.25,266.17639202463164
269.25,266.17639202463164
269.84999999999997,266.6819004313249
271.45,267.8216238989795
274.25,269.6516196220715
280.34999999999997,273.4506018860832
280.95,273.32976781584
283.75,274.80197900347025
284.84999999999997,275.02751389109784
285.34999999999997,275.45358955661993
283.15,274.32810855241775
281.45,273.2438429744084
280.95,273.1463080191532
280.34999999999997,273.0449940012335
278.75,272.3741442806132
277.54999999999995,271.7863389469823
279.25,272.6408592539175
277.54999999999995,271.8418335469471
277.04999999999995,271.58946222965255
275.95,270.97257179220617
273.15,269.01705752047843
272.04999999999995,268.3097063321722
269.84999999999997,266.85015336642743
268.15,265.65401235536063
267.54999999999995,265.1168995315069
267.04999999999995,264.7408085551075
268.75,265.96570696706
272.54999999999995,268.7539029487577
275.34999999999997,270.51909078470175
279.25,273.12358061037105
280.95,274.0216612446118
280.95,273.8541972974818
282.04999999999995,274.30594916773384
281.45,274.0106699109142
281.45,274.0106699109142
277.54999999999995,271.7863389469823
275.34999999999997,270.51909078470175
275.34999999999997,270.56308475375516
275.34999999999997,270.56308475375516
272.04999999999995,268.3097063321722
270.95,267.68229881635995
271.45,267.9560133142539
271.45,268.1486142052022
273.75,269.73611148519853
276.45,271.5581849767895
275.95,271.2185782838648
275.95,271.3218465516344
276.45,271.61167447614724
275.95,271.3218465516344
275.34999999999997,270.8928153217746
276.45,271.7205512215158
278.75,273.1542579354307
280.95,274.51069865506634
282.54999999999995,275.31571819630915
282.54999999999995,275.31571819630915
283.15,275.6395365299024
282.54999999999995,275.22088831712324
282.54999999999995,275.22088831712324
282.54999999999995,275.22088831712324
281.45,274.6248970359963
280.34999999999997,273.9932081108936
279.84999999999997,273.99247078495563
279.84999999999997,273.99247078495563
279.25,273.46638037775193
276.45,271.7205512215158
274.84999999999997,270.5872713161762
275.95,271.37452561671176
278.75,273.4198075412782
279.84999999999997,274.06528202335863
280.34999999999997,274.37346146958936
279.84999999999997,274.06528202335863
279.84999999999997,273.99247078495563
279.84999999999997,273.99247078495563
279.84999999999997,273.99247078495563
279.84999999999997,273.99247078495563
281.45,275.04549287555545
283.15,275.93540870941143
285.34999999999997,277.0557048143111
285.95,277.34382415978695
286.45,277.55234633491733
286.45,277.55234633491733
285.95,277.2162415859063
285.34999999999997,276.9352504099728
283.15,275.73912925827307
282.04999999999995,275.23125655819314
280.34999999999997,274.14558425435035
278.75,273.28643828677633
275.95,271.37452561671176
274.25,270.38870251902847
273.75,270.1167637361756
272.04999999999995,269.0414325288816
272.04999999999995,269.0414325288816
271.45,268.50875710028345
271.45,268.50875710028345
270.95,268.1604807817799
271.45,268.3665856201402
272.04999999999995,268.6620535864075
270.34999999999997,267.53217432747095
270.95,268.01843463626983
276.45,271.61167447614724
280.34999999999997,274.0694706436941
283.15,275.5388459751454
285.34999999999997,276.5618742742859
285.95,276.68199971290835
286.45,276.8536063236289
285.95,276.68199971290835
283.75,276.3679280934764
282.04999999999995,275.4948725117204
280.95,274.6709992883417
277.54999999999995,272.53681713362835
277.04999999999995,272.0833782034692
275.34999999999997,270.9939552740455
275.34999999999997,270.8928153217746
272.54999999999995,269.0899147262137
273.15,269.41675464227853
275.95,271.0688985256099
276.45,271.61167447614724
279.84999999999997,273.62904723378324
273.75,271.29089375212595
272.04999999999995,270.35371278483075
272.04999999999995,270.35371278483075
272.04999999999995,270.15398867299
273.15,270.3032570083182
273.15,270.3032570083182
272.04999999999995,270.9151128795183
273.15,271.40689220407194
274.25,272.314237168498
275.34999999999997,272.29581290741476
275.34999999999997,272.09904821508474
274.84999999999997,271.9738868076358
274.84999999999997,271.9738868076358
274.84999999999997,272.17506786079616
273.15,270.9287567145352
273.75,270.72607728743213
274.25,269.9661895519147
272.54999999999995,269.00007530144416
272.04999999999995,268.6620535864075
271.45,268.1486142052022
270.95,267.8007750301742
270.95,267.68229881635995
271.45,268.029878696239
271.45,267.8865455043259
274.84999999999997,270.2236437263849
272.54999999999995,268.7539029487577
272.54999999999995,268.7539029487577
273.15,269.16496600221575
268.15,266.1896172394008
270.95,268.1604807817799
273.15,269.7525541267308
273.15,269.85627089327204
272.04999999999995,269.0414325288816
270.95,268.1604807817799
270.34999999999997,267.53217432747095
268.75,266.2747126966933
267.54999999999995,265.23110207318155
266.45,264.4694142630051
264.84999999999997,263.2308058386868
263.75,262.36204750724454
263.75,262.36204750724454
263.15,261.78918323604967
262.54999999999995,261.2163166758235
262.04999999999995,260.90566165456914
261.45,260.3264202105977
261.45,260.3264202105977
261.45,260.16605516410635
261.45,260.16605516410635
260.95,259.84371742702245
261.45,260.3264202105977
261.45,260.3264202105977
261.45,260.16605516410635
263.75,262.36204750724454
264.84999999999997,263.10504110552773
269.25,266.51555725617294
274.25,270.240162501552
277.04999999999995,272.0833782034692
280.34999999999997,274.14558425435035
286.45,276.7048006201562
285.95,276.2515424033225
284.84999999999997,275.5890495397277
284.84999999999997,275.5890495397277
283.15,274.793872381746
284.25,275.3553361883677
283.75,275.0485497736191
284.25,275.22761493390294
283.75,274.92637514258627
283.75,274.80197900347025
282.54999999999995,274.312102841614
284.25,274.96501353555925
283.75,274.67554561745754
282.04999999999995,273.9018184730009
280.95,273.32976781584
277.54999999999995,271.6212551590368
280.34999999999997,273.4506018860832
283.75,274.80197900347025
282.54999999999995,274.09263636301523
285.34999999999997,275.45358955661993
285.95,275.6357772627044
288.15,276.6638472556349
288.15,276.85153713057554
288.75,276.9869713712984
288.75,276.9869713712984
288.15,276.6638472556349
285.34999999999997,275.45358955661993
284.84999999999997,275.3123053762476
283.75,274.80197900347025
282.54999999999995,274.20321777495076
273.75,269.3783257408602
270.95,268.01843463626983
269.84999999999997,267.61608234834125
268.15,266.6196702210017
267.54999999999995,266.7676419059028
267.54999999999995,267.10012723722195
267.54999999999995,267.10012723722195
268.15,267.36006724343883
268.15,267.36006724343883
268.15,267.63007514211426
268.15,267.36006724343883
268.75,267.88533742223194
268.75,267.88533742223194
268.75,267.62373957758854
271.45,269.33472224140814
274.25,271.2371386485755
274.84999999999997,271.5890062652964
276.45,272.4270902068859
278.75,273.75924111969886
279.84999999999997,274.2845092267432
280.34999999999997,274.60140578234854
278.75,273.75924111969886
277.04999999999995,272.684150548444
273.75,270.5506576312099
273.15,270.1868500341362
271.45,269.15516581134557
271.45,268.92655110369327
270.34999999999997,268.30327938070127
269.84999999999997,267.8344393240259
268.15,266.6196702210017
267.54999999999995,266.27359068250485
267.04999999999995,265.7896186235429
267.04999999999995,265.7896186235429
266.45,265.20885069999093
266.45,265.20885069999093
267.54999999999995,265.67775467095623
271.45,268.3665856201402
275.95,271.481967270332
279.84999999999997,273.99247078495563
283.75,276.26574250547196
285.95,277.2162415859063
287.54999999999995,277.8502840602824
288.75,278.11503505102314
288.75,277.7549389013669
288.15,277.7471961118848
284.25,275.72403608553486
281.45,274.2789350941824
276.45,271.4530859603957
277.04999999999995,272.02640674310095
275.34999999999997,271.0981178489257
274.84999999999997,270.6364340963147
274.25,270.240162501552
274.25,270.240162501552
274.25,270.14535304279207
273.75,269.73611148519853
273.75,269.6499008113412
272.54999999999995,268.6446789496291
273.15,269.01705752047843
272.54999999999995,268.61042797946146
272.54999999999995,268.4846410176185
274.25,269.61654503808745
277.54999999999995,271.7311000634332
281.45,274.0106699109142
285.34999999999997,275.89020367926275
287.54999999999995,276.8743243293656
289.25,277.2561937681515
289.25,277.0552643544025
289.25,277.0552643544025
288.15,276.6638472556349
284.25,275.22761493390294
279.84999999999997,272.9635208585533
277.54999999999995,271.7311000634332
276.45,271.0566478136432
276.45,271.0566478136432
274.25,269.8412478736214
272.04999999999995,268.4559212300569
273.15,269.16496600221575
273.15,269.08894490745706
270.34999999999997,267.20729082407485
272.04999999999995,268.2431963256548
272.54999999999995,268.54525831744115
272.54999999999995,268.4846410176185
271.45,267.7614040215996
273.15,268.94941235159143
274.25,269.72463733407767
278.15,272.27007142294394
282.54999999999995,274.9302756899745
285.95,276.5416049164225
288.15,277.5760721003967
289.25,277.45910345441115
289.84999999999997,277.9993053564689
289.84999999999997,277.9993053564689
289.25,278.05005884882314
285.95,276.2515424033225
282.04999999999995,274.4032660811433
279.84999999999997,273.33666304764546
277.54999999999995,272.3571862478724
277.04999999999995,272.0833782034692
275.34999999999997,270.8928153217746
275.95,271.2185782838648
275.95,271.0688985256099
275.34999999999997,270.56308475375516
275.95,270.7880446709458
276.45,271.0095888317226
277.04999999999995,271.280394069771
277.54999999999995,271.6760837036629
278.75,272.3741442806132
278.75,272.3741442806132
277.04999999999995,271.536995426083
280.34999999999997,273.4506018860832
282.04999999999995,274.78029883575647
286.45,277.41804272638046
287.54999999999995,278.1475175436462
288.75,278.9432274083141
288.15,278.54538247843595
287.54999999999995,278.43325745131574
286.45,278.0675590798046
285.34999999999997,277.2914731032444
282.04999999999995,275.58196894269355
279.25,273.8128580682412
279.25,273.95316387007836
277.54999999999995,272.84618978112013
275.34999999999997,271.60306642437104
274.25,270.87755366290077
274.25,270.5981742632787
273.75,270.2735121260149
272.04999999999995,269.0414325288816
272.04999999999995,269.0414325288816
272.04999999999995,269.0414325288816
274.25,270.14535304279207
269.84999999999997,267.3143455202174
269.84999999999997,267.4612203362095
270.95,268.3106604629142
276.45,272.1814928678719
278.75,273.6223740213136
279.25,273.95316387007836
282.04999999999995,275.58196894269355
283.15,275.6395365299024
284.25,276.4070021363844
284.84999999999997,276.82559121719584
282.54999999999995,275.68722556473824
280.95,274.7508800421265
278.75,273.28643828677633
277.04999999999995,272.3168482489027
278.15,273.14070945791303
279.25,273.8128580682412
278.15,273.5378592049419
277.54999999999995,273.3011921415882
276.45,273.36268571085725
275.34999999999997,272.91935206874246
273.75,272.0538108127867
272.04999999999995,271.2108053640622
269.25,268.4461774397845
268.15,267.03846649153763
267.54999999999995,266.5145929022499
266.45,265.4388992733316
265.34999999999997,264.36320097120097
265.34999999999997,264.36320097120097
265.95,264.67068398534377
265.95,264.46253119123844
267.54999999999995,265.67775467095623
268.75,266.2747126966933
267.04999999999995,265.3568300413729
267.54999999999995,265.67775467095623
267.54999999999995,265.83003099039763
268.15,266.6196702210017
268.15,267.03846649153763
268.75,267.88533742223194
269.25,268.4461774397845
269.25,268.1114661360542
269.84999999999997,268.4356334575254
270.15,269.2644000084937
270.45,269.4196417988976
269.65,268.7718783546295
269.95,268.6618228834056
271.34999999999997,269.9517445328813
271.65,270.17328080095695
273.04999999999995,271.1031845994414
273.34999999999997,271.59837883794137
274.75,272.643973354023
275.04999999999995,272.85477601628935
276.45,273.65070500432455
277.34999999999997,273.81764406998536
278.15,274.16537294715835
278.45,274.4270467188961
277.95,274.06225332037206
277.84999999999997,274.04606554367444
277.25,273.5179893187054
276.65,272.9899096074254
274.95,271.93353285046516
273.25,270.76266487429706
272.15,269.92839664485007
272.04999999999995,270.0887758835245
271.54999999999995,269.80909926298386
270.45,269.35049142380495
267.54999999999995,267.10012723722195
267.54999999999995,267.10012723722195
267.04999999999995,266.5340275159952
268.15,267.36006724343883
267.04999999999995,266.27395324280326
267.54999999999995,265.83003099039763
267.54999999999995,265.67775467095623
265.95,263.9665128305776
263.15,261.4812563053155
263.75,262.04028738545907
263.75,262.4992199261401
267.54999999999995,265.83003099039763
269.84999999999997,267.1758076957242
270.95,267.92843537903616
270.34999999999997,267.76721739153777
271.45,268.27647806370504
271.45,268.60805504703563
270.95,268.01843463626983
270.34999999999997,268.30327938070127
268.75,267.88533742223194
269.15,267.8854451795915
268.15,267.03846649153763
268.15,267.36006724343883
267.04999999999995,266.5340275159952
263.75,262.96006060324515
265.34999999999997,264.59540559012976
262.54999999999995,261.83071668832383
261.45,260.5493208305195
257.54999999999995,256.6983869182317
259.25,258.202516775359
259.84999999999997,258.7442998808705
260.34999999999997,259.26447214384024
258.15,257.10751011672573
263.15,261.62674744816076
264.25,262.3985111328901
265.95,263.74826393416953
267.54999999999995,265.3547687135219
269.25,266.40189154106133
270.34999999999997,267.76721739153777
270.95,267.92843537903616
270.34999999999997,267.76721739153777
270.95,268.1604807817799
269.25,267.06079458529683
265.95,264.46253119123844
263.15,261.96759909307565
263.75,262.36204750724454
262.54999999999995,261.38836131301565
262.04999999999995,260.90566165456914
262.04999999999995,260.7389260826497
262.04999999999995,260.58881567335885
262.04999999999995,260.58881567335885
263.75,261.9373286696105
262.54999999999995,261.0606040185817
263.15,261.3839062558074
261.45,259.8973164767104
262.54999999999995,260.7252216419939
262.04999999999995,260.3427082376361
260.95,259.3316056784795
265.34999999999997,263.1195714300202
267.04999999999995,264.4060573806452
268.75,265.6839049031491
270.95,267.6086421197725
273.15,269.60334228905475
274.84999999999997,270.5872713161762
275.34999999999997,270.6534105272626
274.84999999999997,270.5872713161762
271.45,268.3665856201402
268.75,266.07352689742436
268.75,265.80914952092934
265.34999999999997,263.5724064762206
268.75,265.86817629717393
267.54999999999995,265.1168995315069
268.15,265.5430856567641
268.15,265.5430856567641
267.54999999999995,264.9188459691299
267.54999999999995,264.86241595716467
267.04999999999995,264.4060573806452
267.04999999999995,264.3616368168167
264.84999999999997,262.60343633209703
264.25,262.1388208463933
264.84999999999997,262.5453509708027
265.34999999999997,262.97955862854667
268.75,265.64326742856014
270.95,267.35989898269213
274.84999999999997,270.1012237305548
275.95,270.97257179220617
278.15,272.4514731448998
278.15,272.4514731448998
278.15,272.3907893366036
277.54999999999995,272.0101523041567
274.84999999999997,270.3095239549324
272.54999999999995,268.61042797946146
268.75,266.2747126966933
265.34999999999997,263.74793518043697
268.15,265.2982710768776
267.84999999999997,264.95635077327603
267.45,264.75009121879015
267.04999999999995,264.4826460261885
266.65,264.0026609008708
266.25,263.5851479334099
265.84999999999997,263.28312756353756
265.34999999999997,262.9053053964917
265.95,263.3951017672128
265.34999999999997,262.93724460599975
265.95,263.42843936464516
266.45,263.7890284116119
268.15,265.07880641112655
269.25,265.9039449660284
270.95,267.1285780907442
272.54999999999995,268.1883565322896
274.25,269.3191518800157
269.84999999999997,266.7457377108964
269.84999999999997,266.6819004313249
269.25,266.2348749123857
268.75,265.7551276727293
266.45,263.8507317099308
265.95,263.45994452341614
265.34999999999997,262.94387011476016
264.25,261.9867241082616
263.15,261.0689988817884
263.15,261.0452009492459
263.75,261.53951182185364
263.15,261.03942476519035
263.75,261.544212748219
261.45,259.58998921800253
261.45,259.60275251429493
259.84999999999997,258.2007393102368
260.95,259.1577754799336
259.84999999999997,258.2007393102368
262.54999999999995,260.55553880104975
267.54999999999995,264.6122490392826
271.45,267.536718851678
274.25,269.6516196220715
278.15,272.14999230760617
280.95,273.1463080191532
278.75,272.8278420985929
275.95,272.1215392427079
273.75,270.3820332230261
270.34999999999997,267.76721739153777
267.04999999999995,265.3568300413729
264.84999999999997,263.2308058386868
265.95,264.26871501333477
264.25,262.83943269434747
264.25,262.83943269434747
263.75,262.4992199261401
263.15,261.4812563053155
262.54999999999995,261.38836131301565
263.15,261.96759909307565
263.15,261.3839062558074
262.54999999999995,260.95513350736195
262.04999999999995,260.58881567335885
260.95,259.5192506527196
260.95,259.43144638381864
261.45,259.8973164767104
265.95,263.5229888815065
269.84999999999997,266.4386896747056
275.34999999999997,270.3508659171302
277.04999999999995,271.8587393804523
278.15,273.01190408424
277.04999999999995,272.3168482489027
275.34999999999997,271.20526141663095
274.25,270.87755366290077
273.15,270.1868500341362
272.54999999999995,268.91405074012016
269.25,266.2348749123857
269.25,266.17639202463164
269.84999999999997,266.4975914481161
268.15,265.3521416459386
267.04999999999995,264.5400554217894
265.95,263.74826393416953
264.84999999999997,262.75570377684903
264.25,262.1388208463933
262.54999999999995,260.6802960360002
262.54999999999995,260.7252216419939
260.34999999999997,258.98471998316114
261.45,259.72504203582366
259.25,258.0340644202185
263.15,261.2972054860132
267.54999999999995,264.86241595716467
270.34999999999997,267.20729082407485
273.15,269.41675464227853
274.84999999999997,271.1141436852048
275.95,271.705116247906
277.54999999999995,272.53681713362835
277.54999999999995,273.1685536333476
278.15,273.27126888083296
277.04999999999995,272.5594210439907
275.34999999999997,271.60306642437104
271.45,269.584468845139
269.84999999999997,268.24733836763403
268.75,267.3737313721354
269.25,266.77089600758404
267.54999999999995,265.3547687135219
266.45,264.4694142630051
265.34999999999997,264.09145481041946
265.95,264.46253119123844
266.45,264.4694142630051
265.95,264.1332423117676
264.84999999999997,263.4122929221046
264.25,262.83943269434747
265.34999999999997,263.74793518043697
267.54999999999995,265.4874641553155
272.54999999999995,269.0899147262137
274.84999999999997,270.5872713161762
277.54999999999995,272.3571862478724
280.34999999999997,273.6856353607059
281.45,274.1011071386632
280.34999999999997,273.60781701855734
280.34999999999997,273.60781701855734
279.84999999999997,273.4100883941196
278.75,272.6335691478789
276.45,271.25023609720427
275.95,270.92543442598316
273.75,269.41416368065273
272.04999999999995,268.3097063321722
273.15,268.85613306399557
272.54999999999995,268.40254011319996
271.45,267.59005853219287
270.34999999999997,266.7970052295281
268.75,265.64326742856014
269.25,265.9500196066001
268.75,265.5794405661816
269.25,265.93820616154795
269.84999999999997,266.4386896747056
269.84999999999997,266.4386896747056
272.04999999999995,267.98245983781317
273.15,268.9172142436562
275.95,270.6564776907028
276.45,271.3504570226246
282.04999999999995,274.59402702518526
282.54999999999995,274.6282910925099
282.04999999999995,274.78029883575647
281.45,274.1904981947519
280.95,274.43018320968355
278.75,273.28643828677633
275.95,271.5921721041251
275.34999999999997,271.3153406894979
274.25,270.4918378183537
273.75,270.1167637361756
272.04999999999995,269.0414325288816
270.95,268.63410306461077
270.34999999999997,268.13371865333335
269.84999999999997,268.00673657958356
268.15,266.8543557321183
267.04999999999995,265.96546229391254
267.04999999999995,266.5340275159952
267.04999999999995,266.5340275159952
266.45,266.0016663637863
266.45,266.0016663637863
266.45,266.0016663637863
267.04999999999995,266.27395324280326
267.04999999999995,265.96546229391254
266.45,265.4388992733316
268.15,266.8543557321183
269.25,267.4389032208222
270.34999999999997,268.30327938070127
270.34999999999997,268.540344571917
269.84999999999997,268.00673657958356
269.25,267.672868825331
269.25,267.91908774180956
268.15,267.03846649153763
268.15,266.8543557321183
268.75,267.62373957758854
269.25,267.91908774180956
279.25,274.38158739496555
277.54999999999995,273.5041112408074
273.75,271.0964018659663
273.15,270.54495798185474
269.25,267.91908774180956
272.04999999999995,270.15398867299
273.75,271.29089375212595
264.84999999999997,263.60876248721434
260.95,259.84371742702245
260.34999999999997,259.4297809954455
260.34999999999997,258.98471998316114
260.34999999999997,258.8723988502601
260.34999999999997,258.801214860218
262.54999999999995,260.7252216419939
262.54999999999995,260.7252216419939
261.45,259.8973164767104
262.04999999999995,260.21041588999316
261.45,259.72504203582366
260.34999999999997,258.8723988502601
258.75,257.3815862903743
258.15,256.88528463867533
258.75,257.3815862903743
258.75,257.3815862903743
258.15,256.88528463867533
257.54999999999995,256.32085327751383
257.54999999999995,256.4423308141716
258.15,256.88528463867533
257.54999999999995,256.4423308141716
257.54999999999995,256.5298148914133
258.15,256.9867938154822
257.54999999999995,256.4423308141716
257.54999999999995,256.6983869182317
259.84999999999997,258.7442998808705
260.95,259.65255476966644
266.45,264.30871341896875
271.45,268.27647806370504
270.95,268.3106604629142
270.34999999999997,267.91913846392197
273.15,270.0179935419339
275.95,271.99926015147526
275.34999999999997,271.60306642437104
277.04999999999995,273.00598833793066
272.54999999999995,269.8171022116972
270.95,269.04775936719597
271.45,269.33472224140814
273.15,270.3032570083182
273.75,270.5506576312099
278.15,273.01190408424
277.04999999999995,272.3168482489027
279.84999999999997,273.84707753408895
278.15,272.6970304228913
277.04999999999995,272.0833782034692
277.04999999999995,272.0833782034692
277.04999999999995,272.0833782034692
275.34999999999997,271.0981178489257
275.34999999999997,270.8928153217746
273.75,269.825990911351
272.04999999999995,268.8923613075386
274.25,270.4918378183537
278.15,273.01190408424
279.84999999999997,274.06528202335863
280.95,274.8306384957323
279.84999999999997,274.4315540200947
280.34999999999997,274.7538035838785
280.95,275.22884545212736
279.84999999999997,274.7284500109187
277.04999999999995,273.48024579280377
274.25,271.6216999202361
273.75,271.29089375212595
273.75,271.0964018659663
272.54999999999995,270.6285872192476
272.54999999999995,270.43074163671577
271.45,269.584468845139
272.04999999999995,269.65211528793355
270.34999999999997,268.7260617170487
269.25,268.4461774397845
268.75,267.88533742223194
268.75,267.88533742223194
269.25,267.91908774180956
268.15,267.36006724343883
267.54999999999995,267.10012723722195
269.25,268.1114661360542
272.04999999999995,270.15398867299
275.95,272.63611163540537
278.75,274.5410203351143
281.45,276.12066625092604
280.34999999999997,275.8436415267173
278.15,274.3101023814642
274.84999999999997,271.77847760853933
273.75,272.57751433482804
270.95,270.41999985042855
269.25,268.79774218646395
268.75,267.88533742223194
268.15,267.36006724343883
267.54999999999995,266.7676419059028
267.54999999999995,266.7676419059028
267.54999999999995,266.5145929022499
267.04999999999995,265.96546229391254
267.04999999999995,265.96546229391254
267.54999999999995,265.4874641553155
266.45,264.600603387742
264.84999999999997,263.8194394660015
263.15,262.4231524598729
263.15,262.4231524598729
262.04999999999995,261.0881075873043
263.15,262.4231524598729
265.95,264.8924533525432
269.25,266.63870743769604
270.95,267.4747744642645
271.45,267.65572468189225
271.45,267.63250446851697
272.54999999999995,268.33142548410046
273.75,269.2145187307852
273.15,268.94941235159143
273.15,269.01705752047843
270.34999999999997,267.0394904848852
269.84999999999997,266.7457377108964
267.54999999999995,265.1168995315069
266.45,264.04013869405367
263.75,261.9373286696105
264.25,262.1388208463933
264.25,262.1388208463933
266.45,263.80269424601795
265.95,263.3836793251313
265.95,263.3565720609599
266.45,263.7782708620437
265.95,263.3836793251313
265.95,263.3836793251313
266.45,263.76023812500245
269.25,265.9500196066001
272.04999999999995,268.0475151125071
275.34999999999997,270.3508659171302
278.75,272.76302390642365
281.45,274.2789350941824
283.15,275.22910802585864
284.25,275.72403608553486
285.95,276.10173024559185
285.95,276.81949031268203
283.75,275.8456117091183
280.95,274.43018320968355
279.25,273.12358061037105
278.15,272.6351691453804
276.45,271.3504570226246
276.45,271.25023609720427
275.95,270.97257179220617
277.04999999999995,271.4849447739391
277.04999999999995,271.4849447739391
275.95,270.92543442598316
277.04999999999995,271.4849447739391
276.45,271.0566478136432
274.25,269.8412478736214
274.25,269.7625694236552
273.75,269.48883995297996
274.25,269.8412478736214
275.34999999999997,270.6997419168212
277.54999999999995,272.0101523041567
280.95,273.8541972974818
284.84999999999997,275.3123053762476
281.45,275.1286530439374
282.04999999999995,275.4074253242264
283.15,276.03227301396316
282.54999999999995,275.59536168156967
280.95,274.9899401988446
277.04999999999995,272.5594210439907
275.34999999999997,271.72303793608916
274.84999999999997,271.40564844939814
273.75,270.3820332230261
273.75,270.0164034163133
272.54999999999995,269.3305039936152
272.54999999999995,269.3305039936152
271.45,268.50875710028345
270.95,268.1604807817799
268.75,267.19414291035963
268.15,267.03846649153763
267.54999999999995,266.5145929022499
268.75,266.9657072276302
268.15,266.3978701582254
271.45,268.3665856201402
274.84999999999997,270.39878335467034
278.75,272.76302390642365
282.04999999999995,274.96285954980624
283.75,276.26574250547196
284.84999999999997,276.93868873594425
285.95,276.81949031268203
287.04999999999995,277.5281819765166
287.04999999999995,278.74651957756424
284.25,276.8332376324012
280.95,275.1491775534693
279.25,274.0946554558682
277.54999999999995,272.783288747129
275.34999999999997,271.60306642437104
275.34999999999997,271.60306642437104
274.84999999999997,271.2868972684285
275.34999999999997,271.20526141663095
273.75,270.5506576312099
275.95,271.37452561671176
279.25,272.986544549905
278.75,272.56884805419
278.15,272.27007142294394
279.25,272.7105711741157
278.15,272.2099704125781
279.84999999999997,273.03916980111126
280.34999999999997,273.4506018860832
283.15,275.22910802585864
284.25,275.9588475966996
287.54999999999995,277.53992494071144
289.84999999999997,278.4041698222557
290.34999999999997,278.2819881345624
291.45,278.4403242009942
288.15,279.5392961513865
284.25,277.54493204637055
282.04999999999995,276.3571682584152
278.75,274.68871958276577
277.54999999999995,273.6420226231613
277.54999999999995,273.6420226231613
277.54999999999995,273.7820278603785
277.04999999999995,273.341963140906
275.34999999999997,272.49821316168203
277.54999999999995,272.84618978112013
274.84999999999997,271.5890062652964
272.54999999999995,270.6285872192476
273.75,271.29089375212595
273.75,271.5594691762409
275.34999999999997,271.72303793608916
274.25,271.6216999202361
276.45,272.81388224366583
282.54999999999995,275.40968451672853
283.15,275.6395365299024
284.25,276.4070021363844
286.45,278.0675590798046
288.15,278.841761568097
289.25,279.5906428280364
289.84999999999997,280.3131859981834
288.75,279.8319744585066
288.15,279.67266567290164
285.95,278.52824740701607
277.54999999999995,274.89726799448033
274.84999999999997,273.18588486593234
283.15,277.2459720825165
282.04999999999995,276.614651912042
283.15,277.1543365930753
283.75,277.4455996454875
282.54999999999995,276.76117263524594
282.04999999999995,276.52878130658206
280.34999999999997,275.68476654334427
282.54999999999995,276.9379362659816
281.45,276.2868224324132
278.75,274.5410203351143
276.45,273.1525612354828
281.45,276.45361455024454
285.95,278.52824740701607
287.04999999999995,278.74651957756424
287.04999999999995,278.99567843191943
287.54999999999995,278.97616533464867
287.04999999999995,278.36026428422207
287.54999999999995,278.84359449315434
287.54999999999995,278.43325745131574
284.84999999999997,277.3783002921116
282.04999999999995,276.013815027258
282.04999999999995,275.84163621184894
280.34999999999997,275.0604641145865
277.54999999999995,273.7820278603785
277.04999999999995,274.12930135960585
276.45,273.7980127924419
276.45,273.57787010736376
275.95,273.04769027459747
276.45,272.94760105422125
275.95,273.04769027459747
275.95,272.83923073335
274.84999999999997,272.17506786079616
274.25,271.6216999202361
272.54999999999995,270.6285872192476
270.95,269.56457312064947
273.75,270.5506576312099
275.34999999999997,270.9939552740455
277.54999999999995,272.41658143075637
279.84999999999997,273.84707753408895
280.34999999999997,274.0694706436941
279.84999999999997,273.4100883941196
277.54999999999995,272.41658143075637
277.54999999999995,272.783288747129
278.75,272.89277204814937
277.54999999999995,272.3571862478724
275.34999999999997,272.49821316168203
273.75,271.0964018659663
273.15,271.19810393757734
272.04999999999995,270.35371278483075
272.04999999999995,270.35371278483075
271.45,270.6183869818455
272.04999999999995,271.2108053640622
272.04999999999995,270.9151128795183
271.45,270.6183869818455
272.04999999999995,270.9151128795183
271.45,270.32838080472084
270.95,269.56457312064947
269.25,268.1114661360542
269.84999999999997,268.24733836763403
270.95,268.3106604629142
273.15,269.2044927888912
276.45,271.7205512215158
277.54999999999995,271.9537124474512
278.75,272.43918557563836
279.25,272.6408592539175
279.84999999999997,273.262922443552
279.84999999999997,273.18880389082386
279.25,272.986544549905
278.75,273.4198075412782
276.45,272.1814928678719
275.95,271.99926015147526
275.34999999999997,271.3153406894979
274.84999999999997,271.40564844939814
274.25,270.87755366290077
274.25,270.4918378183537
273.75,270.5506576312099
273.15,270.1868500341362
272.04999999999995,269.5339709755836
271.45,269.33472224140814
270.34999999999997,268.540344571917
268.75,267.3737313721354
268.15,267.03846649153763
268.75,267.3737313721354
270.95,269.56457312064947
269.84999999999997,269.03859963096943
270.95,269.8394365241335
272.04999999999995,270.35371278483075
273.15,270.73375048737756
273.75,270.9080632884035
273.75,271.0964018659663
273.15,270.73375048737756
273.15,270.73375048737756
272.54999999999995,270.43074163671577
270.95,270.41999985042855
270.34999999999997,269.53228397415273
269.84999999999997,269.32396044179114
270.95,270.41999985042855
269.84999999999997,269.03859963096943
268.75,267.88533742223194
268.15,267.36006724343883
267.54999999999995,266.5145929022499
265.34999999999997,264.59540559012976
265.95,265.18783528809473
266.45,265.68152576756506
266.45,265.68152576756506
265.95,265.4379764458482
266.45,265.68152576756506
266.45,265.68152576756506
267.04999999999995,266.27395324280326
268.15,267.03846649153763
269.25,267.672868825331
269.25,267.21779186166043
269.25,267.21779186166043
269.84999999999997,267.61608234834125
269.84999999999997,267.61608234834125
269.25,267.06079458529683
269.84999999999997,267.0459890316002
268.75,267.19414291035963
268.75,267.3737313721354
268.15,266.8543557321183
267.54999999999995,266.27359068250485
267.54999999999995,266.5145929022499
267.54999999999995,266.27359068250485
266.45,265.4388992733316
265.34999999999997,264.59540559012976
264.25,263.2341570042438
264.25,263.2341570042438
263.15,261.78918323604967
262.04999999999995,260.90566165456914
260.95,260.0150743643053
261.45,260.16605516410635
268.75,265.64326742856014
270.95,267.41487878513817
272.04999999999995,268.1520788623806
274.25,269.5171098542033
274.84999999999997,269.95000784230297
275.95,270.57182438210754
277.04999999999995,271.38199348673993
278.75,272.17757775717024
279.25,272.6408592539175
276.45,271.0095888317226
276.45,271.0095888317226
274.25,269.8412478736214
273.15,269.01705752047843
274.25,269.6516196220715
273.15,269.01705752047843
273.75,269.48883995297996
277.04999999999995,271.69573050621585
274.84999999999997,270.39878335467034
274.25,269.9661895519147
277.04999999999995,271.8587393804523
275.34999999999997,270.9939552740455
277.54999999999995,272.65903584673475
275.34999999999997,271.20526141663095
277.04999999999995,272.3168482489027
277.04999999999995,272.3168482489027
280.34999999999997,274.37346146958936
283.15,275.93540870941143
283.75,276.469168933774
284.84999999999997,277.16083946770664
284.84999999999997,277.16083946770664
285.34999999999997,277.6341548873232
284.84999999999997,277.16083946770664
285.34999999999997,277.6341548873232
285.34999999999997,277.40704624538006
284.25,276.8332376324012
283.75,276.7680450649096
269.25,267.4389032208222
265.34999999999997,263.5724064762206
263.75,262.04028738545907
263.15,261.4812563053155
263.75,261.9373286696105
263.15,261.4812563053155
263.15,261.4812563053155
263.15,261.3839062558074
262.54999999999995,260.83047995613026
262.04999999999995,260.3427082376361
262.04999999999995,260.4563572648235
262.54999999999995,260.83047995613026
263.15,261.3839062558074
264.25,262.2143004272486
265.95,263.6545181541955
267.54999999999995,265.01263899174853
268.75,265.96570696706
270.95,267.68229881635995
272.04999999999995,268.6620535864075
273.75,269.9194506495988
274.84999999999997,270.7887101629091
273.75,269.9194506495988
270.95,267.8007750301742
269.25,266.40189154106133
268.75,266.2747126966933
268.15,265.73333855479865
267.04999999999995,265.1614342011599
266.45,264.600603387742
266.45,264.600603387742
266.45,264.78898688249666
267.04999999999995,265.1614342011599
266.45,264.78898688249666
266.45,264.9919878083367
265.95,264.67068398534377
265.95,264.67068398534377
266.45,265.20885069999093
269.84999999999997,267.4612203362095
273.75,270.3820332230261
279.25,274.52717771314815
282.54999999999995,276.76117263524594
287.04999999999995,279.59577575795714
288.75,279.9717036114696
288.75,279.9717036114696
287.54999999999995,279.97979116159297
288.75,280.77299235144284
287.54999999999995,279.2358627683442
280.95,276.77440763528364
276.45,274.0230156522067
275.34999999999997,272.91935206874246
274.25,272.0297701658054
274.25,272.0297701658054
274.25,272.0297701658054
273.15,271.40689220407194
274.25,272.0297701658054
273.75,272.0538108127867
273.15,271.69400861817536
273.15,271.69400861817536
273.15,271.69400861817536
273.75,271.5594691762409
274.84999999999997,271.9738868076358
276.45,273.1525612354828
278.15,274.3101023814642
280.95,276.1955198557338
284.25,277.04022742370927
286.45,278.1916290930151
288.15,279.5392961513865
288.75,278.9432274083141
288.15,278.841761568097
286.45,278.4350287522328
285.34999999999997,278.3965365465588
284.25,277.93950585559236
282.54999999999995,277.29158504088986
281.45,276.87400920196995
280.34999999999997,276.24634785291715
279.84999999999997,276.12695327607935
278.75,275.7719078258941
277.54999999999995,274.6651969311674
276.45,274.25278452092437
277.04999999999995,274.8999242890519
277.04999999999995,274.8999242890519
275.34999999999997,273.9817251132267
274.25,273.46348031835635
274.25,273.46348031835635
274.84999999999997,273.7329493828986
276.45,274.5664018025041
278.75,275.7719078258941
282.04999999999995,277.3924413296881
283.15,277.7941892607376
281.45,277.30020227000404
281.45,277.30020227000404
281.45,277.30020227000404
278.15,275.45624161111004
273.75,272.8893187979389
273.75,272.57751433482804
273.75,272.8893187979389
273.75,273.29139413526093
273.75,273.29139413526093
273.75,273.62261142595315
274.84999999999997,274.3898353041813
275.95,275.48827387835047
277.04999999999995,276.5867099434693
278.15,274.83174067195546
279.25,273.95316387007836
280.34999999999997,274.2975402022064
281.45,275.04549287555545
278.75,273.4198075412782
277.54999999999995,272.84618978112013
277.54999999999995,273.1685536333476
279.25,273.95316387007836
280.34999999999997,274.52536391263277
284.25,277.1424893269714
285.95,277.46934538534
288.15,278.6949955884655
287.54999999999995,278.0004381101544
287.54999999999995,278.1475175436462
287.54999999999995,278.1475175436462
286.45,277.6842866754635
285.34999999999997,277.2914731032444
284.84999999999997,277.16083946770664
275.95,272.5037279355776
272.54999999999995,269.8171022116972
271.45,268.92655110369327
270.34999999999997,268.30327938070127
269.25,267.4389032208222
269.25,267.4389032208222
268.75,266.9657072276302
268.15,266.6196702210017
268.15,266.6196702210017
268.15,266.6196702210017
268.15,266.6196702210017
268.15,266.6196702210017
268.15,266.6196702210017
267.54999999999995,266.27359068250485
269.25,267.4389032208222
271.45,269.15516581134557
274.25,271.2371386485755
274.84999999999997,271.40564844939814
278.15,273.81196668929556
279.84999999999997,274.87852718770796
279.84999999999997,274.87852718770796
279.25,274.38158739496555
278.15,273.67396179616316
275.95,272.3097916734391
274.25,271.2371386485755
274.25,271.05412472142035
273.75,270.72607728743213
274.84999999999997,271.40564844939814
275.34999999999997,271.72303793608916
276.45,272.1814928678719
279.25,273.67361159822116
273.75,270.2735121260149
274.25,270.38870251902847
273.15,269.60334228905475
279.25,273.39764358292445
278.75,273.08856374931617
275.34999999999997,271.0981178489257
282.04999999999995,275.05297137127184
283.75,275.8456117091183
285.95,276.81949031268203
286.45,276.9991635121374
287.54999999999995,277.53992494071144
288.75,278.11503505102314
289.25,278.2381445716833
289.84999999999997,278.4041698222557
290.34999999999997,279.095793686811
289.25,278.05005884882314
288.15,277.40075984971065
287.04999999999995,277.22797576598583
287.04999999999995,277.072738138366
284.84999999999997,276.82559121719584
283.75,276.56955030864253
284.25,276.8332376324012
284.25,277.04022742370927
284.25,277.04022742370927
283.15,276.2238484132064
284.25,276.6224124145135
283.15,275.93540870941143
282.04999999999995,275.23125655819314
280.34999999999997,274.52536391263277
283.75,276.3679280934764
285.95,277.7147992748425
287.04999999999995,278.0928239014686
289.25,278.94530323500464
289.84999999999997,278.97462703206793
290.95,279.66065430421014
292.04999999999995,280.1376465740571
292.54999999999995,280.6583799276684
291.45,280.73330860050993
292.04999999999995,280.9420408761305
291.45,280.54988587814915
290.34999999999997,280.17350270019483
289.84999999999997,279.9991015525705
288.15,279.4040759589192
288.15,279.5392961513865
287.54999999999995,279.3632437966238
287.04999999999995,279.1181079028553
287.04999999999995,279.1181079028553
286.45,279.6933445645151
285.95,279.40175968194376
285.34999999999997,279.2291350310133
284.84999999999997,278.9198491394311
284.25,278.6191552103008
284.84999999999997,278.9198491394311
285.34999999999997,279.4335597446397
283.75,279.144182529857
282.04999999999995,276.87274478286287
279.25,276.9881037313532
280.95,279.5240405180496
280.95,278.3316939926438
280.34999999999997,278.3904276490733
277.04999999999995,275.9751238742682
273.75,273.29139413526093
274.84999999999997,274.3898353041813
275.34999999999997,274.5521002959123
275.34999999999997,274.5521002959123
275.34999999999997,274.30458314747847
274.84999999999997,274.0572733983778
274.84999999999997,274.0572733983778
274.84999999999997,274.0572733983778
274.84999999999997,274.0572733983778
274.84999999999997,272.6660760148326
274.84999999999997,272.6660760148326
274.84999999999997,272.17506786079616
274.25,271.4263935090424
273.75,270.3820332230261
273.15,270.3032570083182
272.04999999999995,268.8923613075386
272.04999999999995,269.8973244820792
272.04999999999995,269.3069640916206
272.04999999999995,268.7513758772304
270.34999999999997,268.9838148623768
272.54999999999995,269.64761944902517
274.84999999999997,271.1141436852048
275.95,271.5921721041251
277.04999999999995,271.91409594044507
278.15,272.0302433469591
278.15,272.51241361291477
275.95,271.5921721041251
274.25,270.38870251902847
273.75,270.5506576312099
273.15,270.3032570083182
272.54999999999995,269.99351159430324
272.54999999999995,269.3305039936152
272.54999999999995,269.3305039936152
271.45,269.15516581134557
271.45,269.584468845139
270.34999999999997,268.7260617170487
269.84999999999997,268.76375620067176
270.34999999999997,269.25270230408546
269.25,267.91908774180956
268.75,267.62373957758854
268.75,267.88533742223194
269.25,268.4461774397845
270.95,269.04775936719597
273.75,270.2735121260149
275.34999999999997,270.56308475375516
275.34999999999997,270.43343445984783
277.04999999999995,271.4332861460948
278.15,271.85050123958246
278.15,271.73014351243484
278.15,271.66974246030935
277.04999999999995,271.13003058484594
275.95,270.48946966225924
274.25,269.5171098542033
274.25,269.4859043168445
274.25,269.4859043168445
273.75,269.12883731512323
272.04999999999995,268.3097063321722
272.04999999999995,268.3097063321722
272.54999999999995,268.54525831744115
274.25,269.5171098542033
273.75,269.1848933899605
273.15,268.82727579763224
273.15,268.7729903562374
273.75,269.1848933899605
274.25,269.5171098542033
275.95,270.6138555416412
277.04999999999995,271.23002924584375
278.15,271.91048714332965
279.25,272.57074499408986
279.84999999999997,272.88723236021747
280.95,273.41987218183675
280.95,273.32976781584
280.34999999999997,272.96125255709643
280.34999999999997,272.96125255709643
278.75,272.17757775717024
276.45,271.1523372420669
275.95,270.69970680815436
275.34999999999997,270.3917663785382
274.84999999999997,270.06213255406504
273.15,269.01705752047843
271.45,267.8216238989795
268.75,266.15086660549343
270.34999999999997,266.98063873234776
269.84999999999997,266.56884985832914
269.25,266.17639202463164
268.75,265.7551276727293
269.25,265.9782966351582
269.84999999999997,266.4066524001777
269.84999999999997,266.4066524001777
272.54999999999995,268.2717357958199
277.04999999999995,270.9816159341805
280.34999999999997,272.7912468144262
283.75,274.418934635834
286.45,275.58762001487815
288.15,276.6638472556349
287.54999999999995,276.34065575037556
288.15,276.6638472556349
287.54999999999995,276.69855714966843
285.95,275.9488287043524
283.75,274.92637514258627
282.54999999999995,274.41922317240864
281.45,273.8263016519698
279.84999999999997,273.03916980111126
279.25,272.7105711741157
279.84999999999997,272.81025038372445
280.34999999999997,273.0449940012335
280.95,273.32976781584
281.45,273.7322175243506
282.04999999999995,274.0051768196467
281.45,273.7322175243506
280.95,273.68347269631903
281.45,274.0106699109142
282.04999999999995,274.4032660811433
283.75,275.51540632816926
286.45,277.1416347497703
289.25,278.4215439562472
290.34999999999997,279.095793686811
291.45,279.7699556329709
292.04999999999995,280.1376465740571
292.54999999999995,280.44403872375807
292.54999999999995,280.6583799276684
291.45,279.97245956315754
290.95,280.0401475110914
288.15,278.9858752544954
285.95,277.953701913427
284.25,277.1424893269714
283.75,276.7680450649096
283.75,276.56955030864253
283.75,276.7680450649096
282.54999999999995,276.13938220066564
281.45,275.87235699278034
282.04999999999995,276.1855800557083
281.45,275.87235699278034
279.84999999999997,274.87852718770796
281.45,275.87235699278034
279.25,274.52717771314815
278.75,274.3950649555821
284.84999999999997,277.9060442215425
286.45,278.7899557556833
288.75,279.69012598804017
289.84999999999997,280.3131859981834
289.84999999999997,280.15759494183885
289.84999999999997,279.8374976703126
291.45,280.54988587814915
291.45,279.3483061198539
288.75,278.4578501246991
287.54999999999995,277.8502840602824
285.95,277.46934538534
280.95,276.1955198557338
277.04999999999995,274.8999242890519
275.95,274.3242784234503
277.04999999999995,274.355144961595
277.54999999999995,274.6651969311674
276.45,274.5664018025041
274.84999999999997,272.8854199541028
275.95,272.5037279355776
273.75,270.72607728743213
273.15,270.3032570083182
272.54999999999995,269.8171022116972
272.04999999999995,269.3069640916206
272.04999999999995,269.3069640916206
275.34999999999997,271.3153406894979
278.75,273.28643828677633
280.34999999999997,273.9932081108936
281.45,274.1904981947519
282.54999999999995,274.6282910925099
282.54999999999995,274.52459705927856
282.54999999999995,274.41922317240864
282.54999999999995,274.41922317240864
281.45,273.9190960524593
280.34999999999997,273.29079271362065
277.04999999999995,271.8587393804523
275.34999999999997,271.0981178489257
274.84999999999997,270.7887101629091
274.25,270.38870251902847
273.15,269.50824282374515
273.15,269.50824282374515
272.54999999999995,269.2315910099324
271.45,268.50875710028345
270.95,268.3106604629142
270.34999999999997,267.76721739153777
269.84999999999997,267.4612203362095
269.84999999999997,267.3143455202174
269.84999999999997,267.3143455202174
270.95,267.92843537903616
277.04999999999995,271.8587393804523
278.75,272.6335691478789
280.34999999999997,273.37105871271746
282.04999999999995,274.2072120574854
282.54999999999995,274.6282910925099
282.54999999999995,274.6282910925099
282.54999999999995,274.6282910925099
282.54999999999995,274.7303978577118
282.54999999999995,274.7303978577118
282.04999999999995,274.871997127969
279.84999999999997,273.77443016058106
277.54999999999995,272.41658143075637
275.95,271.37452561671176
274.84999999999997,270.7887101629091
274.84999999999997,270.8941442890171
274.25,270.4918378183537
274.25,270.5981742632787
274.25,270.38870251902847
274.84999999999997,270.4913816397446
273.15,269.7525541267308
270.95,268.3106604629142
270.34999999999997,267.91913846392197
269.25,267.4389032208222
269.84999999999997,268.00673657958356
270.95,268.8658854605832
272.04999999999995,269.3069640916206
274.84999999999997,271.1141436852048
277.04999999999995,272.3168482489027
279.84999999999997,273.62904723378324
279.25,273.1920352778851
280.34999999999997,274.0694706436941
280.95,274.51069865506634
280.34999999999997,274.14558425435035
277.04999999999995,272.19898677693465
275.34999999999997,271.3153406894979
274.84999999999997,271.1141436852048
274.25,271.4263935090424
273.75,271.0964018659663
273.15,270.73375048737756
273.15,270.73375048737756
272.54999999999995,270.43074163671577
273.15,270.73375048737756
272.54999999999995,270.6285872192476
272.04999999999995,270.15398867299
271.45,269.8455586690785
270.95,269.8394365241335
270.95,269.8394365241335
271.45,270.04853729223055
272.54999999999995,270.6285872192476
272.54999999999995,270.9016818929604
273.75,271.29089375212595
275.95,272.5037279355776
277.54999999999995,273.5041112408074
277.54999999999995,273.3011921415882
278.75,274.03768343563365
278.75,274.03768343563365
279.84999999999997,274.7284500109187
278.15,273.5378592049419
277.04999999999995,272.8111737515665
274.84999999999997,271.77847760853933
273.75,271.0964018659663
273.75,271.29089375212595
272.04999999999995,270.15398867299
271.45,269.8455586690785
270.95,269.56457312064947
270.34999999999997,268.7260617170487
270.34999999999997,269.25270230408546
270.34999999999997,269.25270230408546
270.95,269.8394365241335
270.95,269.8394365241335
270.95,269.8394365241335
270.95,269.8394365241335
270.95,269.8394365241335
271.45,270.04853729223055
272.04999999999995,270.35371278483075
273.75,271.29089375212595
274.25,271.6216999202361
274.84999999999997,271.9738868076358
275.95,272.63611163540537
275.95,272.63611163540537
275.95,272.63611163540537
276.45,272.94760105422125
275.34999999999997,272.29581290741476
273.75,271.29089375212595
272.54999999999995,271.1132552191895
272.04999999999995,270.9151128795183
271.45,270.6183869818455
270.34999999999997,269.8961949500321
270.34999999999997,269.53228397415273
270.34999999999997,269.53228397415273
269.84999999999997,269.03859963096943
268.75,267.88533742223194
267.54999999999995,267.10012723722195
268.75,267.62373957758854
267.04999999999995,266.27395324280326
269.25,267.91908774180956
274.84999999999997,271.5890062652964
280.34999999999997,274.52536391263277
282.54999999999995,275.12510361375416
283.75,275.62716063398534
284.84999999999997,275.85510848361423
286.45,276.7048006201562
286.45,276.55262190238545
286.45,276.3970205889172
286.45,276.2380883645308
285.34999999999997,277.0557048143111
283.15,276.03227301396316
281.45,275.1286530439374
280.34999999999997,274.9067713617455
278.75,274.03768343563365
276.45,272.4270902068859
274.84999999999997,271.2868972684285
274.25,270.5981742632787
272.04999999999995,269.0414325288816
272.04999999999995,269.0414325288816
270.95,268.3106604629142
272.04999999999995,268.6620535864075
271.45,268.27647806370504
271.45,268.1486142052022
273.75,269.73611148519853
279.84999999999997,273.84707753408895
285.34999999999997,276.16716889310027
286.45,276.7048006201562
287.54999999999995,277.2148908750121
289.25,278.05005884882314
290.34999999999997,278.49313017179526
290.34999999999997,278.69923638639176
289.25,278.94530323500464
288.15,278.54538247843595
287.54999999999995,278.0004381101544
285.95,277.2162415859063
282.04999999999995,276.3571682584152
279.84999999999997,275.1823628614702
278.75,274.5410203351143
278.75,274.68871958276577
277.54999999999995,273.6420226231613
277.54999999999995,273.1685536333476
278.15,273.5378592049419
278.75,273.6223740213136
278.15,273.5378592049419
277.54999999999995,273.6420226231613
275.95,272.83923073335
274.84999999999997,271.77847760853933
273.75,271.0964018659663
276.45,272.94760105422125
279.84999999999997,275.1823628614702
283.15,277.1543365930753
284.84999999999997,278.8200005269127
286.45,278.4350287522328
287.54999999999995,278.7090230113385
288.15,278.9858752544954
288.75,279.39943664654504
287.54999999999995,279.4891342630678
284.84999999999997,278.1122768093666
284.84999999999997,278.2145860905119
282.54999999999995,277.4687703845347
282.04999999999995,277.3924413296881
282.04999999999995,277.21856920271074
282.04999999999995,276.87274478286287
282.04999999999995,277.21856920271074
280.95,275.87032339069344
282.04999999999995,275.58196894269355
282.54999999999995,275.22088831712324
282.04999999999995,274.96285954980624
282.04999999999995,274.96285954980624
282.04999999999995,274.78029883575647
281.45,274.4533052982223
281.45,274.4533052982223
282.04999999999995,274.871997127969
284.25,275.9588475966996
284.25,275.72403608553486
286.45,276.8536063236289
286.45,276.7048006201562
287.54999999999995,277.2148908750121
287.54999999999995,277.2148908750121
287.04999999999995,277.22797576598583
287.04999999999995,276.9138768139758
285.34999999999997,276.30137239164196
284.25,275.72403608553486
282.04999999999995,274.68767400259935
280.95,274.0216612446118
279.25,273.12358061037105
278.75,272.6335691478789
276.45,271.30005033187877
275.95,270.97257179220617
273.75,269.48883995297996
272.54999999999995,268.6446789496291
272.04999999999995,268.4559212300569
272.04999999999995,268.57659687671196
273.15,269.2044927888912
273.15,269.08894490745706
273.15,269.16496600221575
278.15,272.4514731448998
280.95,273.8541972974818
283.15,275.33374543610887
284.84999999999997,276.5947558891335
285.34999999999997,276.8128953329678
287.04999999999995,277.67352172112487
285.34999999999997,276.688489053742
284.84999999999997,276.7109893770018
283.75,276.3679280934764
283.15,276.5068530212344
282.54999999999995,275.7785324407244
282.04999999999995,275.4948725117204
280.34999999999997,274.52536391263277
279.25,273.95316387007836
278.75,273.75924111969886
277.04999999999995,272.684150548444
275.34999999999997,273.66725440035106
275.95,274.3242784234503
275.95,274.3242784234503
275.95,274.3242784234503
273.75,273.29139413526093
273.75,273.29139413526093
274.84999999999997,273.7329493828986
275.34999999999997,273.9817251132267
277.04999999999995,274.8999242890519
278.75,275.2971132042034
279.84999999999997,275.56966407240753
282.54999999999995,276.49558283359926
282.04999999999995,275.05297137127184
283.15,275.5388459751454
284.84999999999997,276.35684531374017
283.75,275.62716063398534
283.15,275.33374543610887
282.54999999999995,274.831022687437
281.45,274.2789350941824
280.34999999999997,273.9932081108936
279.84999999999997,273.55622682244115
279.84999999999997,273.55622682244115
279.25,273.3290294284873
278.75,273.02310262521706
278.75,273.08856374931617
278.75,272.89277204814937
278.15,272.4514731448998
277.54999999999995,272.23978749776927
275.95,271.3218465516344
274.84999999999997,270.5872713161762
274.25,270.240162501552
274.84999999999997,270.8941442890171
278.75,273.4198075412782
282.04999999999995,274.871997127969
283.15,275.33374543610887
284.84999999999997,276.11069743893233
285.95,276.5416049164225
287.54999999999995,277.3793244424515
288.15,277.7471961118848
287.54999999999995,277.2148908750121
288.75,277.7549389013669
287.54999999999995,277.2148908750121
285.95,276.68199971290835
284.84999999999997,276.5947558891335
283.75,276.05816280518803
281.45,275.1286530439374
280.34999999999997,274.37346146958936
278.15,273.01190408424
274.84999999999997,271.00264217260263
275.34999999999997,271.3153406894979
275.34999999999997,271.20526141663095
273.75,270.1167637361756
275.95,271.481967270332
274.84999999999997,270.7887101629091
274.25,270.4918378183537
275.34999999999997,271.3153406894979
282.04999999999995,275.4074253242264
285.95,277.2162415859063
288.15,277.9142352987693
290.95,278.83990688807586
292.04999999999995,279.4755788482807
293.15,280.1111506448984
293.75,280.4577878099329
293.75,280.4577878099329
293.75,280.4577878099329
292.04999999999995,279.4755788482807
291.45,279.3483061198539
289.25,277.8572783660056
285.95,276.68199971290835
284.84999999999997,276.2348767613502
283.75,275.62716063398534
282.54999999999995,274.7303978577118
282.04999999999995,274.68767400259935
280.34999999999997,273.84003779596543
279.84999999999997,273.48325779040283
279.25,273.1920352778851
278.75,272.8278420985929
279.25,273.1920352778851
277.04999999999995,271.8587393804523
277.54999999999995,272.53681713362835
283.75,275.9525642093735
284.84999999999997,276.2348767613502
288.15,278.07736235467877
291.45,279.5619744876766
293.15,280.1111506448984
294.25,280.2188836755923
293.15,279.6119498915035
294.25,279.94654946129594
293.15,279.09713665432616
292.04999999999995,278.5214384924197
290.34999999999997,277.8483442456914
288.75,277.37729731775204
285.95,276.2515424033225
285.34999999999997,276.03014392068906
283.75,275.73718571825077
283.75,275.62716063398534
279.84999999999997,273.84707753408895
281.45,274.79431486099077
283.75,276.7680450649096
283.15,276.4130167529456
282.54999999999995,276.3178934742595
282.04999999999995,275.84163621184894
280.95,275.22884545212736
281.45,275.70721987349896
283.75,277.1578298960613
285.95,278.41554354165476
287.54999999999995,278.7090230113385
288.15,278.6949955884655
289.25,279.5906428280364
289.84999999999997,279.6725612624472
290.34999999999997,279.83089197182807
290.34999999999997,279.28646743934803
286.45,277.94173952609106
285.95,277.46934538534
283.75,277.35001744210615
282.54999999999995,277.1146866299141
281.45,276.6211444464783
281.45,276.6211444464783
277.04999999999995,274.8999242890519
273.75,273.29139413526093
273.75,273.29139413526093
273.75,272.8893187979389
273.15,272.61206968937273
273.15,271.69400861817536
273.75,272.0538108127867
273.15,271.40689220407194
272.54999999999995,271.1132552191895
272.54999999999995,270.6285872192476
273.15,271.19810393757734
274.25,272.0297701658054
277.04999999999995,274.12930135960585
282.04999999999995,276.614651912042
282.04999999999995,275.4948725117204
283.15,275.93540870941143
282.04999999999995,275.4948725117204
284.25,276.5153316756135
282.54999999999995,275.68722556473824
282.04999999999995,274.871997127969
282.04999999999995,275.05297137127184
279.84999999999997,273.62904723378324
278.75,273.08856374931617
277.04999999999995,272.02640674310095
275.34999999999997,271.20526141663095
276.45,271.61167447614724
275.34999999999997,270.8928153217746
273.75,270.2735121260149
272.54999999999995,270.43074163671577
272.04999999999995,269.8973244820792
272.04999999999995,269.1982580095316
272.04999999999995,269.0414325288816
270.95,268.46863748011594
272.54999999999995,269.3305039936152
275.95,271.481967270332
279.25,273.1920352778851
280.95,274.34935382909686
281.45,274.70984304295627
282.04999999999995,275.1424123067808
283.15,275.4369526341308
282.54999999999995,274.9302756899745
283.75,275.62716063398534
283.75,275.51540632816926
283.15,275.22910802585864
282.04999999999995,274.59402702518526
279.84999999999997,273.84707753408895
278.75,273.4198075412782
280.34999999999997,273.9932081108936
277.54999999999995,272.3571862478724
276.45,271.83197123224113
274.25,270.70764000796635
274.25,270.5981742632787
273.75,270.3820332230261
274.25,270.4918378183537
274.25,270.5981742632787
274.84999999999997,271.1141436852048
275.95,271.705116247906
275.95,271.5921721041251
277.04999999999995,272.43698839008704
278.75,273.4198075412782
279.25,273.95316387007836
277.54999999999995,273.9959327651211
277.54999999999995,273.7820278603785
274.25,273.1447744195059
273.75,272.8893187979389
275.34999999999997,273.66725440035106
276.45,273.36268571085725
275.34999999999997,272.29581290741476
273.15,270.3032570083182
272.54999999999995,269.64761944902517
272.04999999999995,269.5339709755836
271.45,269.584468845139
270.34999999999997,269.53228397415273
270.34999999999997,269.25270230408546
270.34999999999997,269.53228397415273
270.34999999999997,269.53228397415273
270.95,269.8394365241335
270.34999999999997,269.53228397415273
269.84999999999997,269.03859963096943
269.25,268.4461774397845
268.75,267.62373957758854
270.34999999999997,268.30327938070127
272.54999999999995,269.64761944902517
274.84999999999997,271.2868972684285
277.54999999999995,273.03802885852986
280.95,274.6709992883417
282.54999999999995,275.59536168156967
284.25,276.2973119488648
284.84999999999997,276.47675543562394
285.34999999999997,276.9352504099728
284.25,276.2973119488648
284.25,276.18614171488287
283.15,275.5388459751454
281.45,274.9620836291426
279.25,274.0946554558682
277.54999999999995,273.3011921415882
276.45,272.4270902068859
275.95,272.3097916734391
274.25,271.05412472142035
273.75,270.72607728743213
273.75,270.72607728743213
274.25,271.05412472142035
274.25,270.87755366290077
273.75,270.5506576312099
273.75,270.3820332230261
276.45,271.9459394194406
280.34999999999997,274.37346146958936
283.75,276.3679280934764
286.45,277.41804272638046
288.75,278.4578501246991
289.84999999999997,278.97462703206793
290.95,279.46352866728705
291.45,279.5619744876766
292.54999999999995,280.2237539721322
292.54999999999995,280.2237539721322
291.45,279.7699556329709
289.84999999999997,279.15534691227447
287.54999999999995,278.29172557756834
285.34999999999997,277.17440105949555
283.75,276.56955030864253
282.34999999999997,275.89733795824793
280.84999999999997,274.9125115659128
279.45,274.04122393274804
278.04999999999995,274.893809821761
276.65,274.44205561608675
275.15,273.47470669161476
273.75,272.57751433482804
273.15,271.99078541731245
273.75,272.57751433482804
275.15,273.39795428501725
274.25,272.834813186826
274.84999999999997,273.18588486593234
274.84999999999997,272.6660760148326
274.84999999999997,272.8854199541028
275.34999999999997,272.91935206874246
275.34999999999997,272.91935206874246
275.95,273.77960605134876
275.95,273.77960605134876
275.95,273.77960605134876
274.84999999999997,273.18588486593234
273.75,272.57751433482804
272.54999999999995,272.0930916135012
272.04999999999995,271.51603623123526
271.45,270.99464472458516
270.34999999999997,269.53228397415273
269.84999999999997,269.03859963096943
269.25,268.4461774397845
269.15,268.41620127915223
269.15,267.8854451795915
268.75,268.22791789505544
268.15,267.63007514211426
268.15,267.63007514211426
267.54999999999995,267.10012723722195
267.15,266.97565310490063
268.15,267.36006724343883
268.75,267.62373957758854
269.25,268.1114661360542
269.25,268.1114661360542
269.84999999999997,268.00673657958356
269.84999999999997,268.00673657958356
269.84999999999997,267.8344393240259
269.25,267.672868825331
268.75,267.88533742223194
268.75,267.88533742223194
268.15,267.42653016647535
267.54999999999995,266.7676419059028
267.15,266.43685601700787
267.04999999999995,266.5340275159952
266.45,265.68152576756506
266.45,266.0016663637863
267.04999999999995,266.27395324280326
267.04999999999995,266.27395324280326
267.04999999999995,266.27395324280326
264.25,263.80473429432425
266.15,265.44717872358837
266.45,265.68152576756506
266.45,265.68152576756506
267.54999999999995,266.7676419059028
268.15,267.03846649153763
269.25,268.1114661360542
269.84999999999997,268.24733836763403
269.84999999999997,268.24733836763403
270.95,269.04775936719597
273.15,270.3032570083182
276.45,272.6177642577725
276.45,272.4270902068859
276.45,272.94760105422125
275.34999999999997,272.09904821508474
275.34999999999997,271.4283079817098
272.54999999999995,270.17660503166326
270.95,269.3005282470456
269.84999999999997,269.03859963096943
269.25,267.91908774180956
269.25,267.672868825331
269.25,268.1114661360542
270.95,269.56457312064947
270.54999999999995,268.981454110088
270.34999999999997,268.540344571917
271.45,268.92655110369327
270.34999999999997,267.91913846392197
268.15,266.3978701582254
272.04999999999995,269.5339709755836
273.15,270.3032570083182
274.84999999999997,271.1141436852048
277.04999999999995,272.5594210439907
280.34999999999997,274.52536391263277
281.45,275.04549287555545
282.54999999999995,275.7785324407244
283.75,276.26574250547196
283.75,276.3679280934764
282.04999999999995,276.013815027258
279.25,275.20133203076
277.04999999999995,273.90815034466607
275.34999999999997,272.91935206874246
274.25,272.834813186826
274.25,272.834813186826
273.75,272.2747607582507
274.84999999999997,273.4170859158641
274.25,273.1447744195059
273.75,272.57751433482804
273.15,272.37485734214386
273.15,272.2969031723906
273.15,272.2969031723906
273.15,272.61206968937273
273.15,272.2969031723906
273.15,272.2969031723906
273.15,272.2969031723906
275.95,274.00987353818755
278.75,275.0656581336247
280.34999999999997,275.68476654334427
281.45,275.9550263799273
283.75,277.1578298960613
283.75,276.7680450649096
284.25,276.72834870535314
284.25,276.72834870535314
284.25,276.72834870535314
282.04999999999995,276.1855800557083
278.15,274.16537294715835
277.04999999999995,273.341963140906
274.84999999999997,272.3818644576397
274.25,272.0297701658054
273.75,271.5594691762409
273.75,271.29089375212595
275.95,273.04769027459747
275.34999999999997,272.91935206874246
275.34999999999997,272.49821316168203
274.25,271.6216999202361
273.75,271.0964018659663
273.15,270.73375048737756
274.84999999999997,272.17506786079616
277.54999999999995,274.2144679560515
280.34999999999997,275.68476654334427
283.15,276.97059493520675
285.95,277.59295644290387
287.54999999999995,278.572298449863
289.84999999999997,279.9991015525705
292.04999999999995,280.7484949647287
292.54999999999995,280.44403872375807
292.54999999999995,280.8670776021043
292.04999999999995,279.922955298635
290.34999999999997,279.65375017314085
285.95,278.187008545135
285.34999999999997,278.18292685867897
284.84999999999997,277.8020122128571
283.15,276.97059493520675
282.04999999999995,275.7553063409992
281.45,275.29440564899824
280.34999999999997,274.37346146958936
279.25,273.95316387007836
280.95,274.8306384957323
279.84999999999997,274.21127641420134
277.04999999999995,272.5594210439907
276.45,272.30304697276887
279.84999999999997,275.02980849115914
285.34999999999997,278.3965365465588
287.04999999999995,278.4908571031254
288.75,279.39943664654504
291.45,280.9126773097486
292.54999999999995,281.6518053133009
294.25,281.94464428141794
294.84999999999997,282.0923743661197
294.84999999999997,281.8532633781038
293.15,280.8116899895595
292.54999999999995,280.6583799276684
289.84999999999997,279.9991015525705
287.04999999999995,279.3591738617675
285.95,279.40175968194376
284.84999999999997,278.8200005269127
283.15,277.97684948331613
281.45,277.04373670203347
282.04999999999995,277.3924413296881
285.15,278.3463182687303
281.45,276.45361455024454
281.45,276.6211444464783
280.34999999999997,274.52536391263277
280.34999999999997,274.0694706436941
279.84999999999997,273.62904723378324
280.34999999999997,273.9932081108936
281.45,274.6248970359963
283.15,275.6395365299024
286.45,277.41804272638046
288.75,278.9432274083141
289.25,278.94530323500464
290.34999999999997,279.47236534564104
290.95,279.85276779048803
289.84999999999997,279.5040569296531
289.25,279.11183760899144
288.75,278.9432274083141
287.54999999999995,278.29172557756834
282.54999999999995,275.86934542425377
278.75,275.7719078258941
275.95,274.00987353818755
274.84999999999997,273.4170859158641
274.84999999999997,273.4170859158641
274.84999999999997,273.18588486593234
274.25,272.834813186826
271.45,270.04853729223055
273.75,272.2747607582507
273.15,271.40689220407194
274.84999999999997,272.8854199541028
274.25,272.5338628921573
278.75,275.7719078258941
282.54999999999995,277.6463625915868
285.34999999999997,279.2291350310133
287.04999999999995,279.59577575795714
288.75,280.1094581409027
289.84999999999997,279.5040569296531
288.75,278.4578501246991
288.75,278.9432274083141
288.15,278.2367831885954
285.34999999999997,277.0557048143111
284.25,276.07336471540214
282.04999999999995,274.96285954980624
279.84999999999997,273.55622682244115
278.75,273.08856374931617
274.84999999999997,272.8854199541028
276.45,272.4270902068859
277.54999999999995,272.06695887918795
276.45,271.30005033187877
276.45,271.0566478136432
276.45,270.8261144948367
275.95,270.57182438210754
275.95,270.57182438210754
275.95,270.57182438210754
275.34999999999997,270.1948057987931
277.54999999999995,271.6212551590368
278.15,272.0302433469591
279.84999999999997,273.18880389082386
281.45,273.9190960524593
282.04999999999995,274.30594916773384
283.75,275.1684696558341
283.75,275.28618486594576
284.25,275.6034611433783
283.75,275.40179082144124
283.75,275.51540632816926
282.54999999999995,274.831022687437
280.95,273.8541972974818
277.54999999999995,272.06695887918795
275.34999999999997,270.6534105272626
273.75,269.5674476381103
271.45,267.8865455043259
269.25,266.33162316366224
270.95,267.68229881635995
268.75,266.07352689742436
268.75,265.96570696706
265.95,263.74826393416953
265.34999999999997,263.8896748191785
264.84999999999997,263.4122929221046
266.45,264.78898688249666
273.15,270.0179935419339
277.04999999999995,272.5594210439907
279.25,273.67361159822116
281.45,275.1286530439374
283.75,276.56955030864253
285.34999999999997,277.40704624538006
286.45,277.8140315968462
288.75,278.4578501246991
288.15,277.9142352987693
288.75,278.4578501246991
287.04999999999995,277.67352172112487
284.84999999999997,276.93868873594425
280.95,274.7508800421265
281.45,275.29440564899824
279.25,274.0946554558682
280.34999999999997,274.7538035838785
274.84999999999997,271.00264217260263
273.75,270.3820332230261
272.54999999999995,269.4853255667839
275.95,271.82077049267343
275.95,271.99926015147526
274.25,270.87755366290077
274.25,270.87755366290077
273.75,270.72607728743213
278.15,274.0225678368162
280.95,275.54840991898413
283.15,276.78600515087953
285.34999999999997,278.0750019451661
288.75,279.9717036114696
291.45,281.08825554935765
293.15,281.66095188563185
293.75,282.0530647707992
293.75,281.62772645519675
292.54999999999995,281.26882480312213
292.04999999999995,281.31584355765204
289.84999999999997,280.3131859981834
286.45,278.31407889867893
285.95,277.953701913427
283.75,277.1578298960613
282.04999999999995,276.87274478286287
279.84999999999997,275.96588056392005
279.84999999999997,275.96588056392005
278.15,274.53079688850744
279.25,275.5899082031733
277.04999999999995,274.12930135960585
276.45,273.57787010736376
277.04999999999995,274.12930135960585
277.04999999999995,274.12930135960585
280.34999999999997,276.24634785291715
283.75,278.2026745181314
285.34999999999997,279.4335597446397
288.15,281.86760799397814
289.84999999999997,283.0360298533126
290.95,282.87079519912095
291.45,284.22033398481597
288.75,282.71874864789004
285.34999999999997,282.8809061862947
287.04999999999995,283.6404386017453
288.75,283.6389473335409
287.04999999999995,282.1428636385007
283.15,281.3730653251151
280.34999999999997,279.3116925795646
282.54999999999995,281.0847054925368
281.45,279.7276457012987
280.95,280.19035592263174
280.34999999999997,279.3116925795646
280.34999999999997,279.9783298299042
280.34999999999997,279.5952079592208
279.25,277.86582717726435
279.15,277.8580288910873
278.15,277.05605812516336
275.95,275.14589178437086
273.75,273.29139413526093
273.15,273.0183462938301
273.15,273.0183462938301
273.15,272.61206968937273
273.15,272.61206968937273
275.15,273.39795428501725
276.45,274.25278452092437
276.45,273.36268571085725
275.95,272.83923073335
277.04999999999995,273.48024579280377
275.95,272.63611163540537
275.34999999999997,272.91935206874246
274.84999999999997,272.3818644576397
274.84999999999997,272.17506786079616
274.25,271.6216999202361
272.54999999999995,271.1132552191895
272.04999999999995,271.2108053640622
272.15,271.38519739741224
270.34999999999997,270.19843261007554
270.34999999999997,269.8961949500321
269.25,268.79774218646395
269.15,268.9898930312254
267.54999999999995,266.7676419059028
268.75,266.75044077731394
268.75,266.9657072276302
269.84999999999997,267.1758076957242
270.95,267.92843537903616
272.04999999999995,268.6620535864075
273.15,269.08894490745706
274.25,269.72463733407767
274.84999999999997,270.3095239549324
274.15,269.84443612531675
274.84999999999997,270.4913816397446
274.84999999999997,270.2236437263849
274.25,269.7625694236552
273.75,269.41416368065273
272.04999999999995,268.7513758772304
272.04999999999995,268.8923613075386
271.45,268.50875710028345
269.84999999999997,268.00673657958356
269.84999999999997,267.8344393240259
270.34999999999997,267.91913846392197
269.84999999999997,267.1758076957242
270.34999999999997,267.282256794222
268.75,266.45379289153306
268.75,266.07352689742436
268.15,265.5430856567641
268.15,265.442279720987
270.34999999999997,267.282256794222
272.54999999999995,268.79241531998883
273.75,269.41416368065273
274.15,269.84443612531675
274.84999999999997,270.39878335467034
272.54999999999995,269.99351159430324
273.75,270.2735121260149
271.45,270.04853729223055
270.95,270.1247042253535
271.15,270.3955347989712
272.04999999999995,269.5339709755836
272.04999999999995,269.65211528793355
270.95,268.46863748011594
271.45,268.81704416374555
270.95,267.92843537903616
270.34999999999997,267.76721739153777
269.25,266.9117157697665
267.54999999999995,266.04519575538075
266.45,264.9919878083367
266.45,264.9919878083367
267.04999999999995,265.5127626425274
266.45,264.9919878083367
265.95,264.26871501333477
265.95,264.1332423117676
267.54999999999995,265.4874641553155
270.34999999999997,267.76721739153777
272.54999999999995,269.0899147262137
275.34999999999997,271.20526141663095
276.45,271.25023609720427
278.75,273.02310262521706
280.34999999999997,274.0694706436941
282.54999999999995,275.68722556473824
283.75,276.3679280934764
284.84999999999997,277.0504011072791
285.34999999999997,277.40704624538006
284.25,277.24402676939104
280.95,276.03246443206893
279.25,274.8228766614424
278.15,274.0225678368162
278.15,274.0225678368162
278.75,274.3950649555821
278.75,274.3950649555821
278.15,274.0225678368162
278.75,274.3950649555821
278.15,273.81196668929556
277.54999999999995,273.6420226231613
277.04999999999995,273.13869700705726
278.15,274.0225678368162
284.84999999999997,277.4855077964492
287.54999999999995,278.7090230113385
289.25,279.74405990537133
290.34999999999997,280.17350270019483
291.45,280.73330860050993
292.04999999999995,280.9420408761305
292.54999999999995,280.8670776021043
292.54999999999995,281.07045195407244
292.54999999999995,280.8670776021043
293.15,281.4567855256266
290.95,280.4018372348595
290.15,280.98061334992246
289.25,280.3320349314021
285.34999999999997,278.7122448354305
284.84999999999997,278.41783364429244
283.75,278.2026745181314
282.04999999999995,277.3924413296881
282.04999999999995,277.21856920271074
280.95,276.60762745443515
280.34999999999997,276.24634785291715
280.34999999999997,276.0037568451424
279.84999999999997,275.56966407240753
280.34999999999997,275.68476654334427
281.45,276.2868224324132
283.75,278.014248940078
288.15,280.5641430705036
291.45,280.9126773097486
292.04999999999995,280.9420408761305
292.54999999999995,281.4625094473737
294.25,282.16502424919236
294.25,281.94464428141794
295.95,282.7781126970864
294.84999999999997,282.32493170098485
295.34999999999997,282.64182674100044
294.25,282.37981514669866
291.45,282.2300301744204
289.84999999999997,281.19577451202923
289.25,280.47344421354524
287.04999999999995,280.171650581415
284.84999999999997,279.1189281048709
284.25,278.6191552103008
282.54999999999995,277.9137372214728
283.75,278.57898260344274
281.45,277.30020227000404
280.34999999999997,276.4097372941572
281.45,276.45361455024454
282.04999999999995,276.1855800557083
281.45,276.2868224324132
284.25,278.425887393082
287.04999999999995,279.9436537321634
289.84999999999997,281.19577451202923
291.45,281.75738148648503
292.54999999999995,282.0183451386279
292.54999999999995,282.37049905080636
294.25,283.18981208850573
294.25,282.794011282611
293.75,282.6537574505072
293.15,283.1423909574339
291.45,282.53374942339633
290.34999999999997,281.8517896654029
288.15,280.92876645982716
287.04999999999995,280.171650581415
285.34999999999997,279.2291350310133
287.54999999999995,280.33661169408896
285.34999999999997,279.2291350310133
283.75,278.3908661715179
282.54999999999995,277.6463625915868
282.04999999999995,279.18150303191044
280.95,278.3316939926438
278.75,277.0272203843159
279.25,277.50988607107786
278.15,276.79286168689356
281.45,278.6207212821061
283.15,278.25125498773747
285.34999999999997,279.2291350310133
286.45,279.1349504391657
287.54999999999995,279.73685812531573
287.54999999999995,279.3632437966238
288.15,279.8043129645825
288.75,279.8319744585066
287.54999999999995,279.3632437966238
286.15,278.5653092343038
286.45,278.6728672855921
284.84999999999997,278.41783364429244
280.34999999999997,278.3904276490733
279.84999999999997,278.08908393129997
279.25,277.86582717726435
278.75,277.9169078102587
278.15,277.68514358150577
277.54999999999995,276.81784112139286
277.04999999999995,276.32188101310606
276.15,276.039665007203
275.34999999999997,274.5521002959123
273.15,273.0183462938301
273.15,273.0183462938301
273.15,273.0183462938301
273.15,272.61206968937273
273.15,273.0183462938301
273.15,273.0183462938301
273.75,273.29139413526093
275.34999999999997,274.30458314747847
274.84999999999997,274.0572733983778
274.84999999999997,274.3898353041813
275.15,274.4372275169194
275.34999999999997,274.5521002959123
275.95,275.14589178437086
275.95,275.8382442884236
276.45,276.07543472550157
276.15,275.42915142784096
275.34999999999997,274.8891258815904
274.84999999999997,274.3898353041813
274.25,273.79068590297345
273.15,273.0183462938301
273.15,273.0183462938301
273.15,272.61206968937273
273.15,272.61206968937273
273.15,272.37485734214386
272.54999999999995,272.41408044182515
272.54999999999995,272.41408044182515
272.15,272.01123613409135
272.04999999999995,271.51603623123526
272.04999999999995,270.9151128795183
272.04999999999995,270.9151128795183
272.04999999999995,271.2108053640622
272.54999999999995,271.70448659158075
273.15,272.2969031723906
273.15,272.2969031723906
273.15,272.2969031723906
274.15,272.8911410239835
274.84999999999997,272.6660760148326
274.25,273.1447744195059
273.75,272.8893187979389
273.75,272.8893187979389
273.75,272.57751433482804
274.25,272.834813186826
274.25,272.834813186826
273.75,272.8893187979389
273.75,272.8893187979389
272.54999999999995,272.0930916135012
272.04999999999995,271.2108053640622
272.04999999999995,270.9151128795183
272.04999999999995,270.9151128795183
272.04999999999995,270.6292930717429
272.04999999999995,270.9151128795183
273.15,271.69400861817536
274.84999999999997,273.18588486593234
276.45,274.5664018025041
277.04999999999995,274.58560250186486
278.75,276.01521352157056
279.84999999999997,276.78638619279985
280.95,277.6265818342723
281.45,278.35119873121766
280.95,278.3316939926438
280.95,278.153402056038
279.84999999999997,277.8216132448271
279.25,276.9881037313532
278.15,276.44802057747796
277.54999999999995,276.46645799240696
277.15,275.9022919292454
277.04999999999995,276.32188101310606
277.04999999999995,275.9751238742682
276.45,275.6407173786321
276.45,275.6407173786321
275.34999999999997,274.5521002959123
274.84999999999997,274.0572733983778
274.25,273.79068590297345
275.34999999999997,274.5521002959123
274.15,274.0254544537689
273.75,273.29139413526093
274.15,273.4453012735547
273.75,273.29139413526093
276.45,275.6407173786321
278.15,276.79286168689356
279.84999999999997,277.55760411974353
280.95,277.88849302355703
280.95,278.3316939926438
281.45,278.6207212821061
282.54999999999995,278.90813839041135
280.34999999999997,277.85526359513534
280.34999999999997,278.0321868033977
278.15,276.44802057747796
277.04999999999995,275.9751238742682
277.04999999999995,275.9751238742682
274.84999999999997,274.0572733983778
274.25,273.46348031835635
273.75,272.8893187979389
273.75,272.57751433482804
273.15,271.99078541731245
273.75,272.2747607582507
273.15,271.69400861817536
272.04999999999995,270.9151128795183
273.75,272.2747607582507
276.45,274.8069484451396
280.15,277.8423538349672
279.25,277.50988607107786
280.95,278.60168487946737
282.04999999999995,279.36632071124865
284.25,279.87175820261126
284.25,280.0652104667949
284.84999999999997,280.60223632878467
285.34999999999997,280.84820746721766
285.34999999999997,280.84820746721766
284.84999999999997,280.60223632878467
284.25,280.25911996799823
283.15,279.7354081193009
280.34999999999997,278.3904276490733
279.25,277.50988607107786
278.15,276.79286168689356
279.25,277.2471669649586
279.25,277.2471669649586
277.04999999999995,275.719892985453
277.54999999999995,275.61956274542644
279.84999999999997,277.29706268703933
279.25,276.4810221727389
280.34999999999997,277.0771222522407
282.04999999999995,278.2743388831871
284.25,279.38960225766795
284.84999999999997,280.1079662921514
286.45,281.1941806615324
288.75,281.8911834845515
290.34999999999997,282.53710306251827
290.34999999999997,282.53710306251827
291.45,282.8296432716699
292.54999999999995,283.6675020209623
294.84999999999997,284.9054748935466
292.04999999999995,283.7288254853988
290.95,283.8112344015144
289.25,283.2605667566798
285.34999999999997,281.5546620738901
284.84999999999997,281.798466368407
283.75,281.0630668366822
282.54999999999995,280.21547872747226
281.45,280.68631202135583
280.95,280.19035592263174
280.34999999999997,279.3116925795646
280.34999999999997,279.3116925795646
279.25,278.5041014917372
279.84999999999997,278.7265871820738
277.04999999999995,276.32188101310606
278.15,277.41299253791965
280.95,279.80751421208157
282.54999999999995,280.79232982833656
283.75,281.3578076244417
284.84999999999997,281.798466368407
286.45,283.0833323192947
287.54999999999995,283.3448636333049
289.25,284.8844237937076
288.75,284.65688980140504
289.25,284.65521321448097
288.75,283.866278674316
285.95,283.4520662662934
283.15,281.3730653251151
282.04999999999995,280.5969983355224
282.04999999999995,281.2814587056409
280.34999999999997,279.5952079592208
281.45,280.011748974209
281.45,280.011748974209
281.45,280.39520918161253
281.45,280.39520918161253
281.45,280.39520918161253
279.25,278.1369894627065
279.25,278.5041014917372
279.25,278.1369894627065
278.75,277.9169078102587
279.84999999999997,278.7265871820738
281.45,280.39520918161253
281.45,280.011748974209
282.04999999999995,280.30838288473035
281.45,280.39520918161253
282.54999999999995,281.0847054925368
283.15,281.0786477390788
283.75,281.5554872140331
281.45,280.68631202135583
282.04999999999995,281.2814587056409
282.04999999999995,280.5969983355224
280.95,279.5240405180496
280.34999999999997,279.3116925795646
279.84999999999997,279.09925077696937
279.84999999999997,279.09925077696937
279.84999999999997,279.09925077696937
279.84999999999997,279.38271824762387
280.34999999999997,279.3116925795646
279.84999999999997,279.09925077696937
279.84999999999997,279.09925077696937
279.84999999999997,279.38271824762387
279.84999999999997,279.09925077696937
279.84999999999997,279.09925077696937
279.25,278.87751611985436
279.84999999999997,279.09925077696937
279.25,278.1369894627065
279.84999999999997,278.7265871820738
280.15,279.3968251463686
280.95,280.19035592263174
280.95,280.19035592263174
280.34999999999997,279.5952079592208
280.15,279.3968251463686
277.15,277.04676751157746
278.15,277.68514358150577
278.15,277.68514358150577
278.75,278.2842882074566
279.15,278.4049098726491
278.15,277.68514358150577
277.54999999999995,277.1762541991752
276.95,276.5758075061095
276.25,275.78784759597227
275.65,275.53611307207154
275.04999999999995,273.37843278485764
274.45,273.028904225067
273.75,272.0538108127867
273.15,271.69400861817536
274.25,272.0297701658054
274.25,271.82288067549376
277.54999999999995,273.9959327651211
279.25,275.20133203076
280.95,276.1955198557338
283.15,277.7941892607376
285.34999999999997,279.6370354301163
287.54999999999995,280.9154269069925
289.25,281.6726384910089
292.04999999999995,282.82810174770464
291.45,282.2300301744204
292.54999999999995,282.37049905080636
292.04999999999995,281.49666419042353
291.45,281.9174106227519
290.34999999999997,281.8517896654029
287.54999999999995,280.80099445111364
285.34999999999997,280.14289977803037
283.75,279.80803571244064
282.54999999999995,277.29158504088986
280.95,277.6265818342723
280.34999999999997,277.0771222522407
279.84999999999997,276.78638619279985
278.75,275.5325343198406
277.04999999999995,274.355144961595
276.45,273.7980127924419
276.45,273.57787010736376
277.54999999999995,273.7820278603785
278.75,274.9135607945432
279.84999999999997,275.96588056392005
281.45,276.87400920196995
282.54999999999995,277.6463625915868
284.25,278.6191552103008
284.84999999999997,278.9198491394311
285.95,279.5082920722748
285.95,279.5082920722748
285.95,279.5082920722748
284.25,278.6191552103008
283.75,278.3908661715179
281.45,277.04373670203347
279.84999999999997,275.72705535476535
277.54999999999995,274.2144679560515
278.15,274.53079688850744
277.04999999999995,274.12930135960585
276.45,274.0230156522067
275.95,274.00987353818755
275.34999999999997,273.43704528628245
274.84999999999997,273.18588486593234
273.75,272.57751433482804
273.75,272.57751433482804
273.75,272.2747607582507
276.45,274.0230156522067
278.15,275.2185533427318
280.34999999999997,276.65738268975764
283.75,278.7671623548735
286.45,280.34451928501176
287.04999999999995,280.171650581415
288.15,280.92876645982716
289.25,281.0209430408424
288.15,280.68663684066183
288.75,281.0286108530979
288.15,280.92876645982716
286.45,280.020967694665
285.34999999999997,279.4335597446397
283.15,278.25125498773747
280.95,278.3316939926438
279.25,276.9881037313532
278.15,276.79286168689356
278.15,277.05605812516336
277.54999999999995,276.46645799240696
278.15,276.79286168689356
277.54999999999995,276.46645799240696
277.54999999999995,276.46645799240696
277.54999999999995,276.46645799240696
277.54999999999995,276.46645799240696
278.15,276.79286168689356
278.15,277.05605812516336
278.75,277.0272203843159
280.34999999999997,278.0321868033977
281.45,278.35119873121766
280.95,278.3316939926438
279.25,277.2471669649586
278.15,276.79286168689356
276.45,275.6407173786321
277.54999999999995,276.46645799240696
277.04999999999995,276.32188101310606
277.04999999999995,275.9751238742682
276.45,276.07543472550157
275.95,275.48827387835047
275.95,275.48827387835047
275.34999999999997,274.5521002959123
274.25,273.79068590297345
274.25,273.79068590297345
274.25,273.79068590297345
274.84999999999997,274.3898353041813
275.34999999999997,274.5521002959123
275.34999999999997,274.5521002959123
275.95,275.14589178437086
275.95,275.14589178437086
275.95,274.00987353818755
277.54999999999995,275.61956274542644
279.84999999999997,276.78638619279985
280.95,277.196576632871
282.54999999999995,278.0927718097836
284.25,279.0045924181914
285.34999999999997,279.6370354301163
287.04999999999995,280.5088564560108
287.04999999999995,280.2846420234938
287.54999999999995,280.33661169408896
287.54999999999995,280.21858631438397
286.45,279.1349504391657
284.84999999999997,279.1189281048709
282.54999999999995,277.9137372214728
282.54999999999995,277.9137372214728
281.45,277.30020227000404
280.95,276.77440763528364
280.34999999999997,276.24634785291715
279.84999999999997,276.37138522432093
279.25,276.3152848936883
278.75,276.01521352157056
278.75,275.7719078258941
277.54999999999995,275.13372700037326
277.54999999999995,275.61956274542644
281.45,277.9081547904981
284.84999999999997,279.51532100555613
287.04999999999995,280.5088564560108
289.25,280.3320349314021
290.34999999999997,281.1247388707473
291.45,281.26029109007874
293.15,282.4318135154242
293.15,281.8602356209186
293.15,282.24538202824357
292.54999999999995,282.0183451386279
290.95,281.8625136717596
289.84999999999997,281.7461999839245
288.75,281.52682195083884
288.15,281.0485309105076
288.15,281.0485309105076
285.95,280.86544428279683
284.84999999999997,280.99899291834924
283.75,280.1907026015066
282.54999999999995,279.9309055933778
281.45,279.4465168108116
281.45,279.4465168108116
280.34999999999997,278.9387895702443
279.25,278.5041014917372
281.45,279.7276457012987
283.15,280.49698682227466
284.25,280.74632607426634
285.95,281.58677848944035
287.54999999999995,282.1445914883893
290.34999999999997,283.0631444182041
290.95,282.5909709968586
291.45,282.8296432716699
292.04999999999995,282.98296963789204
293.15,284.12450784139463
293.15,283.3123228067503
292.54999999999995,283.3573148054402
292.04999999999995,282.98296963789204
289.84999999999997,282.0127475068781
287.54999999999995,282.80108442864343
285.95,281.8958540092438
284.84999999999997,280.99899291834924
283.75,280.77037709618224
282.54999999999995,279.6488200774267
281.45,278.6207212821061
280.95,277.88849302355703
279.84999999999997,277.55760411974353
279.84999999999997,277.55760411974353
279.25,277.2471669649586
282.04999999999995,278.90644409695403
285.34999999999997,280.5460469744884
289.25,281.79950934193045
292.04999999999995,282.98296963789204
294.84999999999997,284.3673078349311
295.95,283.9361275638869
297.54999999999995,285.0109880367379
298.15,285.17416281517785
298.75,285.8170919080277
300.34999999999997,286.63207655667895
299.25,286.39675119628953
299.25,286.39675119628953
298.15,285.64820985246246
296.45,284.9155169728888
294.25,283.753896265601
293.15,283.96657169928216
292.54999999999995,283.97010347253047
291.45,283.26081105739564
289.84999999999997,282.5319032291059
288.75,282.1304937092535
288.75,281.8911834845515
288.15,281.63655961402776
287.04999999999995,281.0610171667322
285.95,280.7621727598529
288.15,281.86760799397814
290.34999999999997,282.9331893511389
293.15,284.7374839554853
290.34999999999997,284.4419490094402
292.54999999999995,285.6678344894513
297.04999999999995,283.9676091023212
297.54999999999995,283.7754647627641
297.54999999999995,284.0360546435673
298.15,284.41626999933834
299.25,285.1133026509118
300.95,285.5896569505834
300.95,285.5896569505834
299.25,284.25315362054437
298.15,283.8747625571395
296.45,283.58136357927947
294.25,283.18981208850573
293.15,282.4318135154242
292.54999999999995,282.0183451386279
291.45,281.4290156987075
289.25,280.3320349314021
289.25,280.3320349314021
288.15,279.8043129645825
287.04999999999995,279.3591738617675
287.04999999999995,279.3591738617675
288.15,280.3159400944877
289.84999999999997,281.19577451202923
294.25,283.381534615701
297.04999999999995,283.9676091023212
299.25,285.38374949000803
301.45,284.18952498429707
301.45,287.0841673224519
302.04999999999995,286.8874164508869
302.04999999999995,286.8874164508869
302.04999999999995,286.8874164508869
303.15,285.8858815397946
301.45,284.18952498429707
299.84999999999997,286.5559918846146
298.15,286.53447688025176
295.95,289.25668915971823
294.25,288.2075173103753
293.15,287.7719291985651
293.15,288.28821971755406
292.54999999999995,287.4939038054354
292.04999999999995,287.2958774556141
290.95,286.5441855371865
290.34999999999997,285.99876357001597
289.25,285.7969832915199
288.15,284.99319811642937
288.75,284.4316132772129
290.95,284.95782306639364
293.75,286.24647501357254
295.95,286.2571328795122
298.15,286.1007947968662
300.34999999999997,285.22220073254306
301.45,284.18952498429707
302.04999999999995,285.5992237596913
301.45,284.9044838057755
301.45,284.5524314619021
300.95,284.27012615302897
300.95,284.61581844366725
300.34999999999997,284.5970563431794
298.75,283.3455757655488
297.04999999999995,282.65136278847314
294.84999999999997,281.6072313001826
292.54999999999995,280.8670776021043
292.04999999999995,280.7484949647287
289.84999999999997,279.9991015525705
292.04999999999995,280.1376465740571
290.34999999999997,278.49313017179526
284.84999999999997,278.6195380248787
283.15,277.4289170756266
282.04999999999995,277.0453680769396
284.25,278.6191552103008
285.34999999999997,279.2291350310133
287.04999999999995,280.171650581415
289.84999999999997,281.19577451202923
291.45,280.54988587814915
291.45,279.97245956315754
292.54999999999995,279.9972797337636
293.15,280.1111506448984
293.75,279.94301752503804
294.25,280.2188836755923
294.25,280.2188836755923
294.84999999999997,280.54989641804065
293.15,280.1111506448984
291.45,279.5619744876766
287.54999999999995,278.0004381101544
285.34999999999997,276.8128953329678
283.75,276.05816280518803
283.15,275.93540870941143
282.04999999999995,275.4948725117204
279.25,274.2374355941007
278.75,273.8976577240381
279.25,273.95316387007836
279.25,273.8128580682412
277.54999999999995,273.03802885852986
281.45,275.3770789943397
285.34999999999997,277.0557048143111
288.75,278.9432274083141
291.45,280.54988587814915
294.25,281.48566611393545
295.95,282.5271476240376
298.15,283.5917493336486
298.75,283.65374543177506
300.34999999999997,283.93134651955177
300.34999999999997,283.93134651955177
297.54999999999995,284.2894717005186
297.04999999999995,283.9676091023212
294.84999999999997,283.4024181445028
294.25,283.381534615701
293.15,283.1423909574339
292.54999999999995,282.875594751197
290.95,282.1593940622312
290.34999999999997,281.4214865181485
289.84999999999997,281.33579488608194
287.54999999999995,280.21858631438397
285.34999999999997,279.2291350310133
283.75,278.3908661715179
281.45,277.04373670203347
279.84999999999997,276.37138522432093
286.45,280.98306961211216
290.34999999999997,282.26716157369947
292.04999999999995,282.82810174770464
294.25,283.5694839208847
297.54999999999995,284.2894717005186
300.34999999999997,284.5970563431794
301.45,284.5524314619021
301.45,283.43753656606145
300.34999999999997,282.86256977101624
299.84999999999997,282.60119978256586
300.34999999999997,282.86256977101624
300.95,284.27012615302897
299.25,284.8350524658577
296.45,286.09248643682474
294.25,284.4603350289203
292.54999999999995,284.118833788646
290.34999999999997,283.32031165114796
289.25,281.28540705864236
290.95,281.2419735694085
289.25,280.7505762031412
289.25,281.0209430408424
287.04999999999995,279.9436537321634
285.95,279.40175968194376
284.84999999999997,278.9198491394311
287.04999999999995,280.73100359006764
289.84999999999997,282.5319032291059
291.45,283.6790727673083
288.75,282.9508105485447
288.75,283.6389473335409
288.75,284.4316132772129
288.15,284.10944135436336
283.15,279.92438984953424
281.45,279.7276457012987
282.54999999999995,279.9309055933778
285.95,282.10211763105485
287.54999999999995,282.5828900312851
288.15,282.2107015763321
285.34999999999997,281.75723874971106
283.75,280.77037709618224
283.75,280.1907026015066
284.25,281.04059801520066
283.75,281.0630668366822
283.15,281.0786477390788
282.04999999999995,280.30838288473035
282.04999999999995,280.0225639547508
280.95,280.19035592263174
281.45,281.07914140110273
281.45,281.07914140110273
280.95,280.19035592263174
280.95,280.19035592263174
280.34999999999997,279.9783298299042
280.34999999999997,279.5952079592208
280.95,279.80751421208157
283.75,281.9537999269385
284.84999999999997,282.1008771267696
287.54999999999995,283.6705234132394
288.15,283.4448297489449
289.84999999999997,284.01205215294914
289.84999999999997,283.77126997582496
287.54999999999995,283.6705234132394
285.95,282.6190760987135
285.34999999999997,282.26577824952625
284.25,282.1347282041147
284.25,281.8337767237626
282.54999999999995,281.7774137556484
282.54999999999995,280.79232982833656
282.54999999999995,280.50260245784204
282.54999999999995,281.4787232361305
282.54999999999995,280.50260245784204
282.04999999999995,280.30838288473035
280.95,279.80751421208157
281.45,280.68631202135583
282.04999999999995,280.0225639547508
284.25,281.04059801520066
285.95,282.10211763105485
286.45,282.3486707944378
287.54999999999995,282.5828900312851
288.15,282.88741037330465
290.34999999999997,283.9496338093208
290.34999999999997,283.9496338093208
292.04999999999995,284.84706690357103
292.54999999999995,284.9809736268128
292.54999999999995,284.840485241111
292.04999999999995,284.84706690357103
290.34999999999997,284.4419490094402
289.84999999999997,284.25112180480073
289.84999999999997,284.01205215294914
288.75,283.866278674316
287.54999999999995,283.6705234132394
286.45,282.3486707944378
286.45,282.8731381548653
286.45,283.39927039344195
286.45,283.7161587683589
285.95,283.4520662662934
285.95,283.4520662662934
285.34999999999997,283.19080546864285
285.95,284.08315274849053
288.15,284.6617968575857
289.25,284.8844237937076
290.34999999999997,285.16692381166973
292.54999999999995,286.4645377238228
293.75,286.95236757648695
295.95,286.93777042131615
297.54999999999995,287.6592258227565
298.15,288.11994929622233
298.75,288.19577755325685
298.75,289.84910933717396
299.25,290.6020109249324
299.25,290.25301700209036
300.34999999999997,291.3227669866632
289.84999999999997,287.511090532009
288.75,286.79322232648076
287.54999999999995,286.40375722701737
287.54999999999995,286.73693972142127
287.54999999999995,286.73693972142127
285.95,285.4739734264734
289.25,286.3658466712584
290.95,286.5441855371865
290.34999999999997,286.46977307099354
289.84999999999997,286.0086690335575
289.84999999999997,286.0086690335575
291.45,286.754597871367
293.75,287.50130226094706
297.04999999999995,287.97343209513053
299.25,287.96268738874477
300.95,287.0296705413814
302.04999999999995,286.8874164508869
303.15,287.26554935570005
303.75,288.58668081118964
300.95,287.0296705413814
294.84999999999997,285.41932882324505
295.34999999999997,286.94589937608447
294.25,285.12517137489715
292.54999999999995,284.840485241111
292.04999999999995,284.9819365674489
292.04999999999995,284.57443076942707
290.95,284.45495740293745
290.95,284.3276956317868
290.34999999999997,284.1968539587432
290.34999999999997,284.1968539587432
290.34999999999997,284.1968539587432
290.34999999999997,283.9496338093208
289.84999999999997,283.77126997582496
290.34999999999997,283.32031165114796
290.34999999999997,283.32031165114796
292.54999999999995,284.840485241111
294.25,285.6018926887773
294.25,285.7572306473234
296.45,286.9887944964729
298.15,287.35364471731486
295.95,287.26597131560527
294.84999999999997,285.2504838578491
294.84999999999997,286.54463970846683
293.75,285.956666868161
293.75,285.956666868161
294.25,285.12517137489715
292.54999999999995,284.840485241111
290.95,284.45495740293745
289.84999999999997,284.25112180480073
289.84999999999997,283.5285286402367
289.25,283.2605667566798
289.25,283.2605667566798
287.54999999999995,282.5828900312851
287.54999999999995,282.5828900312851
287.04999999999995,282.3572511810491
287.04999999999995,282.3572511810491
287.54999999999995,282.5828900312851
287.04999999999995,282.57131411314174
286.45,282.8731381548653
289.25,284.65521321448097
290.95,285.4524412761773
293.75,286.6729259742798
294.84999999999997,287.00215053287377
296.45,287.33066982150143
299.25,287.31869357397966
299.25,287.09554548197247
300.34999999999997,286.63207655667895
298.75,286.0565082992016
297.04999999999995,287.09492139939687
292.54999999999995,285.53235199572526
293.15,285.3252058858623
292.04999999999995,285.5129572480146
290.34999999999997,284.92676503336276
289.84999999999997,284.7249854324121
289.25,284.1946576578167
288.15,283.66673966873947
289.84999999999997,284.25112180480073
288.75,283.6389473335409
287.04999999999995,283.10578205198107
286.45,282.8731381548653
284.84999999999997,282.1008771267696
285.95,282.93046637450294
287.54999999999995,283.3448636333049
289.25,284.1946576578167
290.95,285.2060387981259
291.45,285.64008960475445
289.84999999999997,284.9601574626955
292.54999999999995,286.59499635788967
293.15,286.1703815422353
294.25,286.5112490024537
296.45,287.33066982150143
295.34999999999997,286.4662877190054
298.15,287.9326952980347
294.25,286.06312500175335
287.54999999999995,284.7571101870165
286.45,284.9963888398478
286.45,284.9963888398478
285.95,284.7207865588233
286.45,285.32025375019333
285.95,284.7207865588233
285.34999999999997,284.5547536197928
285.34999999999997,284.23674807812813
284.84999999999997,283.63987096486426
284.25,283.46365748324865
284.84999999999997,283.63987096486426
284.84999999999997,283.63987096486426
285.34999999999997,283.81585518094676
285.95,283.766846304652
286.45,283.7161587683589
288.15,284.99319811642937
289.25,285.4553430620043
289.84999999999997,285.7767021474835
290.34999999999997,286.23456446499915
289.25,285.7969832915199
289.25,285.7969832915199
284.84999999999997,283.3281511356232
285.95,282.93046637450294
288.75,284.20590775235235
287.54999999999995,283.88757923863284
287.04999999999995,283.96183415426145
286.45,283.92803223942906
286.45,283.7161587683589
286.45,283.7161587683589
284.84999999999997,283.01847776232836
284.25,283.46365748324865
284.25,283.05027964707637
284.25,282.74290557291806
283.75,281.5554872140331
283.75,281.3578076244417
283.15,281.6699533217426
283.15,281.6699533217426
284.84999999999997,282.40493867905536
287.54999999999995,283.88757923863284
287.54999999999995,284.4306364197395
288.75,285.2188996298698
288.75,284.20590775235235
289.84999999999997,284.01205215294914
291.45,284.7464911721332
292.04999999999995,284.84706690357103
293.15,285.4688219133945
292.54999999999995,284.9809736268128
292.54999999999995,284.411639420006
291.45,284.7464911721332
289.25,284.4253375494296
287.54999999999995,284.7571101870165
287.04999999999995,284.1764863181109
286.45,283.39927039344195
285.34999999999997,283.5024212851312
285.34999999999997,282.8809061862947
283.75,282.55895300120665
283.15,281.6699533217426
282.04999999999995,280.88843857429305
280.95,280.4811460538512
281.45,280.39520918161253
283.15,281.0786477390788
285.34999999999997,282.0619674270228
288.15,283.4448297489449
290.95,284.70755236161244
293.75,285.512403018214
295.34999999999997,286.78773012148434
296.45,286.4588334787103
297.54999999999995,286.71334590363216
297.54999999999995,287.1005445284816
297.04999999999995,286.72623800035643
298.15,286.95146061425265
298.15,287.35364471731486
297.04999999999995,287.09492139939687
294.84999999999997,286.54463970846683
291.45,285.1331324312572
289.25,284.65521321448097
288.75,283.866278674316
287.54999999999995,285.74162337020596
287.04999999999995,284.49919051201357
284.84999999999997,282.7107707378057
284.84999999999997,283.01847776232836
283.75,282.55895300120665
283.15,282.6779952426408
283.15,281.96936035762246
285.34999999999997,283.19080546864285
288.15,283.8882392435928
291.45,284.7464911721332
294.25,285.7572306473234
297.04999999999995,286.5376057977785
296.45,285.71420222392544
296.45,287.16079261082575
293.15,287.7719291985651
295.34999999999997,286.78773012148434
294.84999999999997,286.54463970846683
296.45,287.33066982150143
295.34999999999997,287.4112329076491
292.54999999999995,286.2017766264185
291.45,285.8905033243755
289.25,285.1130957490334
288.15,284.6617968575857
287.04999999999995,283.96183415426145
284.84999999999997,283.63987096486426
284.84999999999997,283.3281511356232
284.84999999999997,283.63987096486426
285.95,284.08315274849053
284.84999999999997,283.3281511356232
284.84999999999997,283.3281511356232
285.34999999999997,283.81585518094676
285.34999999999997,283.81585518094676
285.95,283.766846304652
287.54999999999995,284.7571101870165
287.54999999999995,284.21329540879606
289.84999999999997,285.4277950302083
290.95,285.94065618169935
293.15,286.7150784046232
295.34999999999997,288.16058379205765
296.45,288.15193047282935
296.45,287.33066982150143
298.75,287.79874994201526
298.75,287.59523818706435
295.34999999999997,288.16058379205765
292.04999999999995,286.6695049215548
289.84999999999997,286.3559297662523
288.15,285.5463115360553
287.04999999999995,285.1478249824435
287.54999999999995,285.4124350625913
286.45,284.6741592957392
285.34999999999997,284.5547536197928
287.54999999999995,286.40375722701737
287.54999999999995,286.40375722701737
287.54999999999995,286.73693972142127
286.45,284.9963888398478
286.45,283.92803223942906
287.04999999999995,284.49919051201357
289.25,286.02455840397863
290.95,286.5441855371865
292.54999999999995,287.4939038054354
294.25,287.93328514684083
295.95,288.0574390305439
297.04999999999995,288.80209844646896
298.75,289.84910933717396
298.15,289.5341034989774
294.84999999999997,289.00712017248287
293.75,288.5679057080911
293.15,288.28821971755406
292.54999999999995,287.4939038054354
290.95,285.94065618169935
288.15,284.4409088364132
284.84999999999997,283.01847776232836
284.84999999999997,282.7107707378057
285.34999999999997,283.5024212851312
284.25,283.05027964707637
283.75,282.55895300120665
283.15,281.96936035762246
282.54999999999995,282.17995089977853
282.04999999999995,281.57957169640633
283.75,282.2552003372911
286.45,283.39927039344195
288.75,284.20590775235235
292.04999999999995,285.5129572480146
293.75,286.53179983727637
295.34999999999997,286.78773012148434
295.95,286.6017931468755
297.04999999999995,287.27528653625774
297.54999999999995,287.1005445284816
297.54999999999995,286.71334590363216
297.54999999999995,287.8401877115132
297.54999999999995,287.4757294771856
295.34999999999997,287.864380443878
289.84999999999997,284.37008441583134
287.04999999999995,283.42647022225475
287.04999999999995,283.10578205198107
286.45,282.55832937995774
285.34999999999997,282.26577824952625
285.34999999999997,282.26577824952625
283.75,281.5554872140331
283.15,281.0786477390788
282.54999999999995,280.79232982833656
282.04999999999995,280.5969983355224
282.04999999999995,280.30838288473035
284.25,280.74632607426634
287.54999999999995,280.9154269069925
290.34999999999997,281.4214865181485
293.15,284.12450784139463
294.84999999999997,285.5859186136123
295.95,286.2571328795122
298.15,284.67569684423665
299.25,284.25315362054437
300.95,285.27523915857773
300.95,287.55353986068883
296.45,288.15193047282935
295.95,288.0574390305439
295.34999999999997,287.864380443878
292.54999999999995,286.4645377238228
291.45,286.38633556653673
290.34999999999997,285.16692381166973
288.15,283.8882392435928
289.25,283.61339135939966
288.15,283.11091973162445
288.75,283.181393449348
287.04999999999995,282.89204939336287
287.54999999999995,282.80108442864343
287.04999999999995,282.89204939336287
286.45,282.55832937995774
287.54999999999995,283.1275698789574
288.75,283.6389473335409
289.25,283.61339135939966
292.04999999999995,285.24904322360135
292.04999999999995,286.6695049215548
292.54999999999995,286.59499635788967
293.75,287.50130226094706
294.84999999999997,288.1694217297773
293.15,288.03090548673674
292.04999999999995,287.2958774556141
292.54999999999995,287.23934582726645
289.25,287.04902794478636
288.75,286.4550252367722
288.75,286.79322232648076
287.04999999999995,286.24098903831793
287.54999999999995,286.0720223528286
287.45,285.20694449148453
287.45,286.63774961726466
287.34999999999997,286.53855949692144
287.25,286.43936936034623
287.15,286.67224600794424
287.15,286.34017920749363
287.04999999999995,285.80169985907014
285.95,285.4739734264734
288.15,286.65873055867553
290.34999999999997,287.4067897074137
291.45,287.8464483600552
294.25,288.74832797719966
296.45,290.12619692531484
297.54999999999995,290.0133496063648
299.84999999999997,289.8126231604872
300.34999999999997,288.1028910294663
302.04999999999995,289.55462584371986
302.04999999999995,288.03371754613266
302.54999999999995,288.6422336715629
301.45,288.8870704599857
300.34999999999997,289.4040496869732
298.15,289.3644176882811
294.25,287.65612601481655
292.04999999999995,287.2958774556141
292.04999999999995,286.41617603885106
289.25,286.70726336688386
289.84999999999997,286.3559297662523
289.25,285.7969832915199
289.25,285.7969832915199
289.25,286.70726336688386
288.75,286.4550252367722
287.54999999999995,285.4124350625913
288.15,285.5463115360553
290.95,286.78399805945367
293.15,287.5110904154346
295.34999999999997,288.452600966572
295.95,289.25668915971823
295.34999999999997,288.59716660089737
297.04999999999995,289.8995203531037
298.75,290.36225129482204
297.04999999999995,288.80209844646896
289.25,287.2771615602617
291.45,287.60510258111174
292.54999999999995,287.99863752612083
293.75,288.30451099319595
292.04999999999995,287.54412228792603
290.95,287.974575509765
290.95,287.737243357878
289.84999999999997,287.511090532009
289.25,287.2771615602617
289.84999999999997,287.28006636568426
288.75,286.2299268753016
287.54999999999995,285.74162337020596
287.54999999999995,285.74162337020596
286.45,285.32025375019333
286.45,284.9963888398478
288.75,287.13222908863094
287.54999999999995,286.73693972142127
290.34999999999997,287.7574015498475
292.04999999999995,289.0155138204077
294.84999999999997,290.0893963585286
297.04999999999995,290.94313978401
298.75,291.34642418657427
300.95,291.43986327790276
302.04999999999995,290.68780889873165
302.04999999999995,292.7048940252872
297.04999999999995,290.79671382218316
295.95,290.25729799218084
295.34999999999997,290.27289076266504
294.25,290.1961345887435
294.25,290.1961345887435
293.15,289.4301162258813
292.04999999999995,289.0155138204077
290.95,288.3302030068392
289.25,287.2771615602617
288.15,286.65873055867553
288.15,285.99005682184907
287.54999999999995,285.74162337020596
286.45,284.6741592957392
285.95,284.08315274849053
288.15,284.99319811642937
291.45,286.754597871367
294.25,287.3757199311752
297.54999999999995,287.8401877115132
300.95,287.0296705413814
301.45,287.3609931292154
302.54999999999995,287.20420191222064
303.15,287.5843369488307
304.25,287.2590354043363
304.84999999999997,287.2496590849506
305.34999999999997,287.54435728616176
303.75,286.9584793519976
303.15,287.26554935570005
301.45,286.79975994312787
297.04999999999995,286.3458846135286
295.95,286.2571328795122
296.45,286.09248643682474
292.54999999999995,284.9809736268128
289.25,284.4253375494296
289.25,284.4253375494296
288.75,284.20590775235235
288.15,283.66673966873947
286.45,283.0833323192947
285.34999999999997,282.572607797096
289.25,284.1946576578167
292.04999999999995,284.84706690357103
295.34999999999997,286.30282212443734
298.75,287.9988669788091
299.84999999999997,288.6147641615237
301.45,288.15055576575213
302.54999999999995,288.08988532857353
303.15,289.05048267974274
303.75,288.88501460118005
303.75,288.88501460118005
303.75,289.175535456816
302.54999999999995,289.422504917586
302.04999999999995,289.55462584371986
299.84999999999997,288.6147641615237
298.15,288.11994929622233
297.04999999999995,288.1427381693432
296.45,287.82866266042555
294.25,286.5112490024537
294.25,286.2138513760963
292.54999999999995,285.53235199572526
293.15,285.4688219133945
293.75,285.8099230265511
294.25,286.5112490024537
294.84999999999997,287.00215053287377
292.54999999999995,285.9363152544516
294.84999999999997,287.00215053287377
297.54999999999995,287.8401877115132
300.95,288.5306274254989
303.15,288.48745321776886
304.84999999999997,287.2496590849506
305.34999999999997,286.7541098504518
305.95,288.2808805622662
305.95,288.2808805622662
307.04999999999995,286.825298617661
305.34999999999997,286.3392712982176
304.84999999999997,287.2496590849506
303.15,288.48745321776886
298.75,288.19577755325685
297.04999999999995,285.3338570697619
294.84999999999997,284.7290083534377
292.54999999999995,283.19907163754215
293.15,282.0549478077089
292.04999999999995,281.8474311687901
289.84999999999997,281.7461999839245
289.25,281.4156625408671
289.25,281.79950934193045
287.54999999999995,280.9154269069925
289.25,281.28540705864236
292.04999999999995,282.67104289925743
294.84999999999997,283.79990468038113
298.15,285.41404419495007
300.95,286.47794977995403
302.04999999999995,285.2508705368884
303.15,285.5121997469116
303.75,285.457389335762
304.84999999999997,286.4718705357674
304.84999999999997,286.06369210160483
305.34999999999997,286.3392712982176
303.75,285.8509175708891
304.84999999999997,286.4718705357674
302.04999999999995,286.2632995052733
298.15,285.41404419495007
298.75,287.17720605631933
295.34999999999997,287.864380443878
294.25,287.65612601481655
292.04999999999995,285.64382625445324
288.75,283.41070912325426
287.54999999999995,282.80108442864343
288.15,282.88741037330465
286.45,281.8246494301003
286.45,281.8246494301003
284.25,281.23769094305845
288.75,283.41070912325426
291.45,283.6790727673083
293.15,284.4345301308613
293.75,284.74121167825473
295.34999999999997,285.80015083633515
297.04999999999995,287.27528653625774
298.75,287.9988669788091
299.84999999999997,287.96969646880905
299.25,288.9645989919177
300.34999999999997,290.00731434276327
299.25,289.714681472745
300.34999999999997,289.4040496869732
301.45,289.3530767252194
298.15,288.844062113648
295.34999999999997,286.94589937608447
292.04999999999995,287.04640126478125
289.84999999999997,286.5871170609004
289.84999999999997,285.4277950302083
287.54999999999995,284.21329540879606
285.95,280.34783578723994
284.25,279.1970826864719
282.04999999999995,278.2743388831871
280.95,278.153402056038
280.34999999999997,277.85526359513534
285.95,279.5082920722748
288.75,280.6432774290126
289.25,280.47344421354524
290.34999999999997,280.97298187302886
292.04999999999995,282.82810174770464
294.25,284.11297191534425
295.34999999999997,285.2764202946348
296.45,285.71420222392544
298.75,287.17720605631933
298.15,287.35364471731486
298.15,286.95146061425265
297.54999999999995,286.71334590363216
296.45,285.71420222392544
294.25,285.7572306473234
291.45,285.0049253315394
289.84999999999997,284.7249854324121
288.75,284.20590775235235
288.15,283.66673966873947
287.04999999999995,283.42647022225475
285.95,282.3086435173902
285.34999999999997,281.2515006745021
283.75,279.99902232862894
283.15,278.61847854256155
283.15,278.43463350984393
287.04999999999995,280.5088564560108
289.25,281.28540705864236
290.95,282.1593940622312
293.15,283.4795471109623
294.25,283.753896265601
295.34999999999997,284.345261255723
297.04999999999995,285.11912225718993
298.15,285.41404419495007
298.75,285.8170919080277
299.25,285.90313378832644
299.84999999999997,286.03887439034344
299.84999999999997,286.03887439034344
299.25,286.39675119628953
297.54999999999995,285.68246812179916
295.95,284.96598035504076
293.15,284.12450784139463
292.04999999999995,283.8730606805399
289.84999999999997,283.28355201738225
289.25,283.49617369851
289.84999999999997,283.5285286402367
288.75,285.2188996298698
287.04999999999995,283.96183415426145
286.45,281.6148299471128
284.84999999999997,281.4975687861614
287.54999999999995,283.1275698789574
289.25,283.49617369851
291.45,283.5409448240919
293.75,284.74121167825473
295.95,285.90275161934716
298.15,287.54970803859675
300.34999999999997,287.8712173494549
301.45,288.15055576575213
303.15,288.48745321776886
303.75,288.2800155411441
303.15,288.1947308260051
303.75,288.2800155411441
300.95,287.80609272113355
300.34999999999997,289.1966029235894
298.75,289.1379755438004
296.45,286.2770657024998
295.95,286.6017931468755
294.84999999999997,285.2504838578491
293.15,285.8928242696652
292.54999999999995,283.97010347253047
290.95,283.68002778494673
290.34999999999997,283.32031165114796
289.25,282.783810132638
290.95,282.87079519912095
293.75,284.41972220892956
295.95,285.5374562774553
299.84999999999997,286.80503595613794
302.54999999999995,288.3695515567963
304.84999999999997,288.6613443550991
306.45,288.58141069263337
307.04999999999995,288.5462860619895
307.04999999999995,288.1369990589354
307.04999999999995,288.1369990589354
305.95,289.0102945320112
304.84999999999997,288.32487877914815
302.54999999999995,287.8027739110878
301.45,287.63071071989845
299.84999999999997,287.5186416748358
299.25,287.09554548197247
296.45,285.90492605400095
293.15,284.8865576941806
292.04999999999995,284.57443076942707
292.04999999999995,284.2975404114148
290.34999999999997,283.9496338093208
289.84999999999997,284.01205215294914
289.25,283.49617369851
288.15,282.66299372058864
288.15,282.66299372058864
291.45,283.81600847307914
294.25,285.6018926887773
299.84999999999997,287.0482586994109
303.15,288.48745321776886
305.95,287.8979869675522
306.45,288.19267181408856
307.54999999999995,288.8409585174014
308.75,289.5481509555726
308.75,289.1181366511913
308.75,289.5481509555726
307.54999999999995,288.8409585174014
307.04999999999995,288.5462860619895
305.95,288.2808805622662
303.15,287.26554935570005
298.75,286.5191145422004
298.15,285.8770162512633
298.15,285.64820985246246
297.54999999999995,284.53615646739405
295.95,283.9361275638869
297.04999999999995,283.9676091023212
295.95,283.71612713630793
294.25,283.381534615701
296.45,284.04751059915037
295.95,284.15104547975955
295.95,284.7684013675996
299.84999999999997,286.80503595613794
302.04999999999995,287.4761376591753
304.25,286.52085474889407
305.34999999999997,286.7541098504518
307.54999999999995,287.551732087342
309.25,288.0069184600414
309.25,288.0069184600414
308.75,287.73837980216626
309.84999999999997,288.3291566325768
309.84999999999997,288.3291566325768
308.75,287.73837980216626
307.04999999999995,288.5462860619895
305.95,288.2808805622662
300.95,288.9892048863036
298.15,288.6665092949046
294.84999999999997,285.0792478323728
292.54999999999995,283.81969420691377
290.34999999999997,282.6702351169616
288.75,282.1304937092535
288.75,281.8911834845515
285.34999999999997,280.84820746721766
284.84999999999997,280.8004193167668
284.84999999999997,280.60223632878467
289.84999999999997,283.77126997582496
291.45,284.22033398481597
293.15,286.84934196898814
294.25,287.65612601481655
294.84999999999997,287.88374067083953
295.95,288.3640935527926
298.15,289.3644176882811
299.25,290.0756503348152
304.25,290.6211805747576
304.84999999999997,290.77169204047874
305.95,290.95557177753244
303.15,291.5184613962321
302.04999999999995,291.1145622861451
300.95,290.6705453222544
297.54999999999995,289.37448120815003
295.34999999999997,288.452600966572
292.54999999999995,287.74694269649933
293.15,288.03090548673674
291.45,287.2418584183511
290.34999999999997,287.0559151528306
289.84999999999997,287.28006636568426
289.84999999999997,287.511090532009
289.84999999999997,287.28006636568426
288.75,286.4550252367722
289.25,287.04902794478636
289.25,287.2771615602617
288.75,286.4550252367722
289.84999999999997,286.9336341712915
291.45,287.2418584183511
294.84999999999997,288.7307958412319
295.34999999999997,288.8836428400843
297.54999999999995,289.85565090124146
299.84999999999997,290.5571396733091
302.04999999999995,291.7309845491936
302.54999999999995,291.4984767122744
303.15,291.95917117827474
302.54999999999995,291.91841394822677
298.15,290.35817813553115
296.45,289.6865681711026
295.95,289.97513254739886
294.84999999999997,289.55240243014674
293.75,289.08947048297773
292.04999999999995,288.40539089372106
290.95,287.737243357878
290.34999999999997,287.4067897074137
289.25,287.2771615602617
287.54999999999995,286.73693972142127
288.75,288.72903855075856
288.75,288.72903855075856
290.34999999999997,289.161756633285
292.04999999999995,289.380336895785
294.25,290.1961345887435
295.95,290.25729799218084
296.45,290.7011105051894
297.04999999999995,290.94313978401
297.54999999999995,291.2347614260065
300.34999999999997,292.2007604391696
300.34999999999997,292.54050084409187
299.84999999999997,291.7819940785314
300.34999999999997,292.2007604391696
299.25,291.7719813334167
297.54999999999995,291.8235396094999
296.45,291.12509622340286
294.84999999999997,290.48765783329895
294.25,289.93627188085276
294.25,289.93627188085276
292.54999999999995,289.24210388499597
292.54999999999995,289.24210388499597
291.45,289.16696234904737
289.84999999999997,288.6692577021638
290.34999999999997,289.161756633285
289.84999999999997,289.0183077513208
290.95,290.1093939446029
290.95,290.1093939446029
293.15,290.8035412183886
295.95,291.49852932332874
297.54999999999995,291.8235396094999
301.45,293.64441850998213
304.25,294.4935029640975
300.95,293.04850144962495
294.25,291.4805967835887
295.95,287.5871908786195
296.45,287.82866266042555
294.84999999999997,290.7513527763273
295.95,289.6901353591519
294.84999999999997,290.0893963585286
294.25,289.54398274822324
294.25,288.47911117712965
292.54999999999995,287.74694269649933
292.54999999999995,287.99863752612083
292.54999999999995,287.74694269649933
291.45,287.2418584183511
292.54999999999995,287.4939038054354
291.45,286.9987027995158
290.95,286.5441855371865
290.34999999999997,285.99876357001597
291.45,286.9987027995158
294.25,288.2075173103753
297.04999999999995,289.4368765634985
298.15,290.35817813553115
299.84999999999997,291.0928904504985
302.54999999999995,291.91841394822677
303.75,291.2695904430039
304.84999999999997,291.0442336781216
304.84999999999997,291.0442336781216
303.75,291.2695904430039
302.54999999999995,290.8434432256528
302.54999999999995,290.8434432256528
296.45,289.6865681711026
294.84999999999997,289.8218306861768
294.25,289.01540480097987
293.15,288.5440546340045
292.04999999999995,288.40539089372106
291.45,288.2075129904468
292.04999999999995,288.40539089372106
290.34999999999997,287.7574015498475
289.84999999999997,287.511090532009
289.25,287.04902794478636
288.15,286.65873055867553
288.15,286.2124945568506
291.45,287.60510258111174
295.34999999999997,288.8836428400843
297.54999999999995,289.536283052167
298.75,290.5299305698804
300.34999999999997,291.1416075460651
300.95,290.86665816030836
301.45,291.06050651990256
302.04999999999995,291.7309845491936
301.45,291.06050651990256
300.95,291.2511926089117
293.75,289.7334519892427
290.95,289.7527548154621
291.45,289.88561387593586
291.45,289.16696234904737
290.95,289.39669340473415
290.95,289.39669340473415
290.95,289.39669340473415
290.95,289.39669340473415
290.34999999999997,289.161756633285
290.34999999999997,288.8099882654302
289.84999999999997,289.0183077513208
289.84999999999997,288.6692577021638
288.75,288.2699394295664
289.25,288.0782584410762
290.34999999999997,288.8099882654302
291.45,289.52624882009985
293.75,289.3480051645894
295.34999999999997,290.27289076266504
297.54999999999995,291.2347614260065
299.25,291.7719813334167
300.34999999999997,291.50195494729775
299.84999999999997,291.2676990067582
299.84999999999997,292.11716566204603
299.25,291.7719813334167
297.04999999999995,292.5093973576831
297.54999999999995,291.8235396094999
297.04999999999995,292.5093973576831
292.54999999999995,290.225925802176
291.45,289.16696234904737
290.95,288.5671531511649
290.95,288.5671531511649
290.34999999999997,288.4587933827029
290.34999999999997,288.8099882654302
290.95,288.3302030068392
290.95,287.974575509765
290.95,287.974575509765
290.34999999999997,287.7574015498475
290.34999999999997,287.4067897074137
290.95,287.737243357878
294.84999999999997,289.00712017248287
298.15,290.35817813553115
298.75,291.1858238301157
296.45,289.3888447557921
292.04999999999995,289.0155138204077
294.25,289.01540480097987
294.25,289.01540480097987
296.45,290.7011105051894
298.75,290.5299305698804
297.04999999999995,290.20242131173796
297.04999999999995,289.8995203531037
293.15,288.28821971755406
293.15,289.1782319200265
290.34999999999997,288.4587933827029
290.34999999999997,288.1079964245769
289.84999999999997,288.20516875820994
290.95,287.737243357878
290.34999999999997,287.4067897074137
289.25,286.70726336688386
287.54999999999995,286.40375722701737
287.04999999999995,285.80169985907014
285.95,285.1498960868231
285.34999999999997,284.9820025179755
288.75,286.79322232648076
290.95,287.380662117533
292.04999999999995,287.54412228792603
293.75,288.30451099319595
295.95,288.9632802432847
298.15,289.0194943110723
299.84999999999997,288.6147641615237
301.45,288.8870704599857
302.04999999999995,288.3020216148507
305.34999999999997,289.6318488199444
304.25,288.91330069227774
302.04999999999995,288.5639059261658
300.34999999999997,288.329913529602
299.25,288.57336567578244
297.04999999999995,288.1427381693432
296.45,286.9887944964729
293.15,285.8928242696652
290.95,285.4524412761773
290.95,285.6972481868917
289.84999999999997,285.7767021474835
288.75,285.2188996298698
287.04999999999995,284.49919051201357
287.04999999999995,284.49919051201357
287.54999999999995,284.7571101870165
289.84999999999997,285.4277950302083
292.54999999999995,286.4645377238228
295.95,287.5871908786195
299.84999999999997,289.2274099616519
302.54999999999995,288.90835996081336
304.25,286.52085474889407
304.84999999999997,287.2496590849506
305.34999999999997,287.1557931173232
305.95,287.50210941152994
306.45,287.7906992984117
306.45,288.19267181408856
305.34999999999997,288.28403946504005
304.25,288.60179585147864
303.15,288.48745321776886
299.84999999999997,287.5186416748358
298.15,286.95146061425265
297.54999999999995,287.4757294771856
295.95,287.26597131560527
293.15,286.1703815422353
293.15,286.1703815422353
293.15,285.4688219133945
292.04999999999995,285.24904322360135
291.45,284.48508446523033
290.34999999999997,283.9496338093208
294.25,286.06312500175335
298.15,287.7426679615277
302.04999999999995,288.5639059261658
303.75,287.3043196629998
304.84999999999997,286.4718705357674
305.95,287.09278762293536
306.45,287.37501155862327
305.95,287.8979869675522
307.04999999999995,288.94203977071805
307.54999999999995,289.2425583070983
308.15,289.1945584321504
306.45,289.32183924622814
305.34999999999997,289.3096959127043
303.15,288.48745321776886
300.34999999999997,287.3927313808309
297.54999999999995,286.5147863865488
295.34999999999997,286.1373877238625
295.34999999999997,285.80015083633515
291.45,285.1331324312572
291.45,285.64008960475445
290.34999999999997,285.16692381166973
289.84999999999997,284.9601574626955
288.15,284.10944135436336
287.04999999999995,283.96183415426145
292.04999999999995,286.41617603885106
294.25,286.2138513760963
297.54999999999995,288.1950397141936
299.25,288.57336567578244
302.54999999999995,290.61764722949545
307.54999999999995,291.40276669245253
309.25,289.8428059492698
310.34999999999997,289.5761484131194
311.45,290.676291252061
312.04999999999995,290.03138877050986
313.15,290.10132134226603
312.54999999999995,289.2368587280163
311.45,288.6623103882808
309.25,288.0069184600414
305.34999999999997,287.1557931173232
302.04999999999995,286.2632995052733
299.25,286.39675119628953
298.75,285.57178697066985
298.15,285.41404419495007
295.95,284.7684013675996
293.15,283.96657169928216
292.54999999999995,283.19907163754215
290.95,283.4147287828772
288.75,282.71874864789004
293.15,284.7374839554853
295.95,285.1598704754843
298.15,284.9281832472391
298.75,285.57178697066985
299.84999999999997,286.80503595613794
302.04999999999995,288.03371754613266
303.75,288.2800155411441
305.95,289.0102945320112
307.04999999999995,289.3249311174111
307.04999999999995,288.94203977071805
307.04999999999995,289.3249311174111
307.54999999999995,289.2425583070983
307.04999999999995,288.94203977071805
304.84999999999997,288.32487877914815
302.04999999999995,287.1859245709937
299.84999999999997,286.80503595613794
297.54999999999995,287.2895540445708
295.95,286.77080766523017
292.54999999999995,285.53235199572526
293.15,283.4795471109623
292.54999999999995,283.03854780793125
290.95,282.1593940622312
289.25,281.28540705864236
287.04999999999995,280.2846420234938
290.34999999999997,282.40277141454294
293.15,283.6442293256746
294.84999999999997,284.1816974859563
296.45,285.520118807838
298.15,286.1007947968662
300.34999999999997,286.63207655667895
303.15,287.89387263775694
304.84999999999997,288.6613443550991
306.45,288.95756431109794
307.54999999999995,289.6310647839775
306.45,289.32183924622814
304.84999999999997,288.6613443550991
303.75,288.2800155411441
303.15,287.89387263775694
299.84999999999997,286.80503595613794
298.15,286.53447688025176
295.95,285.90275161934716
293.75,285.3614718706446
293.75,285.956666868161
293.75,285.8099230265511
293.75,285.512403018214
291.45,285.0049253315394
290.34999999999997,284.1968539587432
290.34999999999997,283.9496338093208
293.75,285.8099230265511
296.45,286.81455560934376
299.84999999999997,288.40362203350554
302.04999999999995,289.0699457826035
303.75,288.58668081118964
305.95,287.8979869675522
305.95,287.8979869675522
307.04999999999995,288.94203977071805
307.04999999999995,289.3249311174111
307.04999999999995,289.3249311174111
304.84999999999997,289.6138610219858
300.34999999999997,289.1966029235894
299.84999999999997,288.6147641615237
298.15,288.30457857203163
297.04999999999995,287.62877104529764
295.95,287.26597131560527
295.95,287.26597131560527
296.45,286.9887944964729
293.75,285.956666868161
292.04999999999995,285.5129572480146
292.04999999999995,284.84706690357103
290.95,284.3276956317868
290.95,284.3276956317868
292.04999999999995,284.15733855764023
294.25,285.28596656706105
297.54999999999995,287.2895540445708
300.95,288.29430295573326
303.75,287.96446409060263
305.95,288.2808805622662
306.45,287.7906992984117
308.15,288.3345249195916
307.54999999999995,288.42557568278096
308.75,289.1181366511913
309.25,289.40669462331846
309.84999999999997,289.29397039630544
308.15,288.3345249195916
305.95,288.2808805622662
304.25,287.61048842316615
301.45,287.0841673224519
301.45,287.0841673224519
299.65,286.66894183458095
297.84999999999997,286.5287909760936
296.04999999999995,285.6109505525175
294.15,288.525615632102
292.34999999999997,286.67901169653203
290.54999999999995,286.2992267056199
288.75,283.866278674316
287.04999999999995,282.89204939336287
289.25,283.9630200387564
291.45,284.7464911721332
294.25,285.12517137489715
294.84999999999997,285.41932882324505
296.45,286.4588334787103
297.54999999999995,287.4757294771856
299.25,287.96268738874477
300.34999999999997,287.8712173494549
302.54999999999995,288.6422336715629
302.54999999999995,288.3695515567963
302.54999999999995,288.3695515567963
303.15,288.77254656466624
301.45,287.8937614948597
299.25,287.96268738874477
298.15,287.35364471731486
295.34999999999997,286.30282212443734
292.54999999999995,285.53235199572526
293.15,285.4688219133945
293.75,285.956666868161
290.34999999999997,284.92676503336276
289.25,284.1946576578167
287.54999999999995,283.3448636333049
287.04999999999995,283.10578205198107
287.54999999999995,283.1275698789574
290.34999999999997,284.92676503336276
292.04999999999995,285.64382625445324
293.75,286.53179983727637
294.84999999999997,287.5942508610254
295.34999999999997,288.452600966572
297.04999999999995,289.1222605063713
298.15,289.86836744800456
299.84999999999997,290.5571396733091
300.34999999999997,290.39520331831665
302.04999999999995,290.90287875236805
302.54999999999995,290.8434432256528
300.95,290.06515030751865
300.95,289.64574633423575
299.25,288.7704554200805
297.54999999999995,287.8401877115132
292.04999999999995,287.79128970882664
290.34999999999997,287.0559151528306
290.34999999999997,287.4067897074137
289.25,287.73436051607325
289.25,288.0782584410762
289.25,288.0782584410762
288.75,287.58575859685345
288.75,287.13222908863094
287.54999999999995,286.73693972142127
289.25,287.2771615602617
290.95,287.737243357878
292.54999999999995,287.99863752612083
295.34999999999997,288.59716660089737
295.95,288.9632802432847
297.54999999999995,289.536283052167
298.75,290.02192416256753
299.25,290.0756503348152
300.34999999999997,290.2025890855259
300.95,289.211990256623
302.04999999999995,289.55462584371986
299.84999999999997,288.8223136567009
298.75,287.9988669788091
298.15,287.9326952980347
295.34999999999997,288.8836428400843
294.25,287.65612601481655
292.04999999999995,287.04640126478125
292.04999999999995,287.04640126478125
290.34999999999997,286.23456446499915
289.84999999999997,285.4277950302083
288.15,285.5463115360553
287.54999999999995,285.0843167894348
288.15,284.4409088364132
287.04999999999995,283.96183415426145
289.84999999999997,285.1943782738595
292.54999999999995,286.4645377238228
295.34999999999997,286.94589937608447
298.15,287.7426679615277
300.95,288.05289836619414
303.15,286.59780353993335
304.25,287.61048842316615
305.34999999999997,288.28403946504005
305.34999999999997,287.9202370554074
305.95,288.2808805622662
305.95,288.2808805622662
305.95,287.8979869675522
304.25,287.95100507673175
303.15,288.48745321776886
299.25,286.8677092234132
297.54999999999995,286.5147863865488
296.45,286.4588334787103
295.34999999999997,285.80015083633515
293.75,284.8989519558078
291.45,284.22033398481597
292.54999999999995,284.118833788646
292.54999999999995,284.118833788646
292.04999999999995,283.7288254853988
291.45,283.26081105739564
294.25,284.96233789240097
297.54999999999995,286.5147863865488
300.34999999999997,287.8712173494549
303.75,289.4587259316999
306.45,288.95756431109794
307.04999999999995,288.94203977071805
308.15,289.60317396337695
307.04999999999995,288.94203977071805
308.15,289.1945584321504
309.25,289.8428059492698
307.04999999999995,288.94203977071805
307.54999999999995,289.6310647839775
307.04999999999995,289.3249311174111
305.34999999999997,288.28403946504005
299.84999999999997,287.0482586994109
297.54999999999995,287.1005445284816
298.15,286.53447688025176
296.45,286.81455560934376
293.15,285.75256905969627
292.54999999999995,285.258660086062
291.45,284.0865761066909
290.34999999999997,283.5741807624574
289.84999999999997,283.0360298533126
289.84999999999997,282.65919594203297
292.54999999999995,284.118833788646
295.34999999999997,285.45356996491563
298.75,287.17720605631933
301.45,288.8870704599857
303.15,288.48745321776886
307.54999999999995,289.6310647839775
308.15,289.60317396337695
305.34999999999997,288.28403946504005
305.95,289.0102945320112
307.04999999999995,289.3249311174111
304.25,288.91330069227774
304.84999999999997,289.3052386354919
302.04999999999995,288.81976021766684
300.95,288.5306274254989
300.34999999999997,288.5525544358551
297.54999999999995,287.6592258227565
297.04999999999995,287.62877104529764
296.45,287.33066982150143
294.25,286.5112490024537
293.15,285.8928242696652
292.54999999999995,285.53235199572526
291.45,285.0049253315394
293.15,285.3252058858623
293.15,285.3252058858623
293.75,285.8099230265511
293.75,286.53179983727637
294.84999999999997,287.5942508610254
297.04999999999995,288.6397587558431
297.54999999999995,289.0462802146478
297.54999999999995,289.37448120815003
297.54999999999995,289.37448120815003
299.25,290.0756503348152
300.34999999999997,290.2025890855259
298.15,289.0194943110723
297.04999999999995,289.4368765634985
297.54999999999995,289.85565090124146
297.04999999999995,289.5922689984064
295.95,289.25668915971823
295.34999999999997,288.8836428400843
294.84999999999997,288.7307958412319
293.75,288.30451099319595
293.75,288.30451099319595
293.15,287.7719291985651
293.15,287.7719291985651
292.54999999999995,287.4939038054354
292.04999999999995,287.04640126478125
290.95,286.78399805945367
289.84999999999997,286.3559297662523
291.45,287.2418584183511
292.04999999999995,287.54412228792603
293.75,288.5679057080911
295.34999999999997,289.16685996277226
296.45,289.9805232735888
297.54999999999995,290.0133496063648
299.25,290.6020109249324
301.45,291.45589040019104
302.04999999999995,291.1145622861451
299.25,290.0756503348152
293.15,288.5440546340045
296.45,290.4151364607342
296.45,290.4151364607342
295.34999999999997,289.4471264484483
294.25,289.28055742638554
294.25,289.01540480097987
292.04999999999995,287.2958774556141
291.45,286.754597871367
290.34999999999997,286.23456446499915
289.84999999999997,286.5871170609004
289.84999999999997,286.5871170609004
288.75,286.2299268753016
288.75,285.555758719967
288.75,285.555758719967
291.45,286.754597871367
294.25,287.93328514684083
297.04999999999995,288.80209844646896
298.75,289.3189466853892
300.34999999999997,289.8092363513035
300.95,290.26994268200656
300.95,290.4716889164083
301.45,290.85866527777443
300.95,290.4716889164083
302.04999999999995,291.1145622861451
300.95,290.4716889164083
300.95,290.6705453222544
293.15,290.1812458453228
291.45,288.8075369282388
289.84999999999997,288.6692577021638
289.84999999999997,288.6692577021638
289.84999999999997,288.6692577021638
288.75,288.2699394295664
288.75,288.2699394295664
288.75,287.9272197250196
288.15,287.33208000895985
288.15,287.33208000895985
288.15,285.5463115360553
287.54999999999995,287.18360600661475
288.75,287.58575859685345
291.45,288.567723988575
294.25,289.01540480097987
296.45,289.6865681711026
299.25,290.25301700209036
302.04999999999995,290.68780889873165
302.54999999999995,290.38777256985503
300.95,289.4307635988473
302.04999999999995,289.55462584371986
303.15,290.59021813148803
296.45,290.12619692531484
297.04999999999995,290.79671382218316
296.45,289.9805232735888
295.95,289.97513254739886
295.95,289.6901353591519
294.25,288.74832797719966
294.25,287.93328514684083
293.75,287.90557212265225
293.15,287.5110904154346
291.45,287.60510258111174
291.45,287.60510258111174
289.84999999999997,287.28006636568426
289.84999999999997,288.20516875820994
289.25,287.04902794478636
290.95,287.0230968118684
292.04999999999995,287.2958774556141
293.75,287.90557212265225
294.84999999999997,287.88374067083953
297.54999999999995,289.536283052167
298.75,289.4977206207326
298.75,289.3189466853892
299.84999999999997,289.2274099616519
299.84999999999997,289.0264676933392
300.34999999999997,289.4040496869732
300.34999999999997,289.4040496869732
300.95,290.26994268200656
298.75,289.3189466853892
296.45,288.31120722815206
294.84999999999997,288.1694217297773
293.75,287.50130226094706
292.54999999999995,286.59499635788967
292.04999999999995,286.6695049215548
292.04999999999995,286.6695049215548
290.95,286.1828434328219
290.34999999999997,285.99876357001597
289.25,285.7969832915199
288.75,285.2188996298698
288.15,284.99319811642937
289.84999999999997,286.0086690335575
292.54999999999995,287.23934582726645
294.84999999999997,288.7307958412319
297.54999999999995,289.37448120815003
299.84999999999997,290.18956046727806
302.54999999999995,289.9148281661121
302.54999999999995,289.67123297890276
302.04999999999995,290.90287875236805
302.04999999999995,290.46916580903473
295.95,289.97513254739886
290.95,287.737243357878
289.84999999999997,287.28006636568426
290.34999999999997,288.4587933827029
290.34999999999997,287.7574015498475
289.84999999999997,287.511090532009
289.25,286.70726336688386
289.25,286.70726336688386
288.75,285.89268969471976
288.75,285.89268969471976
287.54999999999995,285.4124350625913
287.04999999999995,285.1478249824435
287.04999999999995,284.8229188436676
285.95,284.4010993392041
284.84999999999997,284.0588010920492
287.54999999999995,285.74162337020596
289.84999999999997,287.28006636568426
292.04999999999995,288.40539089372106
294.25,289.01540480097987
297.04999999999995,289.5922689984064
298.15,289.86836744800456
299.84999999999997,289.8126231604872
300.95,290.06515030751865
300.95,289.4307635988473
301.45,289.801667781573
300.95,289.4307635988473
300.95,289.4307635988473
299.84999999999997,289.8126231604872
298.75,289.3189466853892
296.45,288.9343453381603
295.34999999999997,288.59716660089737
293.75,288.8294953841404
293.15,288.03090548673674
292.04999999999995,287.54412228792603
291.45,287.2418584183511
290.95,287.0230968118684
289.84999999999997,286.3559297662523
288.75,285.89268969471976
287.54999999999995,285.4124350625913
290.34999999999997,286.46977307099354
293.15,287.5110904154346
295.34999999999997,287.864380443878
297.54999999999995,288.36917437123293
300.34999999999997,289.8092363513035
302.04999999999995,289.55462584371986
302.54999999999995,289.422504917586
303.75,289.4587259316999
304.84999999999997,288.6613443550991
305.34999999999997,289.3096959127043
304.84999999999997,288.6613443550991
304.25,289.5113550203129
302.54999999999995,288.90835996081336
300.95,288.76216937415643
298.75,288.19577755325685
297.04999999999995,287.27528653625774
296.45,287.16079261082575
295.34999999999997,286.94589937608447
293.75,286.53179983727637
292.54999999999995,285.9363152544516
290.34999999999997,285.643681269846
289.25,285.1130957490334
287.54999999999995,284.4306364197395
287.04999999999995,284.1764863181109
290.95,285.6972481868917
294.25,286.9482332514773
297.54999999999995,288.36917437123293
299.84999999999997,289.2274099616519
302.04999999999995,290.02034377831825
303.75,290.2686328568452
306.45,290.6739664347651
307.04999999999995,290.7422928058328
308.15,290.3810568247794
308.75,289.5481509555726
309.25,290.2642848554786
308.75,289.5481509555726
303.15,290.59021813148803
300.34999999999997,289.1966029235894
298.15,288.844062113648
295.95,288.0574390305439
293.75,287.77145051844786
292.54999999999995,287.23934582726645
292.04999999999995,287.04640126478125
290.95,286.5441855371865
289.25,286.3658466712584
288.75,285.555758719967
287.54999999999995,285.0843167894348
288.75,285.2188996298698
291.45,286.38633556653673
294.25,287.3757199311752
298.15,288.844062113648
301.45,290.23472077043203
303.15,290.3470668631981
303.75,290.52666491243235
305.95,291.2505494699216
306.45,289.67494641390834
307.54999999999995,289.6310647839775
307.54999999999995,290.3717711981717
307.54999999999995,290.00722120498585
304.84999999999997,291.0442336781216
304.25,290.07947515753125
300.95,289.4307635988473
298.75,288.7689657441604
297.54999999999995,288.54126498165414
295.95,288.0574390305439
295.34999999999997,287.864380443878
294.25,287.3757199311752
294.25,287.2341896222129
293.15,286.1703815422353
292.54999999999995,285.9363152544516
291.45,285.38771634719114
290.95,285.4524412761773
293.15,286.4443426119878
295.95,287.5871908786195
299.25,288.9645989919177
301.45,290.23472077043203
303.75,290.52666491243235
305.95,290.95557177753244
307.54999999999995,291.068885439175
307.04999999999995,291.0714959967818
308.75,291.8526929463799
308.75,291.8526929463799
309.25,291.44864321995925
305.95,290.3426877363974
302.04999999999995,290.68780889873165
298.75,289.4977206207326
297.04999999999995,289.4368765634985
296.45,289.086970334293
297.54999999999995,289.0462802146478
297.04999999999995,289.4368765634985
296.45,288.9343453381603
294.25,288.47911117712965
293.75,287.90557212265225
293.15,287.7719291985651
292.54999999999995,287.4939038054354
291.45,286.9987027995158
293.75,287.77145051844786
295.95,288.9632802432847
298.15,289.86836744800456
300.95,290.6705453222544
302.54999999999995,291.06537964408693
304.84999999999997,291.0442336781216
304.84999999999997,290.77169204047874
304.25,290.3534300236819
306.45,291.5949758690365
304.84999999999997,290.77169204047874
300.95,290.6705453222544
299.84999999999997,290.5571396733091
295.95,290.81416171013564
294.84999999999997,289.8218306861768
294.84999999999997,289.8218306861768
294.84999999999997,289.8218306861768
293.15,287.7719291985651
292.04999999999995,287.2958774556141
290.34999999999997,287.0559151528306
290.95,287.737243357878
289.84999999999997,286.9336341712915
289.84999999999997,287.28006636568426
289.84999999999997,287.28006636568426
289.84999999999997,287.28006636568426
291.45,288.2075129904468
294.25,289.01540480097987
295.95,290.25729799218084
297.04999999999995,289.8995203531037
299.84999999999997,291.0928904504985
301.45,291.64970387584214
303.15,291.95917117827474
304.84999999999997,292.077910234151
303.75,291.5077920616505
301.45,290.4459373998097
298.15,290.0331079555393
300.34999999999997,290.39520331831665
298.15,290.0331079555393
291.45,289.88561387593586
292.54999999999995,289.6117683069825
291.45,289.52624882009985
292.04999999999995,289.0155138204077
292.54999999999995,288.62301079449765
292.04999999999995,288.16032570053557
292.04999999999995,288.16032570053557
292.04999999999995,287.79128970882664
289.84999999999997,287.28006636568426
289.25,286.70726336688386
288.15,286.2124945568506
290.95,287.974575509765
294.25,289.01540480097987
297.04999999999995,289.8995203531037
299.25,290.6020109249324
300.95,290.86665816030836
303.75,291.2695904430039
303.15,290.59021813148803
304.25,290.88308959736884
303.75,291.0268482618978
302.54999999999995,290.61764722949545
292.54999999999995,289.6117683069825
292.54999999999995,290.593701997251
292.54999999999995,290.9612374139187
293.15,289.4301162258813
292.54999999999995,289.6117683069825
292.04999999999995,289.7445790791786
292.04999999999995,289.380336895785
290.95,288.5671531511649
291.45,288.2075129904468
289.84999999999997,287.9735855984843
289.84999999999997,287.511090532009
289.84999999999997,287.9735855984843
290.34999999999997,287.7574015498475
290.34999999999997,287.4067897074137
290.95,287.737243357878
293.75,288.8294953841404
294.25,289.01540480097987
296.45,290.12619692531484
299.25,291.1124741529485
300.95,291.43986327790276
302.54999999999995,291.2836606506991
303.15,291.5184613962321
302.04999999999995,291.1145622861451
302.04999999999995,290.68780889873165
300.95,290.86665816030836
299.25,290.6020109249324
297.54999999999995,288.87972329390567
295.95,288.6658864645815
295.34999999999997,288.452600966572
295.34999999999997,289.16685996277226
294.25,288.74832797719966
293.75,287.90557212265225
293.75,287.90557212265225
293.15,287.7719291985651
292.54999999999995,287.74694269649933
291.45,287.60510258111174
290.95,287.380662117533
290.95,287.380662117533
291.45,287.60510258111174
293.15,288.5440546340045
293.75,288.5679057080911
295.34999999999997,288.8836428400843
295.95,289.97513254739886
297.54999999999995,290.9354020955677
299.25,291.7719813334167
301.45,292.2170865684034
292.04999999999995,290.1084962832041
290.34999999999997,288.1079964245769
289.84999999999997,288.6692577021638
289.25,288.8848402479505
288.15,287.33208000895985
288.15,287.67080483670946
288.15,287.67080483670946
287.54999999999995,286.73693972142127
287.04999999999995,286.57239004310657
287.54999999999995,287.18360600661475
287.54999999999995,286.73693972142127
287.54999999999995,286.73693972142127
287.54999999999995,286.73693972142127
287.54999999999995,286.73693972142127
287.04999999999995,286.57239004310657
287.54999999999995,286.73693972142127
286.45,286.08280516392983
286.45,285.6458476778986
287.04999999999995,286.24098903831793
287.54999999999995,286.0720223528286
287.54999999999995,286.0720223528286
287.04999999999995,286.24098903831793
288.15,286.65873055867553
289.25,286.70726336688386
289.84999999999997,287.28006636568426
289.84999999999997,287.28006636568426
289.25,287.04902794478636
289.25,287.04902794478636
288.75,286.79322232648076
288.75,286.4550252367722
288.15,286.2124945568506
288.15,286.65873055867553
287.54999999999995,286.0720223528286
287.54999999999995,286.40375722701737
287.54999999999995,286.0720223528286
287.04999999999995,285.80169985907014
287.04999999999995,285.80169985907014
287.54999999999995,286.0720223528286
287.54999999999995,286.0720223528286
288.15,286.2124945568506
288.15,286.65873055867553
289.25,287.04902794478636
290.95,287.0230968118684
290.95,287.0230968118684
291.45,287.2418584183511
293.15,287.7719291985651
292.04999999999995,287.54412228792603
292.54999999999995,287.99863752612083
291.45,287.8464483600552
289.84999999999997,287.9735855984843
290.34999999999997,287.0559151528306
291.45,287.60510258111174
291.45,287.60510258111174
290.34999999999997,287.4067897074137
289.25,286.70726336688386
288.75,286.79322232648076
289.25,286.70726336688386
288.15,285.99005682184907
287.54999999999995,286.0720223528286
285.95,285.1498960868231
285.95,284.7207865588233
285.34999999999997,284.5547536197928
285.34999999999997,284.5547536197928
285.34999999999997,284.5547536197928
285.95,284.7207865588233
288.15,285.99005682184907
290.34999999999997,286.46977307099354
293.15,287.7719291985651
294.84999999999997,288.1694217297773
295.34999999999997,288.59716660089737
296.45,289.086970334293
298.15,290.0331079555393
294.25,287.65612601481655
286.45,284.9963888398478
291.45,288.2075129904468
293.75,289.08947048297773
292.54999999999995,287.74694269649933
292.04999999999995,287.79128970882664
290.34999999999997,286.46977307099354
288.75,285.89268969471976
287.04999999999995,285.80169985907014
288.15,285.99005682184907
287.54999999999995,285.4124350625913
287.04999999999995,285.1478249824435
286.45,284.6741592957392
285.34999999999997,284.23674807812813
285.34999999999997,284.23674807812813
284.84999999999997,283.63987096486426
287.04999999999995,284.8229188436676
289.84999999999997,286.3559297662523
292.04999999999995,286.6695049215548
294.84999999999997,287.88374067083953
297.04999999999995,289.1222605063713
299.25,289.3446610958771
298.15,288.844062113648
298.75,289.3189466853892
298.15,288.844062113648
288.15,285.99005682184907
293.15,286.84934196898814
293.75,287.228377991862
293.75,287.50130226094706
293.15,287.7719291985651
290.34999999999997,287.0559151528306
289.25,286.70726336688386
288.75,286.2299268753016
288.15,285.99005682184907
287.04999999999995,285.58309832103095
286.45,285.32025375019333
286.45,284.6741592957392
285.95,284.08315274849053
285.95,284.08315274849053
285.34999999999997,283.81585518094676
287.04999999999995,284.1764863181109
290.34999999999997,285.643681269846
293.75,287.50130226094706
295.95,288.0574390305439
297.04999999999995,288.80209844646896
299.25,289.5308616101986
299.84999999999997,289.62033301575013
300.34999999999997,290.00731434276327
300.95,290.06515030751865
300.95,289.64574633423575
300.95,289.64574633423575
300.95,289.64574633423575
299.84999999999997,289.62033301575013
298.75,289.4977206207326
297.04999999999995,288.31016544349944
294.84999999999997,288.4516628520128
292.54999999999995,287.99863752612083
292.04999999999995,287.54412228792603
291.45,286.9987027995158
290.34999999999997,286.46977307099354
289.25,286.3658466712584
288.75,285.89268969471976
288.15,285.3249004345953
287.54999999999995,285.0843167894348
289.84999999999997,285.7767021474835
292.54999999999995,286.85423521310616
295.34999999999997,288.452600966572
298.75,289.4977206207326
300.95,289.64574633423575
302.54999999999995,289.9148281661121
303.15,289.84557130390783
304.25,289.79892439075746
304.25,289.79892439075746
304.25,289.79892439075746
304.84999999999997,289.91433326206
304.25,290.07947515753125
303.15,289.58660372364307
301.45,289.5794254453586
298.15,288.844062113648
297.04999999999995,288.31016544349944
297.54999999999995,288.87972329390567
295.95,288.0574390305439
294.25,287.3757199311752
292.54999999999995,286.59499635788967
291.45,286.38633556653673
289.84999999999997,285.7767021474835
289.84999999999997,285.4277950302083
289.84999999999997,285.4277950302083
289.84999999999997,285.7767021474835
293.15,287.2481687109744
296.45,288.15193047282935
299.84999999999997,289.62033301575013
302.54999999999995,289.67123297890276
304.25,289.5113550203129
305.34999999999997,288.28403946504005
306.45,288.58141069263337
306.45,288.95756431109794
306.45,288.95756431109794
305.95,289.0102945320112
305.95,289.35820086721014
303.75,288.2800155411441
302.04999999999995,288.3020216148507
296.45,288.62543124468175
294.84999999999997,287.5942508610254
296.45,287.16079261082575
295.34999999999997,286.78773012148434
293.75,285.956666868161
293.75,285.8099230265511
292.54999999999995,285.258660086062
293.15,285.3252058858623
291.45,285.0049253315394
290.34999999999997,284.4419490094402
292.54999999999995,285.6678344894513
295.34999999999997,287.4112329076491
298.75,288.7689657441604
302.04999999999995,290.02034377831825
304.84999999999997,290.49279996788556
305.95,290.3426877363974
305.34999999999997,289.6318488199444
295.95,288.0574390305439
300.95,289.4307635988473
303.15,289.58660372364307
301.45,289.5794254453586
300.95,289.4307635988473
299.84999999999997,289.2274099616519
299.25,288.7704554200805
297.54999999999995,288.54126498165414
295.34999999999997,287.864380443878
293.75,287.228377991862
293.15,286.84934196898814
292.04999999999995,286.6695049215548
291.45,286.38633556653673
290.95,285.94065618169935
290.34999999999997,285.4058394029104
289.25,284.8844237937076
288.75,284.65688980140504
289.84999999999997,285.7767021474835
291.45,286.9987027995158
293.75,287.90557212265225
295.95,288.9632802432847
298.15,290.0331079555393
299.84999999999997,290.5571396733091
302.04999999999995,291.323034052123
303.75,291.2695904430039
305.95,291.8198197172131
306.45,290.6739664347651
307.04999999999995,291.0714959967818
303.75,291.0268482618978
303.75,290.7793012350565
302.04999999999995,290.02034377831825
299.84999999999997,289.2274099616519
297.54999999999995,288.87972329390567
296.65,287.4878288718027
295.84999999999997,287.3471567529883
294.95,286.93234717028264
294.04999999999995,290.6529047281408
293.15,290.05644920838125
292.34999999999997,287.8168315389713
291.45,287.2418584183511
292.54999999999995,287.4939038054354
290.95,287.974575509765
293.75,289.08947048297773
293.15,290.4304681251848
294.84999999999997,291.4053296056024
294.84999999999997,291.4053296056024
299.25,289.714681472745
300.15,290.98004626151993
301.15,290.00817535141334
301.15,290.423510706069
302.15,291.40042855045704
302.15,291.40042855045704
299.25,290.77381938477555
292.15,289.47580347972416
293.15,289.8064248913262
291.15,289.71137746737696
291.15,289.71137746737696
292.15,290.0839992252159
290.95,289.0410420877003
292.15,288.8658893749329
292.15,288.8658893749329
291.45,288.8075369282388
290.34999999999997,288.8099882654302
290.34999999999997,288.8099882654302
290.95,287.974575509765
292.04999999999995,288.7718356834301
293.15,290.1812458453228
295.95,290.81416171013564
297.54999999999995,291.5307069435889
299.84999999999997,292.7714083376812
300.34999999999997,293.20337666295046
302.04999999999995,293.8030140566539
303.75,294.4778649011034
303.15,293.59920202182013
294.84999999999997,289.55240243014674
295.95,290.536894548131
295.95,291.49852932332874
298.75,292.2860714802684
295.34999999999997,291.2140338365712
294.25,289.54398274822324
292.04999999999995,289.0155138204077
293.75,289.7334519892427
293.15,288.7985772610604
291.45,288.2075129904468
290.34999999999997,287.4067897074137
290.34999999999997,287.0559151528306
290.95,287.380662117533
288.75,286.4550252367722
290.34999999999997,286.46977307099354
289.84999999999997,287.28006636568426
292.54999999999995,288.8711755549179
294.84999999999997,290.0893963585286
297.04999999999995,290.3523654199363
299.84999999999997,291.2676990067582
301.45,291.8410984470048
303.15,291.5184613962321
304.25,292.3491026924888
304.84999999999997,291.8273266157077
305.34999999999997,291.6672135014822
305.95,291.2505494699216
305.95,290.95557177753244
304.84999999999997,291.8273266157077
301.45,291.8410984470048
299.84999999999997,291.2676990067582
299.25,290.25301700209036
298.75,289.84910933717396
298.15,289.86836744800456
297.54999999999995,289.37448120815003
295.34999999999997,288.452600966572
293.75,287.77145051844786
292.04999999999995,287.2958774556141
292.04999999999995,287.04640126478125
293.75,287.50130226094706
293.15,287.7719291985651
295.34999999999997,289.4471264484483
297.04999999999995,290.79671382218316
299.84999999999997,291.6121726514802
302.54999999999995,291.4984767122744
302.54999999999995,291.91841394822677
303.15,293.0046289975802
304.25,293.02569424477895
304.25,292.3491026924888
305.34999999999997,293.17973338156963
304.84999999999997,292.56508798354076
304.84999999999997,292.56508798354076
303.15,292.5953016648982
300.95,292.17313925639917
300.34999999999997,292.02858650890937
299.84999999999997,291.6121726514802
298.75,290.8607032713979
298.15,290.8357539532028
297.54999999999995,290.32508186958205
297.54999999999995,289.536283052167
295.95,288.9632802432847
295.34999999999997,288.8836428400843
294.25,288.47911117712965
294.25,288.47911117712965
294.25,288.47911117712965
297.04999999999995,290.20242131173796
300.34999999999997,290.9583787556847
302.54999999999995,291.2836606506991
304.25,291.139493341023
306.45,291.5949758690365
305.95,292.0949116537296
306.45,292.1723541734696
306.45,292.1723541734696
307.04999999999995,292.00828343557515
307.04999999999995,292.00828343557515
306.45,291.29575454187454
305.34999999999997,292.19117620648007
301.45,291.64970387584214
300.34999999999997,290.39520331831665
300.34999999999997,290.2025890855259
299.25,290.0756503348152
298.15,289.3644176882811
296.45,288.9343453381603
296.45,288.62543124468175
296.45,288.62543124468175
295.95,288.3640935527926
294.84999999999997,288.1694217297773
294.25,288.2075173103753
294.84999999999997,288.7307958412319
295.34999999999997,288.8836428400843
297.54999999999995,290.32508186958205
298.75,290.8607032713979
302.15,292.20761664316467
304.25,292.5783024677886
305.34999999999997,292.4453243266149
306.45,292.724305962813
304.84999999999997,292.077910234151
301.45,291.8410984470048
295.34999999999997,289.5862415463976
295.95,289.83300534271143
293.15,289.8064248913262
294.25,290.8410110908828
294.84999999999997,291.0137761621671
293.75,290.62423095148154
292.54999999999995,289.6117683069825
293.15,288.67147011026236
292.04999999999995,288.2829442796192
292.54999999999995,287.8729477916059
292.54999999999995,287.8729477916059
293.15,288.15975854774206
290.34999999999997,286.46977307099354
289.84999999999997,286.5871170609004
293.15,288.03090548673674
293.75,288.5679057080911
295.34999999999997,289.4471264484483
298.15,290.6778165478491
300.34999999999997,290.9583787556847
304.25,291.8786814683803
305.95,291.8198197172131
305.34999999999997,291.6672135014822
307.04999999999995,292.30528081609026
306.45,291.8870351110946
305.95,291.53849377899564
303.75,290.7793012350565
303.15,290.59021813148803
300.95,289.64574633423575
297.54999999999995,288.36917437123293
295.34999999999997,286.78773012148434
295.34999999999997,286.94589937608447
294.84999999999997,286.69856236169903
294.84999999999997,286.54463970846683
294.25,286.65806106383604
292.54999999999995,285.9363152544516
292.04999999999995,285.64382625445324
293.15,285.8928242696652
290.95,285.2060387981259
292.04999999999995,286.16094867638986
294.25,287.2341896222129
297.04999999999995,289.4368765634985
299.25,289.714681472745
300.95,290.4716889164083
303.75,291.2695904430039
304.84999999999997,291.57172013870905
305.34999999999997,291.39677456620916
306.45,291.5949758690365
304.84999999999997,290.77169204047874
305.34999999999997,292.19117620648007
304.25,290.88308959736884
299.84999999999997,290.7377038123969
299.25,289.5308616101986
295.95,288.6658864645815
295.34999999999997,288.452600966572
294.84999999999997,288.1694217297773
293.15,288.28821971755406
291.45,288.2075129904468
292.04999999999995,288.40539089372106
292.04999999999995,287.79128970882664
291.45,287.60510258111174
291.45,287.60510258111174
290.95,287.737243357878
290.34999999999997,287.7574015498475
290.34999999999997,288.1079964245769
289.25,287.73436051607325
288.75,286.79322232648076
288.75,286.4550252367722
287.54999999999995,286.0720223528286
287.54999999999995,286.40375722701737
290.34999999999997,285.99876357001597
290.34999999999997,285.643681269846
291.45,286.139183796476
292.04999999999995,285.9035862164444
292.04999999999995,285.9035862164444
292.04999999999995,285.9035862164444
291.45,286.139183796476
290.34999999999997,286.46977307099354
289.84999999999997,286.5871170609004
288.75,286.2299268753016
285.95,284.4010993392041
286.45,284.9963888398478
287.04999999999995,284.8229188436676
287.04999999999995,285.1478249824435
287.54999999999995,285.0843167894348
287.04999999999995,284.8229188436676
286.45,284.6741592957392
287.04999999999995,285.1478249824435
288.75,286.2299268753016
288.15,285.5463115360553
288.75,285.89268969471976
291.45,287.2418584183511
294.84999999999997,288.7307958412319
295.95,289.25668915971823
295.95,288.9632802432847
298.15,290.0331079555393
299.25,290.25301700209036
299.25,290.0756503348152
294.84999999999997,288.7307958412319
293.15,287.2481687109744
290.34999999999997,288.1079964245769
290.34999999999997,288.8099882654302
289.25,287.73436051607325
288.75,287.13222908863094
288.75,287.13222908863094
288.75,286.4550252367722
288.15,286.2124945568506
287.54999999999995,286.0720223528286
287.54999999999995,286.0720223528286
285.95,284.7207865588233
286.45,284.9963888398478
287.04999999999995,286.24098903831793
288.15,287.67080483670946
290.95,288.5671531511649
293.75,289.08947048297773
295.95,289.97513254739886
298.15,289.86836744800456
299.84999999999997,290.00232200243937
301.45,289.3530767252194
302.54999999999995,289.16832765113384
302.54999999999995,289.16832765113384
301.45,288.40147428610317
299.84999999999997,289.62033301575013
300.34999999999997,289.8092363513035
297.04999999999995,288.31016544349944
295.95,288.6658864645815
294.84999999999997,288.1694217297773
293.75,287.50130226094706
293.75,287.228377991862
291.45,286.139183796476
290.34999999999997,285.4058394029104
292.04999999999995,286.16094867638986
291.45,285.64008960475445
289.25,284.65521321448097
289.84999999999997,284.9601574626955
289.25,284.8844237937076
292.04999999999995,286.41617603885106
295.95,288.3640935527926
296.45,288.62543124468175
298.15,289.5341034989774
300.95,290.6705453222544
301.45,291.06050651990256
302.54999999999995,290.8434432256528
303.15,290.098951230619
303.15,290.59021813148803
303.15,289.58660372364307
303.15,289.58660372364307
302.04999999999995,289.0699457826035
298.75,290.8607032713979
297.04999999999995,290.3523654199363
294.84999999999997,290.48765783329895
293.15,289.8064248913262
292.04999999999995,289.380336895785
290.95,288.5671531511649
289.84999999999997,288.20516875820994
289.25,287.73436051607325
288.75,287.58575859685345
289.25,288.0782584410762
288.15,286.9947582228707
288.75,287.58575859685345
290.34999999999997,288.4587933827029
292.54999999999995,288.8711755549179
294.84999999999997,290.0893963585286
296.45,290.7011105051894
300.95,293.04850144962495
301.45,292.4018913420538
296.15,287.58791010301246
293.75,291.38115593588867
298.15,292.0610123904704
298.15,290.8357539532028
296.15,288.5306640493193
295.34999999999997,288.74083263364867
293.75,288.5679057080911
293.15,289.1782319200265
293.15,288.7985772610604
292.54999999999995,287.74694269649933
290.95,286.5441855371865
290.95,286.5441855371865
290.95,287.0230968118684
290.95,287.380662117533
290.95,288.3302030068392
291.45,287.8464483600552
290.34999999999997,287.7574015498475
289.84999999999997,287.9735855984843
290.95,288.5671531511649
292.54999999999995,289.6117683069825
294.25,289.54398274822324
294.84999999999997,289.55240243014674
297.04999999999995,290.3523654199363
296.45,289.9805232735888
297.54999999999995,290.32508186958205
295.95,288.3640935527926
296.45,288.62543124468175
298.15,289.5341034989774
294.84999999999997,290.48765783329895
294.25,289.28055742638554
293.15,288.5440546340045
290.34999999999997,287.0559151528306
291.45,287.2418584183511
290.95,286.78399805945367
290.34999999999997,287.0559151528306
291.45,286.9987027995158
291.45,287.2418584183511
290.34999999999997,286.82171765048463
290.34999999999997,286.23456446499915
289.25,285.7969832915199
289.25,285.7969832915199
289.25,285.7969832915199
291.45,286.38633556653673
293.15,286.7150784046232
296.45,287.82866266042555
297.54999999999995,288.36917437123293
298.75,288.7689657441604
298.75,288.19577755325685
298.15,287.7426679615277
292.04999999999995,287.04640126478125
294.84999999999997,288.1694217297773
293.15,287.5110904154346
293.15,287.2481687109744
292.54999999999995,286.85423521310616
293.15,286.84934196898814
291.45,286.38633556653673
290.95,285.6972481868917
289.84999999999997,285.7767021474835
289.25,286.02455840397863
289.25,286.02455840397863
289.84999999999997,286.0086690335575
288.75,285.555758719967
288.15,284.99319811642937
286.45,284.24687964584683
285.95,284.08315274849053
285.95,284.08315274849053
289.25,285.7969832915199
291.45,286.139183796476
293.75,287.50130226094706
295.34999999999997,288.59716660089737
295.34999999999997,288.452600966572
297.04999999999995,288.80209844646896
298.75,289.1379755438004
298.75,289.1379755438004
298.15,289.3644176882811
299.25,288.9645989919177
295.34999999999997,286.4662877190054
295.34999999999997,286.78773012148434
292.54999999999995,285.6678344894513
289.84999999999997,285.4277950302083
290.34999999999997,285.643681269846
289.25,286.3658466712584
287.54999999999995,285.4124350625913
288.15,285.3249004345953
288.15,284.99319811642937
288.15,284.4409088364132
288.15,284.10944135436336
286.45,283.39927039344195
284.84999999999997,282.40493867905536
285.34999999999997,282.8809061862947
288.15,284.6617968575857
291.45,285.8905033243755
294.84999999999997,286.54463970846683
295.95,286.6017931468755
298.15,286.95146061425265
300.34999999999997,287.8712173494549
300.34999999999997,288.329913529602
301.45,288.15055576575213
301.45,288.6468700934127
301.45,287.8937614948597
300.95,287.0296705413814
299.84999999999997,286.80503595613794
296.45,285.71420222392544
296.45,285.520118807838
293.15,284.12450784139463
292.04999999999995,283.58307744420705
292.04999999999995,284.15733855764023
291.45,284.22033398481597
290.95,284.0710386639725
290.34999999999997,283.9496338093208
290.34999999999997,283.9496338093208
288.75,283.181393449348
288.15,282.66299372058864
288.75,283.181393449348
291.45,284.48508446523033
294.25,285.6018926887773
297.04999999999995,286.72623800035643
299.84999999999997,287.96969646880905
303.15,286.9369091764961
303.15,287.26554935570005
304.25,287.61048842316615
305.34999999999997,287.9202370554074
305.34999999999997,288.28403946504005
304.84999999999997,287.61969445022805
304.84999999999997,287.97788326412876
300.95,287.2948665156178
298.75,286.5191145422004
295.34999999999997,285.2764202946348
295.95,285.5374562774553
296.45,285.71420222392544
294.84999999999997,285.0792478323728
294.25,284.96233789240097
293.75,284.74121167825473
293.15,284.28045550134135
292.54999999999995,283.97010347253047
293.15,284.28045550134135
292.54999999999995,283.97010347253047
292.54999999999995,283.97010347253047
295.34999999999997,285.45356996491563
299.84999999999997,287.28601692677705
303.15,288.48745321776886
304.84999999999997,288.32487877914815
305.95,287.8979869675522
307.54999999999995,287.9958813071268
307.54999999999995,287.9958813071268
307.54999999999995,287.551732087342
305.95,288.2808805622662
300.95,287.55353986068883
300.34999999999997,287.63460191135437
299.84999999999997,287.0482586994109
297.54999999999995,286.5147863865488
295.34999999999997,285.45356996491563
295.95,286.0812279996263
294.84999999999997,285.41932882324505
294.25,285.6018926887773
294.25,285.7572306473234
292.04999999999995,284.57443076942707
293.75,285.0548404992664
293.75,284.8989519558078
293.75,284.8989519558078
293.15,284.4345301308613
293.15,284.4345301308613
295.95,285.90275161934716
298.75,287.17720605631933
302.54999999999995,288.3695515567963
303.15,288.48745321776886
303.15,289.05048267974274
304.25,289.21631095629664
304.25,289.21631095629664
300.15,287.96031104878057
298.75,288.19577755325685
298.75,288.38965702117304
298.75,287.9988669788091
297.54999999999995,289.0462802146478
297.15,288.05258073451495
295.34999999999997,287.71457113492977
294.84999999999997,287.44795096092525
294.84999999999997,287.1519617024528
292.04999999999995,285.24904322360135
290.95,284.95782306639364
293.75,285.956666868161
291.45,285.1331324312572
292.54999999999995,285.6678344894513
292.04999999999995,285.24904322360135
292.04999999999995,284.84706690357103
290.95,284.45495740293745
294.25,286.06312500175335
297.04999999999995,287.62877104529764
299.25,289.3446610958771
299.84999999999997,288.6147641615237
300.34999999999997,288.98567477608043
301.45,288.8870704599857
302.54999999999995,289.422504917586
303.15,289.32169966075605
303.75,289.4587259316999
304.25,289.79892439075746
302.04999999999995,289.31479749944344
300.95,289.64574633423575
298.75,288.5806688838142
297.54999999999995,288.36917437123293
297.54999999999995,288.36917437123293
294.84999999999997,287.1519617024528
294.84999999999997,286.69856236169903
293.75,286.53179983727637
293.15,286.1703815422353
293.15,285.8928242696652
290.95,284.95782306639364
290.95,284.95782306639364
291.45,285.0049253315394
291.45,285.38771634719114
293.15,285.8928242696652
293.75,286.53179983727637
294.84999999999997,287.1519617024528
297.54999999999995,287.8401877115132
299.84999999999997,288.40362203350554
300.95,288.76216937415643
300.95,288.76216937415643
300.34999999999997,288.5525544358551
300.34999999999997,288.5525544358551
300.34999999999997,288.5525544358551
294.25,287.65612601481655
294.25,287.3757199311752
293.75,286.95236757648695
293.15,286.84934196898814
292.54999999999995,286.85423521310616
292.04999999999995,286.41617603885106
293.15,287.2481687109744
290.95,286.78399805945367
290.34999999999997,286.82171765048463
289.25,286.3658466712584
289.25,286.3658466712584
289.25,286.02455840397863
288.15,285.3249004345953
287.04999999999995,284.8229188436676
290.95,286.1828434328219
293.15,287.2481687109744
292.54999999999995,287.23934582726645
293.15,287.7719291985651
294.25,288.47911117712965
296.45,288.9343453381603
298.15,288.6665092949046
299.84999999999997,289.0264676933392
300.95,288.9892048863036
301.45,288.8870704599857
302.04999999999995,289.31479749944344
300.95,288.9892048863036
296.45,287.33066982150143
295.34999999999997,286.94589937608447
294.84999999999997,286.54463970846683
292.04999999999995,285.24904322360135
293.15,286.1703815422353
293.15,286.1703815422353
292.54999999999995,285.6678344894513
292.04999999999995,284.9819365674489
290.34999999999997,283.9496338093208
290.95,284.0710386639725
289.84999999999997,283.5285286402367
289.84999999999997,281.7461999839245
292.54999999999995,283.03854780793125
297.54999999999995,285.2399035108852
300.34999999999997,286.3655347110551
303.15,287.26554935570005
304.84999999999997,287.61969445022805
305.34999999999997,287.9202370554074
304.84999999999997,287.61969445022805
305.34999999999997,287.9202370554074
305.34999999999997,287.9202370554074
305.34999999999997,287.9202370554074
304.25,287.61048842316615
302.04999999999995,286.8874164508869
300.95,287.0296705413814
300.15,287.0091756701358
300.34999999999997,286.89184702288475
298.75,286.5191145422004
297.54999999999995,286.1067137425192
300.34999999999997,287.145267848418
296.45,285.90492605400095
295.34999999999997,286.1373877238625
292.54999999999995,285.6678344894513
292.54999999999995,286.59499635788967
291.45,286.9987027995158
293.15,287.5110904154346
296.45,286.2770657024998
294.25,286.65806106383604
294.15,286.72089558908857
294.25,286.65806106383604
294.84999999999997,287.00215053287377
297.54999999999995,287.8401877115132
298.75,288.19577755325685
299.25,288.1696673863968
299.84999999999997,288.18867541670545
300.95,288.05289836619414
300.34999999999997,288.1028910294663
299.25,287.7520160785899
294.25,285.12517137489715
290.95,283.4147287828772
290.34999999999997,283.0631444182041
289.84999999999997,283.28355201738225
288.15,282.66299372058864
290.34999999999997,283.5741807624574
290.95,284.0710386639725
290.34999999999997,283.5741807624574
289.25,283.023199756646
290.34999999999997,283.32031165114796
289.25,282.5421025737187
288.75,282.6020900617423
291.45,284.0865761066909
294.84999999999997,285.91283108242675
298.75,287.17720605631933
302.04999999999995,286.8874164508869
303.75,286.9584793519976
304.84999999999997,287.2496590849506
305.34999999999997,287.9202370554074
306.45,288.19267181408856
306.45,288.19267181408856
306.45,288.58141069263337
305.95,287.8979869675522
302.04999999999995,288.3020216148507
299.25,287.31869357397966
297.04999999999995,286.3458846135286
294.84999999999997,285.5859186136123
296.45,286.81455560934376
293.75,285.8099230265511
293.15,285.75256905969627
294.25,286.06312500175335
293.75,285.8099230265511
290.95,284.45495740293745
290.95,284.45495740293745
289.84999999999997,283.5285286402367
289.84999999999997,283.28355201738225
293.75,285.512403018214
296.45,286.81455560934376
299.84999999999997,287.96969646880905
303.15,289.05048267974274
304.84999999999997,288.6613443550991
305.95,288.2808805622662
307.04999999999995,288.94203977071805
307.04999999999995,288.94203977071805
305.34999999999997,287.9202370554074
304.84999999999997,288.32487877914815
305.34999999999997,288.9781001599065
301.45,287.0841673224519
299.84999999999997,286.3007422982774
298.15,285.17416281517785
297.54999999999995,284.2894717005186
296.45,283.58136357927947
296.45,284.2720286210309
294.84999999999997,284.9054748935466
294.84999999999997,284.9054748935466
293.75,284.41972220892956
293.15,284.12450784139463
293.15,284.12450784139463
290.34999999999997,282.6702351169616
291.45,283.26081105739564
292.54999999999995,284.5558902303206
294.84999999999997,285.5859186136123
295.95,285.90275161934716
299.25,287.31869357397966
301.45,288.15055576575213
303.75,288.2800155411441
304.25,288.2812309002179
303.75,289.73503393634337
304.84999999999997,288.6613443550991
303.15,288.48745321776886
300.95,287.80609272113355
300.34999999999997,287.3927313808309
297.54999999999995,286.1067137425192
293.15,284.4345301308613
294.25,285.28596656706105
292.04999999999995,283.8730606805399
294.25,284.96233789240097
293.15,284.4345301308613
292.54999999999995,284.118833788646
291.45,283.5409448240919
290.95,283.28051469742917
290.95,283.28051469742917
290.34999999999997,282.9331893511389
289.84999999999997,282.65919594203297
292.04999999999995,284.15733855764023
297.04999999999995,286.5376057977785
299.25,287.09554548197247
302.04999999999995,288.03371754613266
304.25,288.2812309002179
305.34999999999997,288.28403946504005
305.34999999999997,288.28403946504005
305.95,289.0102945320112
304.84999999999997,288.32487877914815
303.15,288.1947308260051
301.45,287.0841673224519
300.34999999999997,287.145267848418
296.45,285.90492605400095
295.34999999999997,285.62809693520103
294.84999999999997,285.5859186136123
293.15,284.7374839554853
293.15,286.4443426119878
292.04999999999995,286.41617603885106
290.34999999999997,285.16692381166973
288.75,283.866278674316
288.15,283.66673966873947
287.04999999999995,282.89204939336287
286.45,282.55832937995774
285.95,282.3086435173902
288.15,283.4448297489449
289.84999999999997,284.37008441583134
291.45,285.38771634719114
293.75,286.6729259742798
295.34999999999997,287.864380443878
297.04999999999995,288.80209844646896
299.84999999999997,290.00232200243937
300.95,290.26994268200656
298.75,289.3189466853892
293.15,287.37990455601073
298.75,287.79874994201526
295.34999999999997,288.452600966572
292.54999999999995,286.2017766264185
292.54999999999995,286.4645377238228
293.15,286.4443426119878
292.54999999999995,285.6678344894513
292.54999999999995,285.9363152544516
289.84999999999997,284.37008441583134
288.15,283.4448297489449
289.25,283.61339135939966
288.15,283.11091973162445
288.75,284.20590775235235
288.15,284.99319811642937
288.15,285.3249004345953
289.84999999999997,285.4277950302083
291.45,286.139183796476
293.15,286.7150784046232
295.34999999999997,286.94589937608447
297.54999999999995,287.8401877115132
298.75,288.5806688838142
299.25,288.9645989919177
299.25,288.57336567578244
298.75,288.38965702117304
299.25,288.57336567578244
297.04999999999995,288.1427381693432
295.95,287.9021291480951
293.75,286.95236757648695
293.15,286.7150784046232
290.95,285.94065618169935
290.04999999999995,285.37409960397827
289.25,284.8844237937076
288.34999999999997,283.39916238002263
287.45,280.83411306785575
286.54999999999995,281.8081581883818
285.75,279.97209263437776
284.84999999999997,279.31735673969933
282.54999999999995,278.2725215574705
283.15,278.8028738590932
287.04999999999995,280.95139407490024
289.84999999999997,282.0127475068781
292.04999999999995,282.82810174770464
295.34999999999997,284.345261255723
296.45,284.70571439624587
299.25,286.15295879412184
300.95,286.47794977995403
300.95,285.8945504809171
302.54999999999995,286.23711801872696
302.04999999999995,285.5992237596913
302.54999999999995,285.1734697982509
299.25,285.1133026509118
293.75,285.0548404992664
292.04999999999995,284.2975404114148
290.95,284.0710386639725
290.95,283.68002778494673
290.95,283.68002778494673
289.84999999999997,282.65919594203297
289.84999999999997,282.9112065754246
288.15,282.4374907840814
287.54999999999995,282.1445914883893
287.54999999999995,282.3641093343237
286.45,282.3486707944378
287.04999999999995,282.3572511810491
290.34999999999997,284.92676503336276
292.54999999999995,286.2017766264185
295.34999999999997,287.2575711916658
298.75,288.19577755325685
301.45,288.6468700934127
303.75,288.88501460118005
304.84999999999997,287.61969445022805
305.34999999999997,287.54435728616176
303.75,286.23223505210524
304.84999999999997,286.867188911187
302.04999999999995,288.03371754613266
300.95,287.0296705413814
297.04999999999995,286.5376057977785
293.75,284.8989519558078
291.45,283.81600847307914
292.04999999999995,284.15733855764023
292.04999999999995,284.57443076942707
290.34999999999997,283.9496338093208
289.84999999999997,283.77126997582496
293.15,284.8865576941806
288.15,282.66299372058864
288.15,282.66299372058864
289.25,283.2605667566798
288.15,282.66299372058864
292.04999999999995,284.57443076942707
295.95,286.0812279996263
298.75,287.17720605631933
301.45,287.3609931292154
303.75,288.2800155411441
305.95,288.6514197807542
305.95,287.50210941152994
307.04999999999995,288.1369990589354
305.95,288.2808805622662
303.75,287.96446409060263
303.15,287.5843369488307
300.34999999999997,286.89184702288475
297.04999999999995,285.9524109656484
291.45,283.26081105739564
291.45,283.1186414830072
289.25,281.6726384910089
290.95,282.4487917933099
289.25,282.0503558450075
294.84999999999997,285.2504838578491
293.15,284.7374839554853
290.95,283.8112344015144
290.95,283.8112344015144
290.95,283.8112344015144
289.84999999999997,283.28355201738225
293.15,285.0341485672043
295.95,286.2571328795122
299.25,287.5374312135597
300.95,287.80609272113355
302.54999999999995,288.6422336715629
303.15,288.77254656466624
303.75,288.58668081118964
303.15,288.48745321776886
304.25,288.91330069227774
304.25,288.91330069227774
303.75,288.88501460118005
300.95,288.05289836619414
298.15,287.54970803859675
297.04999999999995,287.27528653625774
297.04999999999995,287.27528653625774
297.04999999999995,287.27528653625774
297.04999999999995,287.45319242608315
294.84999999999997,286.54463970846683
292.54999999999995,285.9363152544516
293.15,285.8928242696652
290.95,284.95782306639364
290.34999999999997,284.4419490094402
289.25,283.9630200387564
289.25,283.9630200387564
290.95,284.45495740293745
295.95,286.6017931468755
299.84999999999997,287.74643994558926
301.45,288.15055576575213
303.15,288.1947308260051
303.75,288.2800155411441
303.15,288.48745321776886
303.75,288.2800155411441
304.25,288.60179585147864
304.84999999999997,288.6613443550991
302.54999999999995,287.8027739110878
300.34999999999997,287.63460191135437
298.15,287.54970803859675
294.25,285.6018926887773
292.04999999999995,284.57443076942707
293.75,285.512403018214
291.45,284.7464911721332
293.75,285.956666868161
290.34999999999997,284.6851758872797
289.25,284.1946576578167
290.34999999999997,284.6851758872797
289.25,283.9630200387564
290.34999999999997,284.1968539587432
288.75,283.866278674316
288.75,283.6389473335409
290.95,284.45495740293745
292.04999999999995,285.24904322360135
294.84999999999997,286.54463970846683
295.34999999999997,286.78773012148434
294.84999999999997,286.54463970846683
295.34999999999997,287.4112329076491
297.54999999999995,288.36917437123293
298.15,288.844062113648
298.15,288.844062113648
297.54999999999995,288.36917437123293
295.95,287.9021291480951
294.25,287.2341896222129
292.04999999999995,287.2958774556141
291.45,286.754597871367
289.84999999999997,286.0086690335575
287.04999999999995,284.49919051201357
287.04999999999995,284.49919051201357
288.15,284.99319811642937
287.54999999999995,284.7571101870165
288.15,285.3249004345953
285.95,284.08315274849053
287.54999999999995,285.0843167894348
287.04999999999995,284.8229188436676
289.25,286.02455840397863
292.54999999999995,287.4939038054354
295.34999999999997,288.452600966572
297.54999999999995,289.37448120815003
299.84999999999997,290.18956046727806
302.04999999999995,290.02034377831825
303.75,289.73503393634337
304.25,288.91330069227774
304.84999999999997,288.6613443550991
304.84999999999997,288.32487877914815
303.75,287.96446409060263
300.95,287.0296705413814
296.45,286.81455560934376
296.45,288.15193047282935
295.95,288.9632802432847
293.15,288.03090548673674
293.15,287.7719291985651
292.54999999999995,287.74694269649933
291.45,287.2418584183511
290.34999999999997,286.46977307099354
290.34999999999997,286.82171765048463
287.04999999999995,284.8229188436676
289.84999999999997,286.3559297662523
288.15,285.5463115360553
292.54999999999995,287.4939038054354
296.45,288.62543124468175
297.54999999999995,289.85565090124146
299.84999999999997,290.00232200243937
301.45,289.801667781573
304.25,290.88308959736884
304.84999999999997,290.20715760818734
304.84999999999997,291.0442336781216
305.95,290.65311250388834
305.15,290.41127225298686
302.54999999999995,289.67123297890276
300.95,288.76216937415643
297.54999999999995,287.8401877115132
297.04999999999995,288.1427381693432
297.54999999999995,288.1950397141936
297.54999999999995,288.1950397141936
296.45,288.15193047282935
295.95,288.0574390305439
295.95,288.0574390305439
295.34999999999997,287.71457113492977
293.75,286.95236757648695
289.25,284.65521321448097
292.54999999999995,286.4645377238228
290.95,285.6972481868917
294.84999999999997,287.44795096092525
298.15,288.844062113648
300.34999999999997,289.1966029235894
300.34999999999997,289.1966029235894
301.45,289.3530767252194
303.75,290.0048746786381
304.84999999999997,289.91433326206
303.75,289.73503393634337
303.15,289.32169966075605
297.54999999999995,288.1950397141936
298.15,288.11994929622233
297.04999999999995,288.6397587558431
294.84999999999997,288.1694217297773
293.15,288.28821971755406
293.75,286.95236757648695
294.25,287.2341896222129
294.84999999999997,287.1519617024528
294.84999999999997,286.69856236169903
294.25,286.65806106383604
294.84999999999997,286.69856236169903
294.25,286.2138513760963
294.25,286.2138513760963
294.25,286.06312500175335
293.15,285.4688219133945
296.45,287.16079261082575
296.45,286.9887944964729
295.95,286.2571328795122
297.54999999999995,287.1005445284816
302.04999999999995,287.1859245709937
301.45,286.5072660853774
303.15,287.26554935570005
304.84999999999997,287.2496590849506
304.25,286.52085474889407
304.84999999999997,286.4718705357674
303.75,286.23223505210524
300.95,285.8945504809171
297.54999999999995,284.53615646739405
293.15,282.9695734283479
292.54999999999995,283.19907163754215
294.84999999999997,284.7290083534377
294.84999999999997,284.9054748935466
293.15,284.12450784139463
293.15,283.96657169928216
293.15,283.6442293256746
290.34999999999997,282.40277141454294
289.84999999999997,282.14416679469485
288.75,281.4037193092298
288.15,281.0485309105076
292.54999999999995,282.875594751197
295.95,284.36120153884013
298.15,285.17416281517785
299.84999999999997,286.03887439034344
301.45,286.2061520479974
302.54999999999995,286.23711801872696
303.15,285.8858815397946
304.25,286.52085474889407
304.84999999999997,286.4718705357674
304.25,286.13317355461027
303.15,285.8858815397946
299.25,283.9485406797321
294.25,282.5893666667035
293.75,283.2168486639163
294.25,283.381534615701
294.25,283.381534615701
292.54999999999995,283.3573148054402
292.04999999999995,283.135780661958
290.34999999999997,282.40277141454294
290.34999999999997,282.53710306251827
289.84999999999997,282.14416679469485
292.54999999999995,283.3573148054402
285.95,279.9304484955227
283.75,278.57898260344274
290.34999999999997,282.26716157369947
294.25,284.63005620236424
297.04999999999995,285.54413899722095
298.75,285.32020031794207
298.75,284.79647411663484
299.84999999999997,284.3022821031564
301.45,283.8168379683125
302.54999999999995,283.61788804171175
303.15,283.92217555711943
303.75,284.6395525510088
300.34999999999997,284.5970563431794
298.75,283.9525209601772
294.84999999999997,283.4024181445028
294.25,283.18981208850573
289.84999999999997,282.5319032291059
287.54999999999995,281.142621632928
285.95,280.1396206067522
285.34999999999997,279.4335597446397
282.54999999999995,277.4687703845347
279.84999999999997,275.56966407240753
281.45,275.9550263799273
282.04999999999995,276.013815027258
280.95,275.54840991898413
281.45,276.12066625092604
283.75,277.82540701992
284.84999999999997,278.2145860905119
286.45,278.7899557556833
288.15,279.67266567290164
290.34999999999997,280.66189176424183
292.04999999999995,281.31584355765204
292.54999999999995,281.6518053133009
293.15,282.0549478077089
292.04999999999995,281.49666419042353
292.04999999999995,282.51164884511485
290.34999999999997,281.4214865181485
289.25,281.79950934193045
288.75,281.52682195083884
284.25,281.23769094305845
284.25,281.23769094305845
283.75,281.0630668366822
283.15,281.0786477390788
282.54999999999995,280.79232982833656
282.04999999999995,280.5969983355224
282.54999999999995,280.50260245784204
282.04999999999995,279.36632071124865
282.04999999999995,279.18150303191044
281.45,278.89308676463367
282.04999999999995,278.90644409695403
283.75,279.80803571244064
288.15,281.86760799397814
290.95,283.28051469742917
292.54999999999995,283.97010347253047
293.75,284.5815082374717
294.84999999999997,284.7290083534377
293.75,283.9205394842604
292.54999999999995,283.81969420691377
286.15,281.24697249894456
288.15,281.86760799397814
288.15,282.66299372058864
286.45,281.8246494301003
283.75,280.77037709618224
281.45,279.4465168108116
283.75,280.47963082452054
282.54999999999995,279.9309055933778
283.15,280.2095992640387
283.15,279.7354081193009
283.15,279.4535812846448
281.45,278.35119873121766
281.45,277.9081547904981
282.04999999999995,277.8305593436915
282.04999999999995,277.6546807118949
280.95,277.0267926792182
284.25,278.8119998557447
287.54999999999995,280.80099445111364
291.45,282.38293147346604
293.75,282.0530647707992
295.34999999999997,282.15958124860197
296.45,282.56948355897543
297.04999999999995,282.65136278847314
297.54999999999995,282.65262812242804
298.15,282.99911032925627
298.15,282.99911032925627
297.54999999999995,282.9461944611794
293.75,281.40658288053396
290.34999999999997,280.97298187302886
288.75,280.512170364349
290.34999999999997,281.8517896654029
288.75,281.15468125121953
286.45,280.020967694665
285.34999999999997,279.6370354301163
287.04999999999995,280.95139407490024
283.15,278.9878932245307
286.45,280.34451928501176
284.25,279.0045924181914
284.25,279.0045924181914
284.84999999999997,279.1189281048709
287.54999999999995,280.33661169408896
291.45,282.38293147346604
294.25,282.9940620722569
294.84999999999997,283.4024181445028
297.54999999999995,283.50725005258295
298.15,283.5917493336486
299.84999999999997,283.980721568863
299.84999999999997,283.64901861112565
300.95,284.27012615302897
300.34999999999997,284.2694077713904
298.75,284.24226195514393
297.54999999999995,284.0360546435673
297.54999999999995,284.0360546435673
293.75,282.84527145566415
293.15,282.61449921685266
290.95,281.71094815920287
287.54999999999995,279.85888044620583
288.15,280.1900717245832
287.04999999999995,279.59577575795714
285.95,278.64001627360227
285.34999999999997,278.18292685867897
285.95,278.41554354165476
282.54999999999995,276.13938220066564
282.04999999999995,276.1855800557083
288.75,279.8319744585066
295.34999999999997,282.64182674100044
298.15,282.99911032925627
298.75,282.7008761777658
299.84999999999997,283.30740424514664
300.34999999999997,283.5830793609749
302.04999999999995,283.75112919687183
302.54999999999995,283.61788804171175
303.75,284.2264463019914
303.15,283.92217555711943
301.45,283.43753656606145
295.95,281.7285865907739
292.04999999999995,280.5501201397298
290.95,280.0401475110914
293.15,281.0324905504891
290.34999999999997,280.00405719043556
288.15,278.841761568097
284.84999999999997,277.3783002921116
285.34999999999997,277.856565971003
284.84999999999997,278.1122768093666
284.25,278.425887393082
285.34999999999997,279.8397738312213
283.15,278.43463350984393
283.75,279.144182529857
286.45,280.34451928501176
288.75,283.41070912325426
289.84999999999997,284.25112180480073
292.54999999999995,285.258660086062
294.25,285.6018926887773
297.04999999999995,286.3458846135286
297.54999999999995,285.68246812179916
299.84999999999997,285.7699462007501
300.95,286.19046736100745
300.34999999999997,285.8103004618149
297.54999999999995,284.53615646739405
294.25,283.18981208850573
292.04999999999995,282.1852221936085
290.95,284.70755236161244
290.95,285.6972481868917
289.84999999999997,285.7767021474835
287.04999999999995,284.1764863181109
287.04999999999995,283.10578205198107
286.45,282.8731381548653
285.34999999999997,282.0619674270228
284.84999999999997,281.297733628315
284.84999999999997,280.3055253394504
283.15,279.92438984953424
283.15,282.3725592016837
283.75,282.8651096394356
285.95,284.4010993392041
289.25,285.7969832915199
291.45,286.139183796476
294.84999999999997,285.5859186136123
297.04999999999995,285.9524109656484
298.75,286.0565082992016
300.34999999999997,285.22220073254306
300.95,285.27523915857773
300.34999999999997,284.91451417500167
299.84999999999997,284.3022821031564
295.95,283.0220880182631
290.95,281.2419735694085
289.25,280.47344421354524
289.25,281.79950934193045
290.34999999999997,283.32031165114796
288.75,282.71874864789004
289.84999999999997,283.5285286402367
288.15,282.66299372058864
285.95,281.3808130573773
285.95,281.3808130573773
285.95,281.17480014786986
285.34999999999997,280.84820746721766
285.34999999999997,280.4453182531885
289.84999999999997,282.5319032291059
293.15,283.4795471109623
296.45,284.70571439624587
299.84999999999997,284.9159787812604
301.45,284.5524314619021
303.75,285.0525953549817
303.75,284.6395525510088
304.84999999999997,285.2143508588128
304.84999999999997,285.2143508588128
303.15,284.32600569758995
302.04999999999995,284.5202919058516
297.54999999999995,283.23096350977755
293.75,282.0530647707992
292.54999999999995,281.6518053133009
291.45,281.4290156987075
289.25,280.47344421354524
291.45,281.75738148648503
291.45,281.5946454715627
291.45,281.75738148648503
292.04999999999995,281.8474311687901
292.04999999999995,282.017842417063
292.54999999999995,282.37049905080636
292.04999999999995,282.017842417063
293.15,282.61449921685266
292.54999999999995,282.7100525780373
295.34999999999997,284.1485398012175
300.34999999999997,286.63207655667895
302.54999999999995,287.8027739110878
302.54999999999995,287.8027739110878
302.54999999999995,287.8027739110878
302.54999999999995,287.8027739110878
295.95,287.5871908786195
297.04999999999995,287.62877104529764
299.84999999999997,288.40362203350554
298.75,287.79874994201526
297.04999999999995,286.72623800035643
294.25,285.7572306473234
293.75,285.956666868161
292.04999999999995,284.84706690357103
290.34999999999997,285.643681269846
288.75,285.2188996298698
287.04999999999995,284.8229188436676
287.54999999999995,285.0843167894348
287.54999999999995,284.7571101870165
288.15,284.99319811642937
287.54999999999995,284.7571101870165
285.95,283.766846304652
284.84999999999997,283.3281511356232
285.95,284.08315274849053
288.15,285.3249004345953
288.75,285.2188996298698
290.95,286.5441855371865
292.04999999999995,286.16094867638986
293.75,286.95236757648695
294.84999999999997,287.1519617024528
295.34999999999997,286.78773012148434
295.95,286.77080766523017
294.84999999999997,286.69856236169903
290.95,286.1828434328219
289.84999999999997,285.7767021474835
288.75,285.555758719967
287.54999999999995,284.4306364197395
285.95,282.6190760987135
284.25,281.5347992728164
283.75,281.0630668366822
284.25,281.8337767237626
283.15,281.0786477390788
284.84999999999997,282.40493867905536
284.25,281.8337767237626
282.54999999999995,280.79232982833656
283.15,281.0786477390788
282.54999999999995,280.79232982833656
284.84999999999997,282.40493867905536
287.54999999999995,283.88757923863284
290.34999999999997,284.6851758872797
292.54999999999995,285.258660086062
296.45,286.4588334787103
299.25,286.6348853922952
300.95,286.7575194765525
300.95,286.7575194765525
301.45,287.0841673224519
300.34999999999997,286.89184702288475
298.75,286.5191145422004
297.54999999999995,286.31264972054345
293.15,284.12450784139463
294.84999999999997,285.5859186136123
290.95,284.0710386639725
289.84999999999997,283.77126997582496
288.15,282.66299372058864
288.75,282.9508105485447
287.54999999999995,282.1445914883893
284.84999999999997,280.60223632878467
285.95,280.7621727598529
288.15,282.2107015763321
287.54999999999995,282.5828900312851
284.84999999999997,281.297733628315
285.34999999999997,281.75723874971106
284.84999999999997,281.798466368407
285.95,282.6190760987135
288.75,284.4316132772129
290.34999999999997,285.16692381166973
292.04999999999995,286.16094867638986
293.15,286.84934196898814
294.25,287.65612601481655
293.75,286.95236757648695
293.75,287.77145051844786
292.04999999999995,287.2958774556141
288.75,285.555758719967
286.45,283.92803223942906
284.84999999999997,283.01847776232836
284.25,282.74290557291806
284.84999999999997,283.3281511356232
284.84999999999997,283.01847776232836
285.34999999999997,283.5024212851312
284.25,283.05027964707637
283.75,282.8651096394356
283.15,282.6779952426408
282.15,282.0822543445326
282.04999999999995,281.57957169640633
282.04999999999995,281.57957169640633
281.15,281.07516024457544
282.04999999999995,281.57957169640633
283.15,281.96936035762246
286.45,283.0833323192947
289.25,284.1946576578167
290.95,284.95782306639364
293.15,285.8928242696652
294.84999999999997,286.54463970846683
295.34999999999997,286.4662877190054
295.34999999999997,286.30282212443734
294.84999999999997,286.0733825348999
290.34999999999997,283.70000112586604
287.54999999999995,282.1445914883893
287.54999999999995,282.1445914883893
283.75,279.80803571244064
283.75,281.9537999269385
282.54999999999995,281.0847054925368
281.45,280.39520918161253
279.84999999999997,279.38271824762387
281.45,281.07914140110273
280.95,280.4811460538512
279.25,278.87751611985436
278.75,278.2842882074566
279.25,278.5041014917372
281.45,280.011748974209
285.95,281.17480014786986
288.75,281.15468125121953
291.45,283.26081105739564
293.75,284.74121167825473
297.54999999999995,286.1067137425192
298.75,285.8170919080277
299.84999999999997,286.03887439034344
300.34999999999997,285.8103004618149
299.25,287.5374312135597
298.15,287.35364471731486
293.75,285.0548404992664
292.54999999999995,284.840485241111
290.34999999999997,283.5741807624574
288.75,282.71874864789004
289.25,282.42027704464056
289.84999999999997,282.5319032291059
289.84999999999997,282.65919594203297
289.84999999999997,282.65919594203297
289.25,282.42027704464056
288.15,281.86760799397814
289.84999999999997,282.5319032291059
287.04999999999995,280.73100359006764
289.25,281.79950934193045
290.34999999999997,281.99176433251756
294.25,283.753896265601
298.75,285.8170919080277
299.25,286.15295879412184
301.45,287.3609931292154
303.15,287.26554935570005
303.75,287.3043196629998
302.54999999999995,287.20420191222064
297.04999999999995,287.97343209513053
299.25,287.09554548197247
297.04999999999995,286.3458846135286
290.15,286.8683960012435
288.75,286.2299268753016
288.15,285.99005682184907
288.15,285.5463115360553
287.54999999999995,286.0720223528286
288.15,285.99005682184907
288.15,286.65873055867553
288.15,285.3249004345953
287.54999999999995,284.7571101870165
285.95,284.08315274849053
282.54999999999995,279.9309055933778
282.04999999999995,279.73950704668505
281.45,279.076265674025
281.45,279.076265674025
280.34999999999997,279.5952079592208
280.95,279.5240405180496
281.15,279.25108134704686
283.15,279.7354081193009
284.25,280.25911996799823
284.84999999999997,280.3055253394504
284.84999999999997,280.3055253394504
284.84999999999997,280.3055253394504
285.34999999999997,280.5460469744884
284.84999999999997,280.3055253394504
282.04999999999995,278.7244846522599
280.34999999999997,278.0321868033977
279.84999999999997,277.8216132448271
279.84999999999997,277.8216132448271
278.15,276.79286168689356
277.04999999999995,275.9751238742682
277.54999999999995,276.81784112139286
280.34999999999997,278.57174802598036
279.25,277.86582717726435
279.25,278.1369894627065
280.34999999999997,278.57174802598036
279.84999999999997,278.36000690473657
279.84999999999997,278.08908393129997
279.84999999999997,278.36000690473657
279.84999999999997,278.36000690473657
282.04999999999995,280.30838288473035
285.34999999999997,282.0619674270228
289.84999999999997,283.28355201738225
292.54999999999995,284.118833788646
294.25,285.12517137489715
295.34999999999997,283.53303724565603
296.45,284.04751059915037
294.84999999999997,283.4024181445028
293.75,283.2168486639163
289.84999999999997,283.0360298533126
288.75,281.77049900371935
287.04999999999995,281.0610171667322
287.04999999999995,281.0610171667322
285.95,280.45164803673805
284.84999999999997,280.1079662921514
284.84999999999997,280.60223632878467
283.75,280.1907026015066
283.75,280.1907026015066
284.25,280.25911996799823
285.34999999999997,280.5460469744884
285.34999999999997,280.5460469744884
284.84999999999997,280.1079662921514
287.04999999999995,281.2792740377904
291.45,283.1186414830072
294.84999999999997,283.4024181445028
297.54999999999995,284.53615646739405
299.25,284.25315362054437
300.95,284.61581844366725
300.95,284.61581844366725
300.95,284.61581844366725
302.04999999999995,285.9365390263162
301.45,285.89586235593555
299.84999999999997,285.20900260468574
296.45,283.81741404951805
295.95,283.71612713630793
294.84999999999997,283.1971208095154
293.15,282.4318135154242
292.54999999999995,282.37049905080636
291.84999999999997,283.1343214460551
291.25,283.92395708427506
290.65,283.30551214779456
290.04999999999995,282.8207756751669
289.34999999999997,282.25524457412035
288.75,281.52682195083884
287.54999999999995,280.9154269069925
288.15,281.2857490123679
291.45,283.26081105739564
294.25,284.79734338272897
297.04999999999995,285.54413899722095
298.75,286.0565082992016
299.84999999999997,286.3007422982774
298.15,285.41404419495007
300.34999999999997,286.63207655667895
300.34999999999997,286.63207655667895
301.45,287.0841673224519
300.95,287.0296705413814
299.25,287.09554548197247
294.25,285.12517137489715
294.25,284.63005620236424
295.34999999999997,283.94777824440655
294.25,283.18981208850573
293.15,282.61449921685266
288.15,280.92876645982716
288.15,281.63655961402776
283.15,280.49698682227466
282.54999999999995,279.9309055933778
280.95,279.15094401090846
281.45,279.4465168108116
282.04999999999995,280.0225639547508
278.15,277.41299253791965
283.75,281.3578076244417
285.95,282.3086435173902
288.75,283.6389473335409
291.45,285.38771634719114
293.15,285.75256905969627
295.95,286.77080766523017
298.15,287.7426679615277
299.84999999999997,287.96969646880905
300.34999999999997,287.3927313808309
299.84999999999997,286.80503595613794
297.54999999999995,287.2895540445708
295.34999999999997,285.62809693520103
290.95,285.6972481868917
289.84999999999997,285.1943782738595
288.75,284.65688980140504
289.84999999999997,284.7249854324121
287.54999999999995,283.88757923863284
286.45,283.39927039344195
285.34999999999997,282.572607797096
284.25,281.8337767237626
285.95,282.3086435173902
285.34999999999997,281.5546620738901
284.84999999999997,280.99899291834924
285.95,281.17480014786986
285.95,281.58677848944035
287.04999999999995,281.9280233421876
291.45,284.48508446523033
293.75,285.512403018214
294.84999999999997,285.5859186136123
295.34999999999997,285.62809693520103
297.04999999999995,286.3458846135286
292.54999999999995,285.6678344894513
290.34999999999997,284.92676503336276
289.84999999999997,284.37008441583134
288.15,283.4448297489449
285.95,282.3086435173902
283.75,281.0630668366822
283.15,280.7866437225331
283.15,280.7866437225331
283.75,281.0630668366822
284.25,281.04059801520066
284.84999999999997,280.8004193167668
284.84999999999997,280.99899291834924
283.75,280.77037709618224
283.75,281.3578076244417
282.04999999999995,280.0225639547508
280.34999999999997,279.5952079592208
280.15,280.06806455709
280.95,280.4811460538512
281.45,281.07914140110273
282.54999999999995,281.4787232361305
284.25,282.4377447571604
285.34999999999997,282.8809061862947
286.45,283.39927039344195
288.75,284.4316132772129
289.25,284.8844237937076
289.84999999999997,285.1943782738595
289.25,284.8844237937076
288.75,284.65688980140504
288.15,284.10944135436336
288.75,283.866278674316
289.84999999999997,282.65919594203297
287.04999999999995,281.49639736194024
286.45,281.8246494301003
284.25,282.9475718220748
282.54999999999995,282.17995089977853
282.04999999999995,281.98154500472936
281.15,281.07516024457544
280.95,280.4811460538512
279.84999999999997,279.38271824762387
279.84999999999997,279.09925077696937
279.84999999999997,278.7265871820738
279.84999999999997,278.7265871820738
278.15,277.68514358150577
278.15,277.68514358150577
277.54999999999995,277.44960801267484
278.15,277.68514358150577
277.54999999999995,277.1762541991752
277.04999999999995,276.5867099434693
275.95,275.48827387835047
275.34999999999997,274.8891258815904
274.84999999999997,274.3898353041813
273.75,273.62261142595315
273.15,273.0183462938301
272.54999999999995,272.41408044182515
272.54999999999995,272.41408044182515
272.54999999999995,272.0930916135012
272.54999999999995,272.41408044182515
273.15,272.61206968937273
272.54999999999995,272.41408044182515
272.04999999999995,271.9105250057934
272.04999999999995,271.9105250057934
272.04999999999995,271.51603623123526
272.04999999999995,271.51603623123526
272.04999999999995,271.51603623123526
272.04999999999995,271.2108053640622
272.04999999999995,271.2108053640622
272.04999999999995,271.2108053640622
272.54999999999995,271.70448659158075
272.54999999999995,272.0930916135012
273.75,272.8893187979389
273.75,273.29139413526093
274.25,273.46348031835635
274.25,273.79068590297345
274.84999999999997,274.0572733983778
274.25,273.79068590297345
274.25,273.79068590297345
274.25,273.79068590297345
273.75,273.62261142595315
273.75,273.62261142595315
273.75,273.62261142595315
274.25,273.79068590297345
274.25,273.79068590297345
274.25,273.79068590297345
274.25,273.46348031835635
274.25,273.46348031835635
274.84999999999997,274.0572733983778
274.84999999999997,274.0572733983778
274.84999999999997,274.0572733983778
274.25,273.79068590297345
274.25,274.1261651620581
275.34999999999997,274.5521002959123
276.45,275.0519770689773
277.04999999999995,273.6917718170259
277.54999999999995,274.2144679560515
278.15,274.53079688850744
278.15,274.3101023814642
278.75,274.9135607945432
278.75,275.5325343198406
278.15,274.98505635988545
278.15,274.98505635988545
277.54999999999995,274.89726799448033
277.04999999999995,274.8999242890519
277.04999999999995,274.8999242890519
275.34999999999997,272.91935206874246
274.84999999999997,272.8854199541028
275.34999999999997,273.43704528628245
275.95,273.77960605134876
275.95,273.48015018369483
275.95,273.48015018369483
275.95,273.2613688121103
275.95,273.48015018369483
275.34999999999997,272.91935206874246
274.84999999999997,272.6660760148326
275.34999999999997,273.43704528628245
277.04999999999995,274.355144961595
278.15,274.98505635988545
279.25,275.5899082031733
281.45,277.30020227000404
282.54999999999995,278.0927718097836
283.75,278.7671623548735
283.75,278.57898260344274
283.75,278.57898260344274
283.15,278.25125498773747
281.45,277.30020227000404
278.15,275.45624161111004
275.95,274.3242784234503
274.25,273.1447744195059
274.25,273.1447744195059
275.95,274.3242784234503
275.34999999999997,273.9817251132267
274.84999999999997,273.4170859158641
274.84999999999997,273.7329493828986
275.34999999999997,273.66725440035106
274.84999999999997,273.4170859158641
273.15,271.99078541731245
273.15,272.2969031723906
273.15,271.99078541731245
274.25,273.1447744195059
276.45,274.5664018025041
279.25,276.4810221727389
282.54999999999995,278.7254278881232
285.34999999999997,280.4453182531885
287.54999999999995,281.3678564500854
289.84999999999997,282.5319032291059
290.95,282.5909709968586
290.95,282.30496893536406
290.95,281.8625136717596
289.25,281.6726384910089
285.95,279.9304484955227
283.15,278.43463350984393
282.04999999999995,277.8305593436915
279.25,276.73271633674096
279.25,276.9881037313532
279.25,276.9881037313532
278.75,276.51351908194215
278.75,276.26242660189183
275.34999999999997,273.9817251132267
277.04999999999995,275.1408537529936
274.25,272.834813186826
278.75,275.7719078258941
276.45,274.25278452092437
278.75,276.01521352157056
282.04999999999995,278.0073469923299
284.84999999999997,279.7129841969529
288.15,281.63655961402776
292.04999999999995,283.58307744420705
293.75,284.0893805080229
295.34999999999997,284.9135978714421
295.95,284.36120153884013
296.45,284.70571439624587
295.34999999999997,284.345261255723
292.54999999999995,283.19907163754215
289.25,281.79950934193045
287.04999999999995,281.2792740377904
287.04999999999995,281.0610171667322
285.95,280.7621727598529
283.15,279.2667328057914
284.84999999999997,279.91049021102157
286.45,280.5584387355417
284.84999999999997,279.51532100555613
285.95,279.9304484955227
286.45,280.020967694665
281.45,277.9081547904981
278.15,276.44802057747796
279.25,276.9881037313532
280.34999999999997,277.85526359513534
283.75,279.99902232862894
286.45,281.4047179448895
290.95,284.0710386639725
295.34999999999997,284.5381927324452
297.04999999999995,285.3338570697619
298.15,285.8770162512633
299.84999999999997,285.20900260468574
299.25,284.8350524658577
298.75,284.5234188507442
297.04999999999995,284.44516141747647
294.25,283.381534615701
293.75,283.0328860477053
293.15,282.9695734283479
292.04999999999995,282.67104289925743
291.45,282.38293147346604
287.54999999999995,280.80099445111364
284.84999999999997,280.1079662921514
283.15,279.2667328057914
281.45,278.35119873121766
283.15,279.2667328057914
282.04999999999995,278.7244846522599
282.54999999999995,278.90813839041135
281.45,278.35119873121766
283.15,279.2667328057914
284.25,279.87175820261126
286.45,280.77121817557645
287.54999999999995,281.59141796947085
289.84999999999997,282.9112065754246
292.54999999999995,284.118833788646
294.25,284.96233789240097
294.84999999999997,284.9054748935466
295.34999999999997,285.0964871946516
294.84999999999997,284.7290083534377
291.45,283.1186414830072
288.15,281.52022944237166
287.54999999999995,281.59141796947085
285.95,280.7621727598529
284.25,279.1970826864719
283.75,279.144182529857
282.04999999999995,278.2743388831871
278.75,276.01521352157056
275.34999999999997,273.9817251132267
275.95,274.5654993509187
277.04999999999995,275.719892985453
276.45,275.38552210859325
277.54999999999995,275.9528300828591
275.34999999999997,274.30458314747847
277.54999999999995,275.9528300828591
282.04999999999995,278.4536011984224
283.75,279.333223657276
286.45,280.5584387355417
287.54999999999995,280.33661169408896
289.84999999999997,279.8374976703126
289.25,280.18854767190254
289.25,279.4342771074095
289.25,278.774904042991
289.84999999999997,278.97462703206793
286.45,277.55234633491733
283.75,278.2026745181314
280.34999999999997,276.4097372941572
279.84999999999997,276.37138522432093
278.75,275.7719078258941
278.15,274.98505635988545
278.75,275.2971132042034
278.15,274.98505635988545
279.25,274.97306104665495
279.25,274.8228766614424
277.04999999999995,273.341963140906
278.15,273.81196668929556
275.34999999999997,272.09904821508474
272.54999999999995,269.99351159430324
274.84999999999997,272.3818644576397
281.45,277.30020227000404
283.15,277.7941892607376
285.34999999999997,278.8164353666499
286.45,279.2481148509311
287.04999999999995,279.1181079028553
288.15,279.4040759589192
287.54999999999995,278.97616533464867
287.04999999999995,278.99567843191943
286.45,278.7899557556833
285.95,278.64001627360227
283.15,277.7941892607376
281.45,276.87400920196995
280.34999999999997,276.24634785291715
281.45,276.87400920196995
280.95,276.60762745443515
279.84999999999997,275.96588056392005
279.84999999999997,276.12695327607935
277.04999999999995,274.58560250186486
275.95,273.2613688121103
272.04999999999995,270.35371278483075
272.04999999999995,270.35371278483075
272.54999999999995,271.1132552191895
274.84999999999997,272.3818644576397
277.04999999999995,273.90815034466607
279.25,275.3555359079469
283.15,277.97684948331613
284.84999999999997,278.8200005269127
286.45,279.47209852591635
288.15,280.3159400944877
289.84999999999997,281.19577451202923
292.04999999999995,282.67104289925743
292.04999999999995,282.82810174770464
290.95,282.4487917933099
288.75,281.15468125121953
284.25,278.23200030574986
283.75,278.3908661715179
282.54999999999995,277.4687703845347
282.54999999999995,278.0927718097836
280.34999999999997,277.0771222522407
277.54999999999995,275.374512137103
279.25,276.73271633674096
278.75,276.26242660189183
277.04999999999995,275.1408537529936
278.75,276.51351908194215
277.54999999999995,275.61956274542644
278.15,275.6980775595383
276.45,274.5664018025041
278.75,276.01521352157056
281.45,277.47250021262244
284.84999999999997,279.1189281048709
286.45,280.020967694665
288.75,280.77299235144284
289.84999999999997,281.19577451202923
290.95,281.5571091127265
291.45,281.4290156987075
291.45,281.26029109007874
291.45,281.26029109007874
288.15,279.8043129645825
283.75,277.35001744210615
280.95,275.87032339069344
279.25,274.6742599974394
278.75,274.3950649555821
276.45,273.1525612354828
278.15,274.75579183184743
278.75,275.2971132042034
277.04999999999995,274.355144961595
277.04999999999995,274.355144961595
276.45,273.57787010736376
275.95,273.04769027459747
277.04999999999995,273.48024579280377
277.04999999999995,273.90815034466607
278.75,275.0656581336247
282.54999999999995,277.4687703845347
285.34999999999997,278.7122448354305
287.54999999999995,279.85888044620583
288.75,281.15468125121953
290.95,282.87079519912095
291.45,282.38293147346604
292.54999999999995,282.7100525780373
293.15,282.61449921685266
292.54999999999995,282.0183451386279
290.34999999999997,281.2741903370082
286.45,278.90594493360055
283.75,277.6359383843951
282.04999999999995,276.614651912042
283.75,277.6359383843951
278.15,274.3101023814642
281.45,277.30020227000404
280.95,276.77440763528364
280.95,276.77440763528364
280.95,277.0267926792182
281.45,277.30020227000404
280.95,277.0267926792182
280.95,277.4536146024801
280.34999999999997,277.33324465738013
282.04999999999995,278.2743388831871
284.84999999999997,279.51532100555613
288.15,280.5641430705036
290.95,281.71094815920287
293.75,282.84527145566415
295.95,283.0220880182631
297.54999999999995,283.23096350977755
298.15,282.99911032925627
298.75,283.3455757655488
297.54999999999995,282.9461944611794
293.75,281.62772645519675
289.84999999999997,281.0539575406755
289.25,280.47344421354524
283.75,277.4455996454875
282.54999999999995,276.58420784552567
285.34999999999997,278.5023448796434
283.75,277.6359383843951
284.25,277.74300624440747
282.04999999999995,276.52878130658206
282.04999999999995,276.1855800557083
282.04999999999995,276.013815027258
283.75,276.96397708196406
282.04999999999995,275.84163621184894
282.04999999999995,275.7553063409992
283.75,276.86629943289955
285.95,278.52824740701607
289.25,280.18854767190254
293.15,282.0549478077089
294.25,281.94464428141794
295.34999999999997,282.64182674100044
295.95,283.0220880182631
295.34999999999997,282.64182674100044
294.84999999999997,282.32493170098485
294.84999999999997,282.32493170098485
291.45,281.26029109007874
288.75,279.8319744585066
288.15,279.67266567290164
287.04999999999995,278.99567843191943
285.34999999999997,277.7458999148066
286.45,278.31407889867893
285.95,278.52824740701607
283.15,276.97059493520675
280.95,276.03246443206893
280.95,276.1955198557338
279.84999999999997,275.56966407240753
279.25,275.20133203076
280.34999999999997,276.24634785291715
276.45,273.7980127924419
278.75,275.2971132042034
282.04999999999995,277.6546807118949
283.75,278.57898260344274
285.34999999999997,279.4335597446397
287.04999999999995,280.2846420234938
288.75,281.4037193092298
290.95,282.30496893536406
292.04999999999995,282.82810174770464
293.15,283.1423909574339
292.54999999999995,282.5417491402733
290.34999999999997,281.1247388707473
286.45,279.2481148509311
282.04999999999995,276.614651912042
280.95,276.03246443206893
283.75,278.2026745181314
280.95,276.1955198557338
284.25,278.425887393082
284.25,278.425887393082
283.75,278.2026745181314
284.25,278.425887393082
280.34999999999997,276.24634785291715
277.04999999999995,274.58560250186486
277.04999999999995,274.58560250186486
278.15,275.45624161111004
278.15,275.45624161111004
281.45,277.47250021262244
285.34999999999997,279.6370354301163
289.84999999999997,281.7461999839245
293.15,282.9695734283479
295.34999999999997,284.1485398012175
295.95,284.15104547975955
295.95,283.49070091754163
295.34999999999997,282.87321560924204
293.75,282.0530647707992
291.45,281.9174106227519
288.75,280.512170364349
286.45,279.1349504391657
287.04999999999995,281.2792740377904
287.04999999999995,282.3572511810491
285.34999999999997,281.5546620738901
284.25,281.5347992728164
283.15,280.7866437225331
282.54999999999995,280.79232982833656
280.95,280.19035592263174
280.34999999999997,279.9783298299042
279.25,279.161677043921
279.84999999999997,278.36000690473657
278.15,277.41299253791965
279.84999999999997,279.38271824762387
279.84999999999997,278.36000690473657
278.75,277.64565739122065
278.15,278.0538682381237
278.75,278.2842882074566
278.15,278.0538682381237
278.15,277.68514358150577
278.15,277.68514358150577
278.15,277.68514358150577
277.54999999999995,277.44960801267484
277.54999999999995,277.44960801267484
277.54999999999995,277.1762541991752
277.04999999999995,276.9460573419892
277.04999999999995,276.9460573419892
277.04999999999995,276.9460573419892
277.04999999999995,276.9460573419892
277.04999999999995,276.9460573419892
277.04999999999995,276.9460573419892
277.54999999999995,277.1762541991752
277.04999999999995,276.9460573419892
277.54999999999995,277.1762541991752
277.54999999999995,277.1762541991752
277.54999999999995,277.1762541991752
277.54999999999995,277.1762541991752
278.15,277.41299253791965
278.15,277.68514358150577
279.25,278.5041014917372
280.95,279.5240405180496
282.04999999999995,280.0225639547508
283.15,281.0786477390788
284.84999999999997,282.40493867905536
285.95,283.13868357247827
285.95,283.4520662662934
287.04999999999995,283.42647022225475
282.54999999999995,281.0847054925368
280.95,280.19035592263174
280.95,279.80751421208157
280.95,280.19035592263174
282.04999999999995,280.5969983355224
282.04999999999995,280.5969983355224
282.04999999999995,280.88843857429305
281.45,280.39520918161253
282.04999999999995,280.88843857429305
282.04999999999995,280.88843857429305
282.04999999999995,281.2814587056409
282.04999999999995,280.88843857429305
280.95,280.4811460538512
278.75,278.65812784170197
279.25,279.161677043921
279.84999999999997,279.7659355346041
280.34999999999997,280.2694838237216
281.15,280.3887384202881
284.84999999999997,282.1008771267696
285.95,282.6190760987135
287.54999999999995,283.3448636333049
288.75,283.6389473335409
288.75,283.866278674316
288.75,284.20590775235235
286.45,283.0833323192947
284.25,281.8337767237626
283.75,281.5554872140331
283.15,281.0786477390788
282.04999999999995,280.5969983355224
281.45,280.011748974209
277.04999999999995,276.32188101310606
277.54999999999995,276.81784112139286
277.04999999999995,276.5867099434693
276.45,276.07543472550157
279.25,278.1369894627065
278.15,276.19401240023865
278.15,275.6980775595383
278.75,275.5325343198406
279.25,275.82798336929875
281.45,277.30020227000404
284.25,278.6191552103008
286.45,279.47209852591635
287.54999999999995,279.73685812531573
289.25,280.8865484073277
288.75,280.1094581409027
289.25,280.0428324061441
289.84999999999997,280.6164253286695
288.15,279.8043129645825
287.04999999999995,279.71260172541577
284.84999999999997,279.1189281048709
283.15,277.7941892607376
283.15,277.611596616115
283.15,277.611596616115
279.84999999999997,275.72705535476535
277.54999999999995,274.36270236722777
279.25,275.3555359079469
275.34999999999997,273.43704528628245
277.54999999999995,274.2144679560515
278.75,274.5410203351143
277.54999999999995,273.7820278603785
277.54999999999995,273.6420226231613
277.04999999999995,273.341963140906
277.04999999999995,273.48024579280377
280.34999999999997,275.68476654334427
283.15,277.611596616115
284.84999999999997,278.41783364429244
286.45,280.020967694665
288.15,280.92876645982716
289.25,281.0209430408424
289.25,280.3320349314021
290.34999999999997,280.66189176424183
289.84999999999997,280.6164253286695
285.95,279.5082920722748
282.54999999999995,277.9137372214728
282.54999999999995,277.6463625915868
280.34999999999997,276.65738268975764
278.75,275.7719078258941
280.95,276.77440763528364
279.84999999999997,276.6192378083716
278.15,274.98505635988545
277.04999999999995,274.355144961595
278.75,275.2971132042034
277.04999999999995,274.355144961595
275.95,274.00987353818755
279.25,275.82798336929875
277.54999999999995,275.13372700037326
277.54999999999995,275.374512137103
280.95,277.196576632871
282.54999999999995,277.6463625915868
284.25,279.38960225766795
285.95,280.86544428279683
288.15,282.88741037330465
289.25,283.49617369851
289.25,283.9630200387564
288.75,283.866278674316
287.54999999999995,283.6705234132394
285.95,282.93046637450294
283.15,281.3730653251151
282.54999999999995,280.79232982833656
280.95,279.80751421208157
282.04999999999995,280.5969983355224
279.25,278.5041014917372
279.25,278.87751611985436
279.25,278.5041014917372
281.45,280.011748974209
282.54999999999995,280.50260245784204
282.54999999999995,280.50260245784204
282.04999999999995,280.30838288473035
281.45,280.39520918161253
281.45,280.68631202135583
282.54999999999995,281.7774137556484
283.15,282.3725592016837
281.45,280.39520918161253
283.75,281.5554872140331
284.84999999999997,282.1008771267696
288.15,283.8882392435928
287.54999999999995,283.88757923863284
285.34999999999997,282.572607797096
285.95,282.93046637450294
286.45,282.55832937995774
285.34999999999997,282.0619674270228
283.15,281.3730653251151
282.54999999999995,281.1827592267762
282.54999999999995,281.0847054925368
282.04999999999995,280.88843857429305
281.45,280.68631202135583
280.34999999999997,279.9783298299042
280.95,280.4811460538512
281.45,281.3772886392524
281.45,281.3772886392524
281.45,281.3772886392524
281.45,281.07914140110273
281.45,280.68631202135583
281.45,280.39520918161253
280.34999999999997,279.5952079592208
280.95,280.19035592263174
281.45,280.39520918161253
282.54999999999995,280.79232982833656
285.34999999999997,282.0619674270228
288.75,282.3673560338083
290.95,282.5909709968586
290.95,281.2419735694085
290.34999999999997,280.66189176424183
290.34999999999997,280.97298187302886
287.54999999999995,279.85888044620583
285.34999999999997,278.7122448354305
279.84999999999997,275.72705535476535
285.34999999999997,278.18292685867897
278.15,275.2185533427318
279.25,276.4810221727389
279.25,277.2471669649586
278.75,276.01521352157056
277.54999999999995,274.6651969311674
278.75,275.0656581336247
277.54999999999995,274.36270236722777
277.54999999999995,274.2144679560515
274.84999999999997,272.8854199541028
277.04999999999995,273.90815034466607
276.45,273.7980127924419
278.15,275.2185533427318
280.34999999999997,276.90816451515474
282.54999999999995,279.3691473577364
284.25,280.74632607426634
285.34999999999997,281.0497563224289
285.95,281.17480014786986
288.15,282.2107015763321
288.75,282.3673560338083
288.15,281.9824018861993
284.84999999999997,280.60223632878467
283.75,279.52273335688966
282.54999999999995,279.1839960178146
282.54999999999995,279.1839960178146
280.95,278.153402056038
279.25,276.9881037313532
279.25,276.9881037313532
279.25,276.73271633674096
277.54999999999995,275.61956274542644
277.54999999999995,275.61956274542644
275.95,274.5654993509187
275.95,274.5654993509187
275.34999999999997,273.9817251132267
275.95,274.89418660530896
277.54999999999995,276.46645799240696
277.54999999999995,276.46645799240696
278.15,277.05605812516336
278.15,277.41299253791965
278.15,277.41299253791965
279.15,278.4049098726491
279.15,278.4049098726491
278.75,278.2842882074566
279.25,278.5041014917372
279.84999999999997,279.09925077696937
279.25,278.5041014917372
278.75,278.2842882074566
278.75,278.2842882074566
277.04999999999995,275.9751238742682
275.95,274.89418660530896
274.34999999999997,273.56244589317765
272.84999999999997,272.07795963219905
271.25,270.2755997664919
269.75,268.9398626738077
268.15,267.36006724343883
266.54999999999995,265.78026376285527
264.84999999999997,263.8194394660015
264.84999999999997,264.10171322156293
264.84999999999997,264.10171322156293
264.84999999999997,264.10171322156293
265.34999999999997,264.59540559012976
266.45,265.4388992733316
267.04999999999995,265.7896186235429
268.15,267.03846649153763
269.84999999999997,268.76375620067176
268.15,267.36006724343883
267.04999999999995,266.8749408608093
266.45,265.68152576756506
266.45,266.0016663637863
265.95,265.4379764458482
265.95,265.4379764458482
265.95,265.4379764458482
266.45,265.68152576756506
266.45,265.68152576756506
266.45,266.0016663637863
266.45,265.68152576756506
267.04999999999995,266.27395324280326
267.04999999999995,266.27395324280326
267.04999999999995,266.5340275159952
267.04999999999995,266.5340275159952
267.04999999999995,266.27395324280326
267.04999999999995,266.27395324280326
267.04999999999995,266.5340275159952
267.04999999999995,266.5340275159952
267.54999999999995,266.7676419059028
268.15,267.63007514211426
268.75,267.88533742223194
268.75,267.88533742223194
268.75,267.88533742223194
268.75,267.88533742223194
269.25,268.1114661360542
270.34999999999997,268.9838148623768
270.34999999999997,268.9838148623768
269.25,268.1114661360542
269.25,267.21779186166043
269.84999999999997,268.4356334575254
269.84999999999997,268.76375620067176
269.84999999999997,269.03859963096943
269.84999999999997,269.32396044179114
268.15,267.63007514211426
267.54999999999995,267.10012723722195
268.75,268.22791789505544
268.75,268.22791789505544
268.15,267.63007514211426
268.75,268.22791789505544
268.75,268.22791789505544
266.45,266.0016663637863
265.34999999999997,264.903202092393
266.45,265.4388992733316
267.54999999999995,266.27359068250485
270.34999999999997,268.7260617170487
272.04999999999995,269.5339709755836
273.15,269.50824282374515
274.25,269.8412478736214
274.84999999999997,270.3095239549324
275.34999999999997,270.2713432668932
274.25,269.7625694236552
269.84999999999997,266.85015336642743
269.25,266.51555725617294
269.84999999999997,266.85015336642743
268.15,265.65401235536063
267.04999999999995,264.7408085551075
265.95,264.1332423117676
266.45,264.30871341896875
266.45,264.78898688249666
268.15,266.1896172394008
268.15,266.1896172394008
269.25,266.9117157697665
270.34999999999997,267.91913846392197
268.75,267.19414291035963
267.04999999999995,265.7896186235429
268.15,266.6196702210017
268.75,267.19414291035963
269.84999999999997,267.8344393240259
270.95,268.63410306461077
272.04999999999995,269.5339709755836
273.75,270.2735121260149
275.95,271.5921721041251
275.95,271.99926015147526
275.34999999999997,271.72303793608916
274.25,270.70764000796635
274.25,270.70764000796635
274.25,270.70764000796635
273.15,270.54495798185474
271.45,269.584468845139
271.45,269.8455586690785
271.45,269.15516581134557
272.54999999999995,269.2315910099324
271.45,268.60805504703563
272.04999999999995,268.7513758772304
272.04999999999995,268.8923613075386
272.04999999999995,268.7513758772304
272.04999999999995,268.8923613075386
268.15,266.04275986608974
269.84999999999997,267.1758076957242
270.95,268.01843463626983
273.75,270.1167637361756
275.34999999999997,271.3153406894979
277.04999999999995,272.5594210439907
279.25,273.67361159822116
280.95,274.51069865506634
281.45,274.9620836291426
282.54999999999995,275.59536168156967
283.15,275.73912925827307
282.54999999999995,275.31571819630915
279.25,273.95316387007836
277.04999999999995,273.13869700705726
274.25,271.4263935090424
275.34999999999997,271.9080704967324
275.95,271.82077049267343
276.45,271.9459394194406
275.95,271.705116247906
277.04999999999995,272.3168482489027
276.45,272.062450841636
275.95,271.82077049267343
276.45,272.062450841636
276.45,272.062450841636
277.54999999999995,272.65903584673475
276.45,271.83197123224113
275.95,271.5921721041251
277.15,272.76792622420083
279.25,273.95316387007836
282.04999999999995,276.1855800557083
285.34999999999997,277.17440105949555
287.04999999999995,277.9556525403304
288.15,278.9858752544954
288.75,279.0982473065867
288.75,279.0982473065867
286.45,278.7899557556833
281.45,276.2868224324132
278.15,274.3101023814642
277.54999999999995,273.9959327651211
276.45,273.1525612354828
278.75,274.03768343563365
278.75,274.03768343563365
277.54999999999995,273.1685536333476
278.75,273.6223740213136
278.15,273.14070945791303
278.15,273.01190408424
278.75,273.1542579354307
278.15,272.6970304228913
278.75,273.02310262521706
278.75,272.89277204814937
279.84999999999997,273.48325779040283
281.45,274.6248970359963
285.34999999999997,276.8128953329678
288.15,278.54538247843595
289.25,279.11183760899144
290.95,279.05328699940304
289.84999999999997,279.33173743006336
290.34999999999997,279.47236534564104
288.75,278.9432274083141
288.15,279.4040759589192
284.25,277.44518893494404
284.25,277.04022742370927
284.25,276.8332376324012
283.75,276.56955030864253
282.54999999999995,276.0497185239484
285.95,277.34382415978695
281.45,274.6248970359963
280.34999999999997,273.84003779596543
280.34999999999997,274.0694706436941
279.84999999999997,273.62904723378324
278.75,273.4198075412782
277.04999999999995,272.0833782034692
279.84999999999997,274.4315540200947
278.15,273.67396179616316
275.34999999999997,271.60306642437104
283.15,276.97059493520675
282.04999999999995,277.3924413296881
285.34999999999997,279.2291350310133
288.15,279.4040759589192
288.75,279.69012598804017
290.95,280.91570809838436
290.95,281.40084032112225
288.75,280.2453724233991
287.54999999999995,279.73685812531573
285.34999999999997,278.5023448796434
283.75,277.4455996454875
284.84999999999997,278.1122768093666
280.34999999999997,275.68476654334427
279.25,275.5899082031733
281.45,276.2868224324132
282.54999999999995,276.9379362659816
280.34999999999997,276.0037568451424
280.34999999999997,276.4097372941572
280.34999999999997,276.4097372941572
282.04999999999995,277.3924413296881
281.45,276.6211444464783
279.25,275.82798336929875
278.75,275.5325343198406
279.25,275.5899082031733
282.04999999999995,277.6546807118949
284.25,279.1970826864719
287.04999999999995,280.171650581415
287.54999999999995,279.4891342630678
285.34999999999997,278.5023448796434
283.15,277.97684948331613
281.45,277.9081547904981
283.15,278.61847854256155
280.95,277.196576632871
279.84999999999997,275.56966407240753
278.75,274.68871958276577
277.54999999999995,273.6420226231613
277.04999999999995,273.00598833793066
276.45,272.1814928678719
276.45,272.1814928678719
277.04999999999995,272.19898677693465
276.45,271.83197123224113
274.84999999999997,270.7887101629091
272.04999999999995,269.0414325288816
275.95,271.82077049267343
274.25,270.4918378183537
273.75,270.1167637361756
273.75,269.825990911351
273.75,269.825990911351
275.95,271.37452561671176
279.25,273.3290294284873
279.84999999999997,273.48325779040283
280.34999999999997,273.7630205734332
280.34999999999997,273.6856353607059
281.45,274.1904981947519
282.04999999999995,274.68767400259935
282.04999999999995,274.68767400259935
281.45,274.6248970359963
279.25,273.39764358292445
278.15,272.6970304228913
277.04999999999995,272.0833782034692
276.45,271.61167447614724
274.84999999999997,270.7887101629091
275.34999999999997,271.4283079817098
273.15,269.60334228905475
273.15,269.50824282374515
273.75,269.9194506495988
273.15,269.50824282374515
272.54999999999995,269.0899147262137
271.45,268.1486142052022
270.95,267.92843537903616
272.54999999999995,268.91405074012016
272.04999999999995,268.57659687671196
275.95,271.481967270332
277.04999999999995,272.3168482489027
277.54999999999995,272.41658143075637
277.04999999999995,272.684150548444
278.75,274.1793645346234
277.54999999999995,273.3011921415882
278.15,273.67396179616316
277.54999999999995,273.6420226231613
277.04999999999995,273.13869700705726
274.25,272.314237168498
274.25,272.0297701658054
273.15,270.9287567145352
272.54999999999995,270.9016818929604
271.45,270.04853729223055
272.04999999999995,270.15398867299
271.45,269.8455586690785
268.75,267.3737313721354
270.34999999999997,267.91913846392197
270.34999999999997,267.62338805739495
269.84999999999997,267.0459890316002
269.25,266.40189154106133
269.25,266.33162316366224
268.15,265.65401235536063
269.25,266.17639202463164
272.04999999999995,268.3097063321722
275.34999999999997,270.6534105272626
278.75,272.56884805419
280.34999999999997,273.29079271362065
282.04999999999995,274.1069728872812
282.54999999999995,274.312102841614
284.25,275.0974515334672
283.75,274.92637514258627
283.75,274.92637514258627
281.45,273.7322175243506
277.54999999999995,271.5665790210349
277.54999999999995,271.6760837036629
279.25,272.7105711741157
275.34999999999997,270.3508659171302
276.45,271.1042244798466
277.54999999999995,271.6212551590368
278.75,272.43918557563836
279.25,272.986544549905
280.34999999999997,274.0694706436941
279.84999999999997,273.99247078495563
280.95,274.7508800421265
281.45,275.1286530439374
281.45,275.29440564899824
279.25,273.67361159822116
276.45,272.1814928678719
277.54999999999995,273.03802885852986
280.95,275.1491775534693
284.25,277.1424893269714
284.84999999999997,277.4855077964492
284.84999999999997,277.8020122128571
286.45,278.7899557556833
284.84999999999997,277.8020122128571
283.15,276.78600515087953
282.54999999999995,276.49558283359926
283.15,276.78600515087953
280.95,275.87032339069344
280.34999999999997,276.65738268975764
279.84999999999997,276.37138522432093
277.15,274.4480001412571
276.45,275.6407173786321
275.95,275.14589178437086
275.95,275.14589178437086
275.95,275.14589178437086
275.95,275.14589178437086
273.75,273.62261142595315
274.25,273.1447744195059
274.25,273.1447744195059
274.84999999999997,273.18588486593234
274.25,273.46348031835635
276.45,274.5664018025041
277.54999999999995,274.89726799448033
277.54999999999995,274.89726799448033
279.84999999999997,276.37138522432093
279.25,275.3555359079469
280.34999999999997,275.2926391955596
279.84999999999997,275.02980849115914
278.75,274.3950649555821
275.95,273.04769027459747
274.84999999999997,273.18588486593234
273.75,272.2747607582507
273.15,271.99078541731245
273.75,272.0538108127867
273.15,271.69400861817536
273.15,271.69400861817536
273.15,271.40689220407194
273.15,271.40689220407194
272.54999999999995,270.9016818929604
273.15,271.40689220407194
273.15,271.69400861817536
273.15,271.99078541731245
274.84999999999997,271.77847760853933
274.84999999999997,271.9738868076358
274.84999999999997,272.3818644576397
274.84999999999997,272.6660760148326
275.95,273.77960605134876
276.45,273.57787010736376
278.15,274.75579183184743
277.54999999999995,273.9959327651211
278.75,274.5410203351143
275.95,273.77960605134876
275.95,273.48015018369483
274.84999999999997,272.6660760148326
275.34999999999997,272.7061049914983
273.15,271.40689220407194
272.54999999999995,271.1132552191895
272.54999999999995,270.9016818929604
272.04999999999995,270.35371278483075
268.75,267.19414291035963
267.54999999999995,266.5145929022499
270.34999999999997,268.13371865333335
270.34999999999997,267.91913846392197
270.34999999999997,267.53217432747095
270.95,267.8007750301742
271.45,267.9560133142539
270.95,267.6086421197725
270.95,267.53941614165814
273.75,269.5674476381103
277.54999999999995,272.41658143075637
282.04999999999995,274.78029883575647
283.75,275.51540632816926
285.34999999999997,276.43288931970585
287.04999999999995,277.22797576598583
287.04999999999995,277.072738138366
286.45,276.7048006201562
283.75,275.0485497736191
282.54999999999995,274.312102841614
278.75,272.3741442806132
277.04999999999995,271.4332861460948
277.54999999999995,271.7311000634332
277.04999999999995,271.4849447739391
278.15,272.4514731448998
278.15,272.3907893366036
278.15,272.14999230760617
278.15,272.3907893366036
280.34999999999997,274.0694706436941
278.75,273.1542579354307
279.25,273.46638037775193
279.84999999999997,273.84707753408895
282.04999999999995,275.05297137127184
277.04999999999995,272.02640674310095
275.95,271.481967270332
277.04999999999995,272.5594210439907
282.54999999999995,276.0497185239484
285.34999999999997,276.5618742742859
287.54999999999995,277.53992494071144
287.54999999999995,277.2148908750121
288.15,277.2212906073349
287.54999999999995,277.0465399323654
286.45,276.7048006201562
283.15,275.01506138982006
281.45,274.53940881255755
281.45,274.9620836291426
279.25,273.46638037775193
278.75,273.5544985643025
280.95,275.1491775534693
279.84999999999997,274.4315540200947
280.34999999999997,274.52536391263277
278.75,273.6223740213136
278.15,273.27126888083296
275.34999999999997,271.4283079817098
273.75,270.3820332230261
270.95,268.1604807817799
270.95,268.46863748011594
270.95,268.8658854605832
273.75,270.72607728743213
276.45,272.30304697276887
278.75,273.5544985643025
279.84999999999997,274.06528202335863
280.95,274.6709992883417
283.15,275.6395365299024
283.75,275.62716063398534
284.25,275.9588475966996
283.15,275.33374543610887
280.95,274.0216612446118
278.75,272.6335691478789
279.84999999999997,273.48325779040283
279.25,273.0550989403185
278.75,272.76302390642365
278.75,272.50406989875074
277.54999999999995,271.9537124474512
278.15,272.0302433469591
278.75,272.56884805419
279.84999999999997,273.4100883941196
279.84999999999997,273.48325779040283
277.04999999999995,271.74956992555326
278.75,272.76302390642365
278.15,272.0900972340513
277.04999999999995,271.58946222965255
278.15,272.4514731448998
279.84999999999997,273.62904723378324
280.95,274.34935382909686
282.54999999999995,275.22088831712324
283.75,275.8456117091183
284.84999999999997,276.2348767613502
285.95,276.81949031268203
286.45,277.1416347497703
285.34999999999997,276.5618742742859
282.04999999999995,274.871997127969
280.95,274.43018320968355
279.25,273.60433847859605
277.54999999999995,272.65903584673475
277.54999999999995,272.783288747129
278.15,273.27126888083296
276.45,271.83197123224113
277.04999999999995,272.3168482489027
278.15,273.27126888083296
278.75,273.75924111969886
279.25,274.2374355941007
278.15,273.4036382491516
277.54999999999995,273.03802885852986
277.04999999999995,272.8111737515665
274.84999999999997,271.40564844939814
275.34999999999997,271.72303793608916
281.45,275.9550263799273
284.25,277.44518893494404
285.95,278.41554354165476
287.54999999999995,279.3632437966238
287.54999999999995,279.3632437966238
288.15,279.67266567290164
287.54999999999995,279.3632437966238
286.45,278.7899557556833
284.25,277.54493204637055
283.15,276.97059493520675
280.95,275.7090072230568
275.34999999999997,271.4283079817098
278.75,274.3950649555821
278.15,274.0225678368162
278.15,273.81196668929556
274.25,270.87755366290077
273.75,270.9080632884035
274.25,271.4263935090424
277.04999999999995,273.341963140906
276.45,273.36268571085725
275.34999999999997,272.29581290741476
275.34999999999997,272.29581290741476
275.95,272.63611163540537
278.15,274.16537294715835
282.04999999999995,276.87274478286287
285.34999999999997,278.7122448354305
287.04999999999995,279.9436537321634
287.04999999999995,279.9436537321634
288.15,280.68663684066183
287.54999999999995,280.33661169408896
287.04999999999995,280.171650581415
286.45,279.8030720535686
285.34999999999997,279.2291350310133
281.45,276.6211444464783
277.04999999999995,273.48024579280377
278.15,274.75579183184743
276.45,273.36268571085725
273.75,271.29089375212595
275.95,273.2613688121103
274.84999999999997,272.3818644576397
275.34999999999997,272.7061049914983
278.75,274.68871958276577
278.15,274.0225678368162
278.15,273.67396179616316
278.15,273.4036382491516
279.25,273.67361159822116
279.25,273.60433847859605
281.45,274.79431486099077
286.45,277.6842866754635
290.95,279.85276779048803
293.15,280.8116899895595
294.25,280.7466328907366
294.25,280.7466328907366
292.54999999999995,280.44403872375807
292.04999999999995,280.34660638049417
291.45,279.7699556329709
290.95,279.85276779048803
288.75,279.0982473065867
282.54999999999995,275.68722556473824
283.15,276.12839503536156
279.84999999999997,274.87852718770796
277.54999999999995,273.3011921415882
278.15,273.81196668929556
279.25,274.6742599974394
277.54999999999995,273.3011921415882
277.04999999999995,273.48024579280377
275.34999999999997,272.7061049914983
273.75,271.29089375212595
272.54999999999995,270.9016818929604
273.15,271.40689220407194
272.54999999999995,270.9016818929604
273.75,271.767619016192
279.25,276.0697746832712
282.04999999999995,277.6546807118949
281.45,277.04373670203347
282.04999999999995,277.21856920271074
282.04999999999995,277.21856920271074
283.15,277.7941892607376
283.75,278.2026745181314
282.04999999999995,277.0453680769396
279.25,275.3555359079469
277.04999999999995,273.90815034466607
276.45,273.36268571085725
273.75,271.767619016192
271.45,269.33472224140814
270.95,268.63410306461077
270.95,268.3106604629142
271.45,268.60805504703563
271.45,268.60805504703563
270.95,268.1604807817799
269.84999999999997,267.3143455202174
268.15,266.91496952604945
267.54999999999995,267.10012723722195
267.54999999999995,267.10012723722195
267.04999999999995,266.5340275159952
267.15,266.43685601700787
267.54999999999995,266.7676419059028
268.15,267.36006724343883
268.75,267.19414291035963
268.75,267.3737313721354
269.25,267.672868825331
269.25,267.4389032208222
269.25,267.4389032208222
269.25,267.06079458529683
269.25,267.91908774180956
268.75,267.88533742223194
268.15,267.63007514211426
268.15,267.36006724343883
267.15,266.43685601700787
267.54999999999995,267.10012723722195
267.04999999999995,265.96546229391254
267.04999999999995,266.5340275159952
267.04999999999995,266.5340275159952
267.04999999999995,266.27395324280326
267.04999999999995,265.96546229391254
266.45,265.68152576756506
266.45,266.27066688637285
266.45,265.68152576756506
265.95,264.67068398534377
265.95,265.4379764458482
265.95,265.76710456466486
266.45,266.27066688637285
267.54999999999995,266.5145929022499
269.25,267.91908774180956
269.84999999999997,268.24733836763403
271.45,269.15516581134557
271.45,269.33472224140814
271.45,269.15516581134557
266.45,265.68152576756506
265.34999999999997,264.59540559012976
265.95,264.46253119123844
264.84999999999997,262.95192673106135
268.75,266.15086660549343
265.95,264.1332423117676
263.75,262.1928881322572
262.54999999999995,261.2163166758235
262.04999999999995,260.7389260826497
258.75,257.68520283859823
258.75,257.68520283859823
259.25,258.0340644202185
257.54999999999995,256.5298148914133
257.04999999999995,256.0484002412262
257.04999999999995,256.0484002412262
257.54999999999995,256.5298148914133
262.04999999999995,260.7389260826497
264.84999999999997,263.2308058386868
265.95,263.9665128305776
269.25,266.9117157697665
270.95,267.6086421197725
271.45,267.536718851678
271.45,267.63250446851697
269.84999999999997,266.9253074694123
267.54999999999995,265.23110207318155
266.45,264.04013869405367
265.34999999999997,263.04358491323603
263.75,261.8447619656515
267.04999999999995,265.1614342011599
267.04999999999995,265.1614342011599
267.54999999999995,265.4874641553155
265.34999999999997,263.3048913489012
267.04999999999995,264.7408085551075
268.15,265.5430856567641
269.25,266.33162316366224
268.75,265.96570696706
268.75,265.86817629717393
268.75,265.86817629717393
270.95,267.6086421197725
271.45,267.9560133142539
272.54999999999995,268.91405074012016
274.25,270.38870251902847
274.84999999999997,270.8941442890171
277.54999999999995,272.53681713362835
278.75,273.02310262521706
278.75,273.02310262521706
279.84999999999997,273.55622682244115
279.84999999999997,273.77443016058106
275.95,271.99926015147526
272.54999999999995,270.43074163671577
271.45,269.8455586690785
270.34999999999997,268.9838148623768
269.25,268.1114661360542
270.34999999999997,268.7260617170487
268.75,267.3737313721354
268.15,266.8543557321183
268.15,267.03846649153763
269.25,267.672868825331
269.84999999999997,267.8344393240259
269.25,267.06079458529683
271.45,268.60805504703563
272.04999999999995,268.8923613075386
272.54999999999995,269.2315910099324
274.25,270.4918378183537
277.04999999999995,272.684150548444
280.95,275.54840991898413
284.25,277.54493204637055
285.95,278.52824740701607
287.04999999999995,279.59577575795714
287.54999999999995,279.85888044620583
288.15,280.3159400944877
285.34999999999997,279.4335597446397
280.34999999999997,276.65738268975764
278.75,275.2971132042034
277.04999999999995,274.12930135960585
277.54999999999995,274.2144679560515
279.25,274.38158739496555
278.15,273.81196668929556
278.15,273.81196668929556
277.04999999999995,273.13869700705726
276.45,272.81388224366583
278.15,273.67396179616316
278.15,273.5378592049419
278.15,273.4036382491516
278.75,273.75924111969886
279.25,273.95316387007836
279.25,273.95316387007836
279.25,273.95316387007836
282.04999999999995,275.84163621184894
284.84999999999997,277.4855077964492
286.45,278.90594493360055
285.34999999999997,278.5023448796434
286.45,279.1349504391657
285.34999999999997,278.5023448796434
285.34999999999997,278.3965365465588
283.15,277.4289170756266
277.54999999999995,274.2144679560515
275.34999999999997,272.91935206874246
275.95,272.83923073335
273.75,271.29089375212595
273.75,271.0964018659663
272.04999999999995,269.8973244820792
271.45,269.15516581134557
270.34999999999997,268.13371865333335
269.84999999999997,267.61608234834125
269.84999999999997,267.3143455202174
270.95,267.8007750301742
269.25,266.77089600758404
268.15,265.90428246843504
267.04999999999995,265.1614342011599
267.04999999999995,264.9810876161034
268.75,266.45379289153306
273.75,269.825990911351
275.95,271.0688985256099
277.54999999999995,272.23978749776927
278.75,273.4198075412782
280.34999999999997,274.52536391263277
279.84999999999997,274.06528202335863
280.95,274.9899401988446
280.95,275.22884545212736
279.25,274.0946554558682
274.25,270.70764000796635
274.25,270.87755366290077
274.25,270.70764000796635
273.75,270.2735121260149
274.45,270.8253481846812
275.15,271.92002638184044
275.84999999999997,272.41495303329026
276.65,272.66202140892386
277.34999999999997,272.559283316839
278.04999999999995,273.3213010034581
278.75,273.6223740213136
275.95,271.82077049267343
277.04999999999995,272.5594210439907
278.75,273.4198075412782
280.34999999999997,274.37346146958936
284.25,276.72834870535314
288.15,278.54538247843595
291.45,280.36213102836575
293.15,280.8116899895595
294.25,281.94464428141794
292.54999999999995,280.8670776021043
292.04999999999995,280.9420408761305
289.84999999999997,280.15759494183885
286.45,278.4350287522328
282.04999999999995,276.013815027258
279.25,274.52717771314815
279.25,274.52717771314815
277.54999999999995,273.3011921415882
276.45,272.4270902068859
277.04999999999995,272.684150548444
275.34999999999997,271.4283079817098
274.84999999999997,271.1141436852048
273.75,270.5506576312099
272.04999999999995,269.5339709755836
275.34999999999997,271.20526141663095
273.75,270.1167637361756
270.95,268.46863748011594
275.34999999999997,270.8928153217746
276.45,271.7205512215158
280.34999999999997,274.14558425435035
283.75,275.9525642093735
287.04999999999995,277.5281819765166
288.75,277.7549389013669
290.34999999999997,278.2819881345624
289.25,278.05005884882314
289.84999999999997,278.59922828720215
288.15,277.7471961118848
284.25,275.9588475966996
284.25,275.9588475966996
279.84999999999997,273.77443016058106
277.54999999999995,272.41658143075637
276.45,271.7205512215158
274.84999999999997,270.8941442890171
273.75,270.1167637361756
275.95,271.3218465516344
277.04999999999995,271.8587393804523
274.84999999999997,270.39878335467034
275.95,271.0688985256099
274.84999999999997,270.3095239549324
275.95,270.97257179220617
275.95,271.0688985256099
274.84999999999997,270.3095239549324
275.34999999999997,270.7947344170754
280.34999999999997,274.0694706436941
283.75,275.8456117091183
286.45,276.9991635121374
287.54999999999995,277.53992494071144
287.04999999999995,277.22797576598583
287.54999999999995,277.53992494071144
288.15,277.9142352987693
284.84999999999997,276.93868873594425
282.04999999999995,275.4074253242264
279.25,274.0946554558682
279.25,273.95316387007836
277.04999999999995,272.5594210439907
275.34999999999997,271.72303793608916
275.34999999999997,271.72303793608916
274.25,271.4263935090424
275.95,271.99926015147526
275.34999999999997,271.9080704967324
275.95,272.1215392427079
275.34999999999997,272.09904821508474
276.45,272.81388224366583
275.95,272.5037279355776
274.25,271.4263935090424
275.95,271.82077049267343
275.34999999999997,271.72303793608916
281.45,275.70721987349896
285.34999999999997,277.40704624538006
287.04999999999995,278.4908571031254
288.75,278.9432274083141
288.75,279.0982473065867
288.15,278.54538247843595
282.54999999999995,277.1146866299141
279.25,275.20133203076
276.45,273.57787010736376
272.54999999999995,270.6285872192476
272.04999999999995,269.65211528793355
270.34999999999997,268.540344571917
270.34999999999997,268.7260617170487
270.34999999999997,269.53228397415273
269.84999999999997,269.32396044179114
270.34999999999997,269.53228397415273
270.34999999999997,269.53228397415273
269.84999999999997,269.32396044179114
269.25,269.090604785438
269.25,269.090604785438
269.25,269.090604785438
269.25,269.090604785438
269.84999999999997,269.32396044179114
269.84999999999997,269.6948748400242
270.34999999999997,270.19843261007554
270.95,270.802701216309
270.95,270.1247042253535
273.15,271.69400861817536
274.25,272.314237168498
276.45,273.7980127924419
274.84999999999997,272.6660760148326
273.15,271.40689220407194
272.04999999999995,270.6292930717429
270.95,269.8394365241335
270.34999999999997,269.53228397415273
270.95,270.1247042253535
270.34999999999997,269.53228397415273
270.34999999999997,269.53228397415273
270.34999999999997,269.53228397415273
269.25,268.79774218646395
269.25,268.79774218646395
269.84999999999997,269.03859963096943
270.34999999999997,269.25270230408546
270.34999999999997,269.25270230408546
270.95,269.8394365241335
270.95,269.8394365241335
270.95,269.8394365241335
271.45,270.04853729223055
271.45,270.6183869818455
271.45,270.99464472458516
271.45,270.6183869818455
272.04999999999995,270.9151128795183
272.54999999999995,270.9016818929604
272.04999999999995,270.35371278483075
272.04999999999995,270.9151128795183
272.04999999999995,270.9151128795183
272.04999999999995,270.9151128795183
272.54999999999995,271.1132552191895
271.45,270.6183869818455
270.95,270.41999985042855
269.84999999999997,269.32396044179114
269.84999999999997,269.32396044179114
268.75,268.22791789505544
268.15,267.36006724343883
268.75,267.3737313721354
267.54999999999995,266.27359068250485
270.95,268.46863748011594
270.95,268.3106604629142
270.95,268.1604807817799
274.25,270.38870251902847
275.34999999999997,271.0981178489257
275.95,271.5921721041251
276.45,272.062450841636
277.54999999999995,273.1685536333476
278.75,274.1793645346234
283.15,276.5068530212344
277.04999999999995,274.12930135960585
275.95,273.48015018369483
274.84999999999997,272.6660760148326
274.84999999999997,272.8854199541028
273.15,271.69400861817536
273.75,272.2747607582507
273.75,272.2747607582507
272.54999999999995,271.70448659158075
272.54999999999995,271.1132552191895
271.45,270.32838080472084
270.95,269.56457312064947
270.95,269.56457312064947
269.84999999999997,268.4356334575254
269.25,268.1114661360542
269.25,268.1114661360542
269.25,268.1114661360542
268.75,267.62373957758854
268.75,267.62373957758854
268.75,267.62373957758854
268.75,267.3737313721354
268.75,267.3737313721354
269.84999999999997,268.00673657958356
270.34999999999997,268.30327938070127
270.34999999999997,268.13371865333335
270.34999999999997,268.13371865333335
270.95,268.3106604629142
270.34999999999997,268.13371865333335
270.34999999999997,267.91913846392197
269.84999999999997,268.24733836763403
269.25,267.672868825331
268.75,267.62373957758854
268.15,266.6196702210017
267.04999999999995,265.7896186235429
266.45,264.9919878083367
265.95,264.1332423117676
264.84999999999997,263.10504110552773
264.25,262.3985111328901
264.84999999999997,262.5002661901372
264.25,261.9867241082616
264.25,262.0242938618334
263.75,261.578071016911
263.75,261.578071016911
263.75,261.5420556730027
264.84999999999997,262.4618134210145
267.54999999999995,264.63823567100286
269.84999999999997,266.3609944033923
272.54999999999995,268.23850180680193
275.34999999999997,270.12117852458886
277.54999999999995,271.13249981157065
277.04999999999995,270.9816159341805
276.45,270.69293183836845
274.84999999999997,269.9865259023239
273.75,269.05282989216096
271.45,267.8865455043259
270.95,267.2654070008746
270.95,267.14375341043194
270.95,267.165237984189
268.15,265.1233101213006
267.54999999999995,264.66084701247354
266.45,263.8507317099308
265.34999999999997,263.1195714300202
264.25,262.2143004272486
264.25,262.30105564877545
264.25,262.1388208463933
263.75,261.73844579703473
262.54999999999995,260.83047995613026
263.75,261.6723217451569
265.95,263.3836793251313
268.15,265.10079420555974
271.45,267.59005853219287
274.84999999999997,269.879528488373
277.04999999999995,271.23002924584375
276.45,270.8713123592882
276.45,270.8713123592882
275.34999999999997,270.56308475375516
274.25,269.9661895519147
271.45,268.1486142052022
269.84999999999997,267.0459890316002
268.15,265.90428246843504
268.75,266.2747126966933
268.15,265.90428246843504
267.54999999999995,265.4874641553155
267.54999999999995,265.4874641553155
267.04999999999995,265.3568300413729
267.54999999999995,265.4874641553155
266.45,264.78898688249666
267.04999999999995,265.3568300413729
267.54999999999995,265.4874641553155
267.54999999999995,265.4874641553155
268.15,266.1896172394008
267.54999999999995,265.67775467095623
268.15,266.04275986608974
269.25,266.63870743769604
269.84999999999997,267.1758076957242
272.04999999999995,268.4559212300569
272.04999999999995,268.57659687671196
275.34999999999997,270.6997419168212
280.34999999999997,273.6856353607059
281.45,274.1904981947519
280.34999999999997,273.20973258485145
277.54999999999995,271.6760837036629
277.04999999999995,271.4332861460948
274.84999999999997,269.9865259023239
274.84999999999997,269.95000784230297
272.04999999999995,268.1812738346474
270.34999999999997,266.98063873234776
268.75,265.96570696706
267.54999999999995,265.01263899174853
267.04999999999995,264.5400554217894
266.45,264.10030289012246
267.04999999999995,264.4826460261885
265.34999999999997,263.2068694722361
265.34999999999997,263.2068694722361
266.45,263.80269424601795
266.45,263.8899995056723
268.15,265.2982710768776
272.54999999999995,268.4846410176185
276.45,271.1523372420669
280.34999999999997,273.4506018860832
281.45,274.0106699109142
281.45,274.0106699109142
282.04999999999995,274.4032660811433
281.45,274.1011071386632
279.84999999999997,273.262922443552
275.34999999999997,271.20526141663095
274.25,270.4918378183537
273.15,269.60334228905475
271.45,268.50875710028345
270.95,267.92843537903616
270.34999999999997,267.4026503350629
269.84999999999997,267.0459890316002
269.25,267.06079458529683
268.75,266.9657072276302
269.25,266.9117157697665
269.25,266.9117157697665
269.25,267.06079458529683
269.25,267.06079458529683
267.54999999999995,266.04519575538075
267.04999999999995,265.5127626425274
268.15,266.3978701582254
272.04999999999995,268.8923613075386
275.34999999999997,271.0981178489257
277.04999999999995,272.3168482489027
279.25,273.8128580682412
279.84999999999997,274.2845092267432
279.84999999999997,274.2845092267432
279.84999999999997,274.21127641420134
277.04999999999995,272.5594210439907
274.84999999999997,271.2868972684285
272.54999999999995,269.99351159430324
272.04999999999995,269.65211528793355
270.95,268.8658854605832
269.84999999999997,268.00673657958356
271.45,269.33472224140814
271.45,269.33472224140814
269.84999999999997,268.4356334575254
268.75,267.3737313721354
268.75,267.19414291035963
268.15,266.6196702210017
267.54999999999995,266.04519575538075
266.45,265.20885069999093
266.45,264.9919878083367
267.54999999999995,266.04519575538075
268.15,266.3978701582254
271.45,268.60805504703563
275.34999999999997,271.0981178489257
279.25,273.39764358292445
279.25,273.12358061037105
279.84999999999997,273.11424198653344
279.84999999999997,272.9635208585533
278.75,272.30889478167865
277.54999999999995,271.5665790210349
274.25,269.5171098542033
273.15,268.7729903562374
272.54999999999995,268.40254011319996
270.34999999999997,266.87807853035963
269.84999999999997,266.4765489291141
269.25,265.93820616154795
269.25,265.9193920846228
269.25,265.9193920846228
270.34999999999997,266.7194224610143
269.84999999999997,266.3609944033923
268.15,265.0847895343787
267.54999999999995,264.6128087550173
266.45,263.76023812500245
265.34999999999997,262.9014087770793
267.04999999999995,264.2339922675977
266.45,263.7782708620437
269.25,266.0525916121384
273.15,268.9172142436562
274.84999999999997,269.879528488373
276.45,271.0095888317226
278.15,271.91048714332965
278.75,272.43918557563836
279.25,272.84901785707626
278.75,272.50406989875074
277.04999999999995,271.536995426083
275.95,270.7880446709458
274.84999999999997,270.1012237305548
274.25,269.72463733407767
273.75,269.30969939667335
272.54999999999995,268.4846410176185
269.25,266.0318739398602
268.75,265.64326742856014
268.15,265.1520649268082
268.15,265.1520649268082
268.75,265.6083662788225
269.25,265.9500196066001
268.15,265.1233101213006
266.45,263.8507317099308
266.45,263.8899995056723
268.15,265.1520649268082
273.15,268.85613306399557
277.04999999999995,271.536995426083
281.45,274.2789350941824
283.75,275.62716063398534
284.84999999999997,276.47675543562394
283.15,275.73912925827307
282.54999999999995,275.59536168156967
282.54999999999995,275.68722556473824
280.95,274.7508800421265
280.95,274.7508800421265
282.04999999999995,275.23125655819314
282.04999999999995,275.23125655819314
281.45,275.04549287555545
280.34999999999997,274.37346146958936
278.75,273.5544985643025
276.45,271.9459394194406
274.84999999999997,270.7887101629091
272.04999999999995,268.7513758772304
272.54999999999995,269.00007530144416
272.54999999999995,269.00007530144416
272.54999999999995,268.91405074012016
271.45,268.1486142052022
273.75,269.73611148519853
273.75,269.825990911351
278.15,272.6970304228913
282.54999999999995,275.59536168156967
283.75,276.05816280518803
285.34999999999997,277.17440105949555
285.95,277.46934538534
285.34999999999997,277.6341548873232
283.75,276.7680450649096
282.04999999999995,275.84163621184894
279.25,274.0946554558682
275.34999999999997,271.3153406894979
274.25,270.70764000796635
272.54999999999995,269.64761944902517
272.04999999999995,269.3069640916206
272.54999999999995,269.3305039936152
271.45,268.60805504703563
271.45,268.60805504703563
271.45,268.60805504703563
269.25,267.21779186166043
272.04999999999995,268.8923613075386
272.54999999999995,269.2315910099324
272.04999999999995,268.7513758772304
270.95,267.92843537903616
269.84999999999997,267.1758076957242
274.25,270.0540042826856
278.15,272.6970304228913
282.54999999999995,275.22088831712324
285.95,276.68199971290835
289.25,278.2381445716833
290.34999999999997,278.49313017179526
290.34999999999997,278.2819881345624
290.95,278.62117100021374
289.25,277.8572783660056
283.75,275.40179082144124
280.34999999999997,273.4506018860832
279.84999999999997,273.18880389082386
275.95,270.97257179220617
275.95,270.97257179220617
277.54999999999995,272.0101523041567
275.95,270.97257179220617
274.84999999999997,270.2236437263849
274.25,269.9236297443875
274.84999999999997,270.3095239549324
277.04999999999995,271.69573050621585
270.95,267.8007750301742
279.25,273.67361159822116
278.15,272.27007142294394
278.15,271.91048714332965
277.54999999999995,271.7863389469823
278.75,272.8278420985929
279.84999999999997,273.55622682244115
281.45,274.70984304295627
281.45,274.70984304295627
282.04999999999995,275.1424123067808
281.45,274.70984304295627
280.95,274.6709992883417
279.25,272.3575169417144
277.54999999999995,271.51202051169685
275.34999999999997,270.1948057987931
275.95,270.48946966225924
274.84999999999997,269.78013761113033
275.95,270.48946966225924
275.95,270.44911570195404
275.34999999999997,270.0854320935795
274.25,269.3981304330273
272.54999999999995,268.2717357958199
270.34999999999997,266.72846976905305
268.15,265.1233101213006
268.75,265.5338133222432
268.75,265.53496747387607
269.25,265.9193920846228
269.84999999999997,266.3609944033923
270.34999999999997,266.75131262058716
275.34999999999997,270.2713432668932
279.84999999999997,273.262922443552
283.15,275.33374543610887
285.34999999999997,276.5618742742859
285.95,277.08643770320634
285.34999999999997,276.8128953329678
285.34999999999997,276.9352504099728
283.75,276.05816280518803
278.75,273.1542579354307
276.45,271.7205512215158
275.95,271.481967270332
274.25,270.240162501552
274.25,270.240162501552
272.54999999999995,269.00007530144416
270.95,268.01843463626983
273.75,269.73611148519853
272.04999999999995,268.4559212300569
271.45,268.029878696239
271.45,268.029878696239
270.95,267.53941614165814
270.95,267.4747744642645
270.95,267.41487878513817
270.34999999999997,267.20729082407485
273.75,269.5674476381103
277.04999999999995,271.8587393804523
281.45,274.6248970359963
285.34999999999997,276.688489053742
288.15,277.40075984971065
289.25,277.8572783660056
288.75,277.56821092606117
288.75,277.56821092606117
287.54999999999995,277.0465399323654
282.54999999999995,274.6282910925099
279.25,272.986544549905
277.54999999999995,272.0101523041567
277.04999999999995,271.536995426083
276.45,271.30005033187877
275.34999999999997,270.51909078470175
275.34999999999997,270.56308475375516
275.95,270.92543442598316
275.34999999999997,270.51909078470175
274.84999999999997,270.18198088270435
275.34999999999997,270.51909078470175
275.34999999999997,270.3508659171302
274.25,269.61654503808745
272.04999999999995,268.3097063321722
272.04999999999995,268.2431963256548
273.15,269.08894490745706
277.54999999999995,272.06695887918795
280.34999999999997,273.6856353607059
283.15,275.22910802585864
284.25,275.6034611433783
285.34999999999997,276.30137239164196
285.34999999999997,276.43288931970585
285.34999999999997,276.5618742742859
284.84999999999997,276.2348767613502
281.45,274.53940881255755
275.95,271.2185782838648
274.84999999999997,270.39878335467034
272.54999999999995,268.7539029487577
272.04999999999995,268.57659687671196
271.45,267.9560133142539
272.54999999999995,268.7539029487577
272.04999999999995,268.3097063321722
271.45,267.8865455043259
269.25,266.40189154106133
272.04999999999995,268.3806607039608
270.95,267.4747744642645
269.25,266.2348749123857
268.15,265.90428246843504
269.25,266.63870743769604
269.84999999999997,267.1758076957242
272.54999999999995,269.2315910099324
275.34999999999997,270.8928153217746
277.04999999999995,272.02640674310095
278.75,273.1542579354307
280.34999999999997,273.9932081108936
280.95,274.18651535007166
280.95,274.18651535007166
279.25,273.3290294284873
277.54999999999995,272.23978749776927
274.84999999999997,270.6364340963147
273.75,270.0164034163133
274.25,270.14535304279207
273.75,270.0164034163133
274.25,270.4918378183537
274.84999999999997,270.7887101629091
279.84999999999997,273.84707753408895
279.84999999999997,274.06528202335863
279.84999999999997,274.2845092267432
277.04999999999995,272.3168482489027
272.04999999999995,268.7513758772304
272.04999999999995,268.8923613075386
270.95,268.3106604629142
270.95,268.3106604629142
272.04999999999995,269.0414325288816
276.45,271.9459394194406
280.34999999999997,274.2975402022064
284.25,276.72834870535314
285.95,278.07100032073754
288.15,279.1275198539979
288.15,279.4040759589192
287.54999999999995,278.97616533464867
286.45,278.4350287522328
283.75,276.96397708196406
279.84999999999997,274.2845092267432
278.75,273.6223740213136
274.84999999999997,271.2868972684285
273.75,270.3820332230261
274.25,270.87755366290077
274.25,271.05412472142035
274.84999999999997,271.40564844939814
273.15,270.1868500341362
272.54999999999995,269.99351159430324
272.04999999999995,269.65211528793355
270.95,268.63410306461077
272.04999999999995,269.5339709755836
274.84999999999997,271.2868972684285
275.34999999999997,271.60306642437104
276.45,272.30304697276887
278.75,273.75924111969886
280.95,275.1491775534693
284.25,277.04022742370927
287.54999999999995,278.572298449863
288.15,278.54538247843595
288.15,278.841761568097
286.45,278.1916290930151
287.04999999999995,278.74651957756424
284.25,277.24402676939104
282.54999999999995,276.3178934742595
281.45,275.70721987349896
280.34999999999997,274.9067713617455
279.25,274.2374355941007
278.75,273.75924111969886
276.45,272.1814928678719
275.95,271.82077049267343
274.25,270.70764000796635
274.25,270.70764000796635
274.25,270.87755366290077
274.84999999999997,271.2868972684285
274.84999999999997,271.2868972684285
275.34999999999997,271.4283079817098
274.84999999999997,271.1141436852048
275.34999999999997,271.3153406894979
276.45,272.1814928678719
280.34999999999997,274.60140578234854
283.15,276.5068530212344
285.34999999999997,277.7458999148066
286.45,278.31407889867893
286.45,278.31407889867893
287.04999999999995,278.4908571031254
286.45,278.1916290930151
281.45,275.3770789943397
280.95,275.1491775534693
278.15,273.4036382491516
277.54999999999995,272.84618978112013
275.34999999999997,271.3153406894979
274.84999999999997,271.00264217260263
273.75,270.2735121260149
274.84999999999997,271.00264217260263
274.25,270.4918378183537
273.15,269.60334228905475
273.75,270.1167637361756
273.75,269.825990911351
272.54999999999995,269.00007530144416
269.84999999999997,267.1758076957242
268.75,266.45379289153306
270.95,268.01843463626983
274.25,270.4918378183537
278.15,273.14070945791303
281.45,275.04549287555545
283.75,276.26574250547196
285.34999999999997,276.9352504099728
285.34999999999997,277.0557048143111
284.84999999999997,276.93868873594425
283.15,276.03227301396316
280.34999999999997,274.7538035838785
278.15,273.27126888083296
275.95,271.82077049267343
274.84999999999997,271.1141436852048
273.75,270.3820332230261
270.95,268.46863748011594
270.34999999999997,268.13371865333335
269.84999999999997,267.8344393240259
269.25,267.21779186166043
268.75,266.9657072276302
269.25,267.21779186166043
268.75,266.9657072276302
267.04999999999995,265.96546229391254
268.15,266.6196702210017
267.54999999999995,266.04519575538075
269.84999999999997,267.4612203362095
274.25,270.4918378183537
278.15,273.14070945791303
280.34999999999997,274.2975402022064
283.15,275.93540870941143
283.75,276.26574250547196
283.75,276.7680450649096
283.75,276.86629943289955
282.04999999999995,276.1855800557083
278.75,273.8976577240381
274.84999999999997,271.2868972684285
273.15,270.3032570083182
274.25,271.05412472142035
272.54999999999995,269.8171022116972
272.04999999999995,269.5339709755836
271.45,269.15516581134557
270.95,268.8658854605832
269.84999999999997,268.24733836763403
270.34999999999997,268.540344571917
269.25,267.672868825331
268.15,266.6196702210017
268.15,267.03846649153763
268.15,267.03846649153763
269.25,267.672868825331
269.25,267.672868825331
274.25,271.2371386485755
276.45,272.30304697276887
277.54999999999995,272.783288747129
279.84999999999997,274.06528202335863
278.75,274.3950649555821
277.54999999999995,273.5041112408074
278.15,273.67396179616316
277.54999999999995,273.3011921415882
276.45,272.4270902068859
276.45,272.81388224366583
277.04999999999995,273.00598833793066
276.45,272.6177642577725
275.95,272.3097916734391
273.75,271.5594691762409
273.75,272.0538108127867
273.15,271.99078541731245
273.15,272.2969031723906
272.54999999999995,272.0930916135012
272.04999999999995,271.51603623123526
270.95,269.8394365241335
269.25,268.1114661360542
268.75,267.3737313721354
268.75,267.88533742223194
268.75,268.22791789505544
268.75,268.22791789505544
269.25,268.79774218646395
269.84999999999997,269.03859963096943
269.25,268.4461774397845
269.25,268.4461774397845
269.84999999999997,268.76375620067176
269.25,268.4461774397845
269.25,268.4461774397845
269.25,268.4461774397845
269.25,268.1114661360542
268.75,267.88533742223194
268.75,267.62373957758854
268.15,267.36006724343883
267.54999999999995,266.27359068250485
267.04999999999995,265.96546229391254
266.45,265.4388992733316
265.95,264.8924533525432
265.34999999999997,264.36320097120097
264.25,263.2341570042438
264.25,263.2341570042438
263.75,262.74642042129204
263.75,262.74642042129204
263.75,262.74642042129204
263.15,262.16113505181187
264.25,263.02953004894584
264.84999999999997,263.2308058386868
263.75,262.1928881322572
264.84999999999997,262.95192673106135
264.84999999999997,262.848604132491
264.84999999999997,262.95192673106135
263.75,262.1928881322572
263.15,261.62674744816076
262.54999999999995,261.2163166758235
260.34999999999997,259.4297809954455
259.25,258.3567383532565
259.84999999999997,258.94203512148965
258.15,257.24629254098255
257.04999999999995,256.175955401745
254.84999999999997,254.03525856486198
254.84999999999997,254.03525856486198
